ISO-10303-21;
HEADER;
/* Generated by software containing ST-Developer
 * from STEP Tools, Inc. (www.steptools.com) 
 */
/* OPTION: using custom renumber hook */

FILE_DESCRIPTION(
/* description */ ('STEP AP242',
'CAx-IF Rec.Pracs.---Representation and Presentation of Product Manufa
cturing Information (PMI)---4.0---2014-10-13',
'CAx-IF Rec.Pracs.---3D Tessellated Geometry---0.4---2014-09-14','2;1'),

/* implementation_level */ '2;1');

FILE_NAME(
/* name */ '68b50558e37764f5e925e817',
/* time_stamp */ '2025-09-01T02:30:49Z',
/* author */ (''),
/* organization */ (''),
/* preprocessor_version */ 'ST-DEVELOPER v20',
/* originating_system */ 'ONSHAPE BY PTC INC, 1.203',
/* authorisation */ '  ');

FILE_SCHEMA (('AP242_MANAGED_MODEL_BASED_3D_ENGINEERING_MIM_LF { 1 0 10303 442 1 1 4 }'));
ENDSEC;

DATA;
#10=CONTEXT_DEPENDENT_SHAPE_REPRESENTATION(#14,#2482);
#11=CONTEXT_DEPENDENT_SHAPE_REPRESENTATION(#15,#2484);
#12=NEXT_ASSEMBLY_USAGE_OCCURRENCE('NAUO1','2WD_Top_Belt',
'2WD_Top_Belt',#2485,#2486,'');
#13=NEXT_ASSEMBLY_USAGE_OCCURRENCE('NAUO2','2WD_Bottom_Belt',
'2WD_Bottom_Belt',#2485,#2487,'');
#14=(
REPRESENTATION_RELATIONSHIP(' ',' ',#1560,#1559)
REPRESENTATION_RELATIONSHIP_WITH_TRANSFORMATION(#16)
SHAPE_REPRESENTATION_RELATIONSHIP()
);
#15=(
REPRESENTATION_RELATIONSHIP(' ',' ',#1561,#1559)
REPRESENTATION_RELATIONSHIP_WITH_TRANSFORMATION(#17)
SHAPE_REPRESENTATION_RELATIONSHIP()
);
#16=ITEM_DEFINED_TRANSFORMATION(' ',' ',#1562,#1625);
#17=ITEM_DEFINED_TRANSFORMATION(' ',' ',#1562,#1688);
#18=SHAPE_REPRESENTATION_RELATIONSHIP('','',#1560,#20);
#19=SHAPE_REPRESENTATION_RELATIONSHIP('','',#1561,#21);
#20=ADVANCED_BREP_SHAPE_REPRESENTATION('',(#1554),#2472);
#21=ADVANCED_BREP_SHAPE_REPRESENTATION('',(#1555),#2473);
#22=PLANE('',#1569);
#23=PLANE('',#1573);
#24=PLANE('',#1577);
#25=PLANE('',#1578);
#26=PLANE('',#1579);
#27=PLANE('',#1583);
#28=PLANE('',#1587);
#29=PLANE('',#1591);
#30=PLANE('',#1592);
#31=PLANE('',#1593);
#32=PLANE('',#1603);
#33=PLANE('',#1604);
#34=PLANE('',#1605);
#35=PLANE('',#1606);
#36=PLANE('',#1607);
#37=PLANE('',#1612);
#38=PLANE('',#1618);
#39=PLANE('',#1620);
#40=PLANE('',#1621);
#41=PLANE('',#1623);
#42=PLANE('',#1632);
#43=PLANE('',#1636);
#44=PLANE('',#1640);
#45=PLANE('',#1641);
#46=PLANE('',#1642);
#47=PLANE('',#1646);
#48=PLANE('',#1650);
#49=PLANE('',#1654);
#50=PLANE('',#1655);
#51=PLANE('',#1656);
#52=PLANE('',#1666);
#53=PLANE('',#1667);
#54=PLANE('',#1668);
#55=PLANE('',#1669);
#56=PLANE('',#1670);
#57=PLANE('',#1675);
#58=PLANE('',#1681);
#59=PLANE('',#1683);
#60=PLANE('',#1684);
#61=PLANE('',#1686);
#62=OVER_RIDING_STYLED_ITEM('',(#1361),#1289,#1358);
#63=OVER_RIDING_STYLED_ITEM('',(#1362),#1290,#1358);
#64=OVER_RIDING_STYLED_ITEM('',(#1363),#1291,#1358);
#65=OVER_RIDING_STYLED_ITEM('',(#1364),#1292,#1358);
#66=OVER_RIDING_STYLED_ITEM('',(#1365),#1293,#1358);
#67=OVER_RIDING_STYLED_ITEM('',(#1366),#1294,#1358);
#68=OVER_RIDING_STYLED_ITEM('',(#1367),#1304,#1358);
#69=OVER_RIDING_STYLED_ITEM('',(#1368),#1305,#1358);
#70=OVER_RIDING_STYLED_ITEM('',(#1369),#1306,#1358);
#71=OVER_RIDING_STYLED_ITEM('',(#1370),#1309,#1358);
#72=OVER_RIDING_STYLED_ITEM('',(#1371),#1310,#1358);
#73=OVER_RIDING_STYLED_ITEM('',(#1372),#1318,#1358);
#74=OVER_RIDING_STYLED_ITEM('',(#1373),#1319,#1358);
#75=OVER_RIDING_STYLED_ITEM('',(#1374),#1320,#1358);
#76=OVER_RIDING_STYLED_ITEM('',(#1375),#1321,#1358);
#77=OVER_RIDING_STYLED_ITEM('',(#1377),#1323,#1359);
#78=OVER_RIDING_STYLED_ITEM('',(#1378),#1324,#1359);
#79=OVER_RIDING_STYLED_ITEM('',(#1379),#1325,#1359);
#80=OVER_RIDING_STYLED_ITEM('',(#1380),#1326,#1359);
#81=OVER_RIDING_STYLED_ITEM('',(#1381),#1327,#1359);
#82=OVER_RIDING_STYLED_ITEM('',(#1382),#1328,#1359);
#83=OVER_RIDING_STYLED_ITEM('',(#1383),#1338,#1359);
#84=OVER_RIDING_STYLED_ITEM('',(#1384),#1339,#1359);
#85=OVER_RIDING_STYLED_ITEM('',(#1385),#1340,#1359);
#86=OVER_RIDING_STYLED_ITEM('',(#1386),#1343,#1359);
#87=OVER_RIDING_STYLED_ITEM('',(#1387),#1344,#1359);
#88=OVER_RIDING_STYLED_ITEM('',(#1388),#1352,#1359);
#89=OVER_RIDING_STYLED_ITEM('',(#1389),#1353,#1359);
#90=OVER_RIDING_STYLED_ITEM('',(#1390),#1354,#1359);
#91=OVER_RIDING_STYLED_ITEM('',(#1391),#1355,#1359);
#92=LINE('',#2084,#228);
#93=LINE('',#2088,#229);
#94=LINE('',#2093,#230);
#95=LINE('',#2097,#231);
#96=LINE('',#2099,#232);
#97=LINE('',#2101,#233);
#98=LINE('',#2103,#234);
#99=LINE('',#2107,#235);
#100=LINE('',#2111,#236);
#101=LINE('',#2113,#237);
#102=LINE('',#2115,#238);
#103=LINE('',#2121,#239);
#104=LINE('',#2123,#240);
#105=LINE('',#2125,#241);
#106=LINE('',#2127,#242);
#107=LINE('',#2129,#243);
#108=LINE('',#2131,#244);
#109=LINE('',#2133,#245);
#110=LINE('',#2135,#246);
#111=LINE('',#2137,#247);
#112=LINE('',#2139,#248);
#113=LINE('',#2145,#249);
#114=LINE('',#2147,#250);
#115=LINE('',#2149,#251);
#116=LINE('',#2151,#252);
#117=LINE('',#2155,#253);
#118=LINE('',#2159,#254);
#119=LINE('',#2160,#255);
#120=LINE('',#2165,#256);
#121=LINE('',#2169,#257);
#122=LINE('',#2171,#258);
#123=LINE('',#2173,#259);
#124=LINE('',#2175,#260);
#125=LINE('',#2177,#261);
#126=LINE('',#2179,#262);
#127=LINE('',#2181,#263);
#128=LINE('',#2183,#264);
#129=LINE('',#2185,#265);
#130=LINE('',#2187,#266);
#131=LINE('',#2193,#267);
#132=LINE('',#2198,#268);
#133=LINE('',#2202,#269);
#134=LINE('',#2207,#270);
#135=LINE('',#2211,#271);
#136=LINE('',#2213,#272);
#137=LINE('',#2214,#273);
#138=LINE('',#2216,#274);
#139=LINE('',#2217,#275);
#140=LINE('',#2219,#276);
#141=LINE('',#2221,#277);
#142=LINE('',#2223,#278);
#143=LINE('',#2225,#279);
#144=LINE('',#2227,#280);
#145=LINE('',#2229,#281);
#146=LINE('',#2233,#282);
#147=LINE('',#2237,#283);
#148=LINE('',#2238,#284);
#149=LINE('',#2242,#285);
#150=LINE('',#2248,#286);
#151=LINE('',#2252,#287);
#152=LINE('',#2253,#288);
#153=LINE('',#2257,#289);
#154=LINE('',#2261,#290);
#155=LINE('',#2263,#291);
#156=LINE('',#2265,#292);
#157=LINE('',#2268,#293);
#158=LINE('',#2270,#294);
#159=LINE('',#2272,#295);
#160=LINE('',#2279,#296);
#161=LINE('',#2283,#297);
#162=LINE('',#2288,#298);
#163=LINE('',#2292,#299);
#164=LINE('',#2294,#300);
#165=LINE('',#2296,#301);
#166=LINE('',#2298,#302);
#167=LINE('',#2304,#303);
#168=LINE('',#2306,#304);
#169=LINE('',#2308,#305);
#170=LINE('',#2310,#306);
#171=LINE('',#2314,#307);
#172=LINE('',#2318,#308);
#173=LINE('',#2320,#309);
#174=LINE('',#2322,#310);
#175=LINE('',#2324,#311);
#176=LINE('',#2326,#312);
#177=LINE('',#2328,#313);
#178=LINE('',#2330,#314);
#179=LINE('',#2332,#315);
#180=LINE('',#2334,#316);
#181=LINE('',#2338,#317);
#182=LINE('',#2342,#318);
#183=LINE('',#2344,#319);
#184=LINE('',#2346,#320);
#185=LINE('',#2352,#321);
#186=LINE('',#2354,#322);
#187=LINE('',#2355,#323);
#188=LINE('',#2360,#324);
#189=LINE('',#2364,#325);
#190=LINE('',#2366,#326);
#191=LINE('',#2368,#327);
#192=LINE('',#2370,#328);
#193=LINE('',#2372,#329);
#194=LINE('',#2374,#330);
#195=LINE('',#2376,#331);
#196=LINE('',#2378,#332);
#197=LINE('',#2380,#333);
#198=LINE('',#2382,#334);
#199=LINE('',#2386,#335);
#200=LINE('',#2393,#336);
#201=LINE('',#2397,#337);
#202=LINE('',#2402,#338);
#203=LINE('',#2406,#339);
#204=LINE('',#2408,#340);
#205=LINE('',#2409,#341);
#206=LINE('',#2411,#342);
#207=LINE('',#2412,#343);
#208=LINE('',#2414,#344);
#209=LINE('',#2416,#345);
#210=LINE('',#2418,#346);
#211=LINE('',#2420,#347);
#212=LINE('',#2422,#348);
#213=LINE('',#2424,#349);
#214=LINE('',#2428,#350);
#215=LINE('',#2432,#351);
#216=LINE('',#2433,#352);
#217=LINE('',#2437,#353);
#218=LINE('',#2443,#354);
#219=LINE('',#2447,#355);
#220=LINE('',#2448,#356);
#221=LINE('',#2452,#357);
#222=LINE('',#2456,#358);
#223=LINE('',#2458,#359);
#224=LINE('',#2460,#360);
#225=LINE('',#2463,#361);
#226=LINE('',#2465,#362);
#227=LINE('',#2467,#363);
#228=VECTOR('',#1695,1.);
#229=VECTOR('',#1698,1.);
#230=VECTOR('',#1703,1.);
#231=VECTOR('',#1706,1.);
#232=VECTOR('',#1709,1.);
#233=VECTOR('',#1710,1.);
#234=VECTOR('',#1711,1.);
#235=VECTOR('',#1716,1.);
#236=VECTOR('',#1721,1.);
#237=VECTOR('',#1722,1.);
#238=VECTOR('',#1723,1.);
#239=VECTOR('',#1730,1.);
#240=VECTOR('',#1733,1.);
#241=VECTOR('',#1734,1.);
#242=VECTOR('',#1735,1.);
#243=VECTOR('',#1738,1.);
#244=VECTOR('',#1739,1.);
#245=VECTOR('',#1740,1.);
#246=VECTOR('',#1743,1.);
#247=VECTOR('',#1744,1.);
#248=VECTOR('',#1745,1.);
#249=VECTOR('',#1752,1.);
#250=VECTOR('',#1755,1.);
#251=VECTOR('',#1756,1.);
#252=VECTOR('',#1757,1.);
#253=VECTOR('',#1762,1.);
#254=VECTOR('',#1767,1.);
#255=VECTOR('',#1768,1.);
#256=VECTOR('',#1773,1.);
#257=VECTOR('',#1776,1.);
#258=VECTOR('',#1779,1.);
#259=VECTOR('',#1780,1.);
#260=VECTOR('',#1781,1.);
#261=VECTOR('',#1784,1.);
#262=VECTOR('',#1785,1.);
#263=VECTOR('',#1786,1.);
#264=VECTOR('',#1789,1.);
#265=VECTOR('',#1790,1.);
#266=VECTOR('',#1791,1.);
#267=VECTOR('',#1798,1.);
#268=VECTOR('',#1803,1.);
#269=VECTOR('',#1806,1.);
#270=VECTOR('',#1811,1.);
#271=VECTOR('',#1814,1.);
#272=VECTOR('',#1817,1.);
#273=VECTOR('',#1818,1.);
#274=VECTOR('',#1821,1.);
#275=VECTOR('',#1822,1.);
#276=VECTOR('',#1825,1.);
#277=VECTOR('',#1826,1.);
#278=VECTOR('',#1827,1.);
#279=VECTOR('',#1830,1.);
#280=VECTOR('',#1831,1.);
#281=VECTOR('',#1832,1.);
#282=VECTOR('',#1837,1.);
#283=VECTOR('',#1840,1.);
#284=VECTOR('',#1841,1.);
#285=VECTOR('',#1844,1.);
#286=VECTOR('',#1851,1.);
#287=VECTOR('',#1854,1.);
#288=VECTOR('',#1855,1.);
#289=VECTOR('',#1858,1.);
#290=VECTOR('',#1863,1.);
#291=VECTOR('',#1866,1.);
#292=VECTOR('',#1869,1.);
#293=VECTOR('',#1874,1.);
#294=VECTOR('',#1877,1.);
#295=VECTOR('',#1880,1.);
#296=VECTOR('',#1889,1.);
#297=VECTOR('',#1892,1.);
#298=VECTOR('',#1897,1.);
#299=VECTOR('',#1900,1.);
#300=VECTOR('',#1903,1.);
#301=VECTOR('',#1904,1.);
#302=VECTOR('',#1905,1.);
#303=VECTOR('',#1912,1.);
#304=VECTOR('',#1915,1.);
#305=VECTOR('',#1916,1.);
#306=VECTOR('',#1917,1.);
#307=VECTOR('',#1922,1.);
#308=VECTOR('',#1927,1.);
#309=VECTOR('',#1928,1.);
#310=VECTOR('',#1929,1.);
#311=VECTOR('',#1932,1.);
#312=VECTOR('',#1933,1.);
#313=VECTOR('',#1934,1.);
#314=VECTOR('',#1937,1.);
#315=VECTOR('',#1938,1.);
#316=VECTOR('',#1939,1.);
#317=VECTOR('',#1944,1.);
#318=VECTOR('',#1949,1.);
#319=VECTOR('',#1950,1.);
#320=VECTOR('',#1951,1.);
#321=VECTOR('',#1958,1.);
#322=VECTOR('',#1961,1.);
#323=VECTOR('',#1962,1.);
#324=VECTOR('',#1967,1.);
#325=VECTOR('',#1970,1.);
#326=VECTOR('',#1973,1.);
#327=VECTOR('',#1974,1.);
#328=VECTOR('',#1975,1.);
#329=VECTOR('',#1978,1.);
#330=VECTOR('',#1979,1.);
#331=VECTOR('',#1980,1.);
#332=VECTOR('',#1983,1.);
#333=VECTOR('',#1984,1.);
#334=VECTOR('',#1985,1.);
#335=VECTOR('',#1990,1.);
#336=VECTOR('',#1997,1.);
#337=VECTOR('',#2000,1.);
#338=VECTOR('',#2005,1.);
#339=VECTOR('',#2008,1.);
#340=VECTOR('',#2011,1.);
#341=VECTOR('',#2012,1.);
#342=VECTOR('',#2015,1.);
#343=VECTOR('',#2016,1.);
#344=VECTOR('',#2019,1.);
#345=VECTOR('',#2020,1.);
#346=VECTOR('',#2021,1.);
#347=VECTOR('',#2024,1.);
#348=VECTOR('',#2025,1.);
#349=VECTOR('',#2026,1.);
#350=VECTOR('',#2031,1.);
#351=VECTOR('',#2034,1.);
#352=VECTOR('',#2035,1.);
#353=VECTOR('',#2038,1.);
#354=VECTOR('',#2045,1.);
#355=VECTOR('',#2048,1.);
#356=VECTOR('',#2049,1.);
#357=VECTOR('',#2052,1.);
#358=VECTOR('',#2057,1.);
#359=VECTOR('',#2060,1.);
#360=VECTOR('',#2063,1.);
#361=VECTOR('',#2068,1.);
#362=VECTOR('',#2071,1.);
#363=VECTOR('',#2074,1.);
#364=ORIENTED_EDGE('',*,*,#748,.T.);
#365=ORIENTED_EDGE('',*,*,#749,.F.);
#366=ORIENTED_EDGE('',*,*,#750,.F.);
#367=ORIENTED_EDGE('',*,*,#751,.T.);
#368=ORIENTED_EDGE('',*,*,#752,.F.);
#369=ORIENTED_EDGE('',*,*,#753,.F.);
#370=ORIENTED_EDGE('',*,*,#754,.T.);
#371=ORIENTED_EDGE('',*,*,#755,.T.);
#372=ORIENTED_EDGE('',*,*,#756,.T.);
#373=ORIENTED_EDGE('',*,*,#757,.F.);
#374=ORIENTED_EDGE('',*,*,#758,.F.);
#375=ORIENTED_EDGE('',*,*,#753,.T.);
#376=ORIENTED_EDGE('',*,*,#759,.T.);
#377=ORIENTED_EDGE('',*,*,#760,.F.);
#378=ORIENTED_EDGE('',*,*,#761,.F.);
#379=ORIENTED_EDGE('',*,*,#757,.T.);
#380=ORIENTED_EDGE('',*,*,#762,.F.);
#381=ORIENTED_EDGE('',*,*,#760,.T.);
#382=ORIENTED_EDGE('',*,*,#763,.T.);
#383=ORIENTED_EDGE('',*,*,#764,.T.);
#384=ORIENTED_EDGE('',*,*,#765,.T.);
#385=ORIENTED_EDGE('',*,*,#764,.F.);
#386=ORIENTED_EDGE('',*,*,#766,.F.);
#387=ORIENTED_EDGE('',*,*,#767,.T.);
#388=ORIENTED_EDGE('',*,*,#768,.F.);
#389=ORIENTED_EDGE('',*,*,#767,.F.);
#390=ORIENTED_EDGE('',*,*,#769,.T.);
#391=ORIENTED_EDGE('',*,*,#770,.T.);
#392=ORIENTED_EDGE('',*,*,#771,.F.);
#393=ORIENTED_EDGE('',*,*,#770,.F.);
#394=ORIENTED_EDGE('',*,*,#772,.T.);
#395=ORIENTED_EDGE('',*,*,#773,.T.);
#396=ORIENTED_EDGE('',*,*,#774,.T.);
#397=ORIENTED_EDGE('',*,*,#773,.F.);
#398=ORIENTED_EDGE('',*,*,#775,.F.);
#399=ORIENTED_EDGE('',*,*,#776,.T.);
#400=ORIENTED_EDGE('',*,*,#777,.F.);
#401=ORIENTED_EDGE('',*,*,#776,.F.);
#402=ORIENTED_EDGE('',*,*,#778,.T.);
#403=ORIENTED_EDGE('',*,*,#779,.T.);
#404=ORIENTED_EDGE('',*,*,#780,.F.);
#405=ORIENTED_EDGE('',*,*,#781,.T.);
#406=ORIENTED_EDGE('',*,*,#782,.F.);
#407=ORIENTED_EDGE('',*,*,#779,.F.);
#408=ORIENTED_EDGE('',*,*,#783,.F.);
#409=ORIENTED_EDGE('',*,*,#784,.F.);
#410=ORIENTED_EDGE('',*,*,#785,.T.);
#411=ORIENTED_EDGE('',*,*,#781,.F.);
#412=ORIENTED_EDGE('',*,*,#786,.F.);
#413=ORIENTED_EDGE('',*,*,#751,.F.);
#414=ORIENTED_EDGE('',*,*,#787,.T.);
#415=ORIENTED_EDGE('',*,*,#784,.T.);
#416=ORIENTED_EDGE('',*,*,#788,.T.);
#417=ORIENTED_EDGE('',*,*,#789,.F.);
#418=ORIENTED_EDGE('',*,*,#790,.F.);
#419=ORIENTED_EDGE('',*,*,#791,.T.);
#420=ORIENTED_EDGE('',*,*,#792,.F.);
#421=ORIENTED_EDGE('',*,*,#791,.F.);
#422=ORIENTED_EDGE('',*,*,#793,.T.);
#423=ORIENTED_EDGE('',*,*,#794,.T.);
#424=ORIENTED_EDGE('',*,*,#795,.T.);
#425=ORIENTED_EDGE('',*,*,#794,.F.);
#426=ORIENTED_EDGE('',*,*,#796,.F.);
#427=ORIENTED_EDGE('',*,*,#797,.T.);
#428=ORIENTED_EDGE('',*,*,#798,.T.);
#429=ORIENTED_EDGE('',*,*,#797,.F.);
#430=ORIENTED_EDGE('',*,*,#799,.F.);
#431=ORIENTED_EDGE('',*,*,#800,.T.);
#432=ORIENTED_EDGE('',*,*,#801,.F.);
#433=ORIENTED_EDGE('',*,*,#800,.F.);
#434=ORIENTED_EDGE('',*,*,#802,.T.);
#435=ORIENTED_EDGE('',*,*,#803,.T.);
#436=ORIENTED_EDGE('',*,*,#804,.T.);
#437=ORIENTED_EDGE('',*,*,#805,.F.);
#438=ORIENTED_EDGE('',*,*,#806,.F.);
#439=ORIENTED_EDGE('',*,*,#807,.T.);
#440=ORIENTED_EDGE('',*,*,#808,.F.);
#441=ORIENTED_EDGE('',*,*,#809,.F.);
#442=ORIENTED_EDGE('',*,*,#810,.T.);
#443=ORIENTED_EDGE('',*,*,#811,.T.);
#444=ORIENTED_EDGE('',*,*,#812,.T.);
#445=ORIENTED_EDGE('',*,*,#811,.F.);
#446=ORIENTED_EDGE('',*,*,#813,.F.);
#447=ORIENTED_EDGE('',*,*,#789,.T.);
#448=ORIENTED_EDGE('',*,*,#814,.F.);
#449=ORIENTED_EDGE('',*,*,#805,.T.);
#450=ORIENTED_EDGE('',*,*,#815,.T.);
#451=ORIENTED_EDGE('',*,*,#803,.F.);
#452=ORIENTED_EDGE('',*,*,#755,.F.);
#453=ORIENTED_EDGE('',*,*,#816,.F.);
#454=ORIENTED_EDGE('',*,*,#817,.F.);
#455=ORIENTED_EDGE('',*,*,#818,.T.);
#456=ORIENTED_EDGE('',*,*,#749,.T.);
#457=ORIENTED_EDGE('',*,*,#819,.F.);
#458=ORIENTED_EDGE('',*,*,#820,.T.);
#459=ORIENTED_EDGE('',*,*,#821,.T.);
#460=ORIENTED_EDGE('',*,*,#818,.F.);
#461=ORIENTED_EDGE('',*,*,#822,.T.);
#462=ORIENTED_EDGE('',*,*,#823,.F.);
#463=ORIENTED_EDGE('',*,*,#824,.F.);
#464=ORIENTED_EDGE('',*,*,#825,.F.);
#465=ORIENTED_EDGE('',*,*,#806,.T.);
#466=ORIENTED_EDGE('',*,*,#814,.T.);
#467=ORIENTED_EDGE('',*,*,#802,.F.);
#468=ORIENTED_EDGE('',*,*,#799,.T.);
#469=ORIENTED_EDGE('',*,*,#796,.T.);
#470=ORIENTED_EDGE('',*,*,#793,.F.);
#471=ORIENTED_EDGE('',*,*,#790,.T.);
#472=ORIENTED_EDGE('',*,*,#813,.T.);
#473=ORIENTED_EDGE('',*,*,#810,.F.);
#474=ORIENTED_EDGE('',*,*,#826,.T.);
#475=ORIENTED_EDGE('',*,*,#827,.T.);
#476=ORIENTED_EDGE('',*,*,#828,.T.);
#477=ORIENTED_EDGE('',*,*,#829,.F.);
#478=ORIENTED_EDGE('',*,*,#819,.T.);
#479=ORIENTED_EDGE('',*,*,#748,.F.);
#480=ORIENTED_EDGE('',*,*,#786,.T.);
#481=ORIENTED_EDGE('',*,*,#783,.T.);
#482=ORIENTED_EDGE('',*,*,#780,.T.);
#483=ORIENTED_EDGE('',*,*,#778,.F.);
#484=ORIENTED_EDGE('',*,*,#775,.T.);
#485=ORIENTED_EDGE('',*,*,#772,.F.);
#486=ORIENTED_EDGE('',*,*,#769,.F.);
#487=ORIENTED_EDGE('',*,*,#766,.T.);
#488=ORIENTED_EDGE('',*,*,#763,.F.);
#489=ORIENTED_EDGE('',*,*,#759,.F.);
#490=ORIENTED_EDGE('',*,*,#756,.F.);
#491=ORIENTED_EDGE('',*,*,#752,.T.);
#492=ORIENTED_EDGE('',*,*,#821,.F.);
#493=ORIENTED_EDGE('',*,*,#830,.T.);
#494=ORIENTED_EDGE('',*,*,#831,.F.);
#495=ORIENTED_EDGE('',*,*,#832,.F.);
#496=ORIENTED_EDGE('',*,*,#833,.F.);
#497=ORIENTED_EDGE('',*,*,#808,.T.);
#498=ORIENTED_EDGE('',*,*,#812,.F.);
#499=ORIENTED_EDGE('',*,*,#788,.F.);
#500=ORIENTED_EDGE('',*,*,#792,.T.);
#501=ORIENTED_EDGE('',*,*,#795,.F.);
#502=ORIENTED_EDGE('',*,*,#798,.F.);
#503=ORIENTED_EDGE('',*,*,#801,.T.);
#504=ORIENTED_EDGE('',*,*,#815,.F.);
#505=ORIENTED_EDGE('',*,*,#804,.F.);
#506=ORIENTED_EDGE('',*,*,#834,.T.);
#507=ORIENTED_EDGE('',*,*,#835,.T.);
#508=ORIENTED_EDGE('',*,*,#836,.T.);
#509=ORIENTED_EDGE('',*,*,#837,.F.);
#510=ORIENTED_EDGE('',*,*,#816,.T.);
#511=ORIENTED_EDGE('',*,*,#754,.F.);
#512=ORIENTED_EDGE('',*,*,#758,.T.);
#513=ORIENTED_EDGE('',*,*,#761,.T.);
#514=ORIENTED_EDGE('',*,*,#762,.T.);
#515=ORIENTED_EDGE('',*,*,#765,.F.);
#516=ORIENTED_EDGE('',*,*,#768,.T.);
#517=ORIENTED_EDGE('',*,*,#771,.T.);
#518=ORIENTED_EDGE('',*,*,#774,.F.);
#519=ORIENTED_EDGE('',*,*,#777,.T.);
#520=ORIENTED_EDGE('',*,*,#782,.T.);
#521=ORIENTED_EDGE('',*,*,#785,.F.);
#522=ORIENTED_EDGE('',*,*,#787,.F.);
#523=ORIENTED_EDGE('',*,*,#750,.T.);
#524=ORIENTED_EDGE('',*,*,#830,.F.);
#525=ORIENTED_EDGE('',*,*,#820,.F.);
#526=ORIENTED_EDGE('',*,*,#829,.T.);
#527=ORIENTED_EDGE('',*,*,#838,.T.);
#528=ORIENTED_EDGE('',*,*,#831,.T.);
#529=ORIENTED_EDGE('',*,*,#838,.F.);
#530=ORIENTED_EDGE('',*,*,#828,.F.);
#531=ORIENTED_EDGE('',*,*,#839,.T.);
#532=ORIENTED_EDGE('',*,*,#832,.T.);
#533=ORIENTED_EDGE('',*,*,#839,.F.);
#534=ORIENTED_EDGE('',*,*,#827,.F.);
#535=ORIENTED_EDGE('',*,*,#840,.T.);
#536=ORIENTED_EDGE('',*,*,#833,.T.);
#537=ORIENTED_EDGE('',*,*,#840,.F.);
#538=ORIENTED_EDGE('',*,*,#826,.F.);
#539=ORIENTED_EDGE('',*,*,#809,.T.);
#540=ORIENTED_EDGE('',*,*,#825,.T.);
#541=ORIENTED_EDGE('',*,*,#841,.T.);
#542=ORIENTED_EDGE('',*,*,#834,.F.);
#543=ORIENTED_EDGE('',*,*,#807,.F.);
#544=ORIENTED_EDGE('',*,*,#835,.F.);
#545=ORIENTED_EDGE('',*,*,#841,.F.);
#546=ORIENTED_EDGE('',*,*,#824,.T.);
#547=ORIENTED_EDGE('',*,*,#842,.T.);
#548=ORIENTED_EDGE('',*,*,#836,.F.);
#549=ORIENTED_EDGE('',*,*,#842,.F.);
#550=ORIENTED_EDGE('',*,*,#823,.T.);
#551=ORIENTED_EDGE('',*,*,#843,.T.);
#552=ORIENTED_EDGE('',*,*,#837,.T.);
#553=ORIENTED_EDGE('',*,*,#843,.F.);
#554=ORIENTED_EDGE('',*,*,#822,.F.);
#555=ORIENTED_EDGE('',*,*,#817,.T.);
#556=ORIENTED_EDGE('',*,*,#844,.F.);
#557=ORIENTED_EDGE('',*,*,#845,.F.);
#558=ORIENTED_EDGE('',*,*,#846,.T.);
#559=ORIENTED_EDGE('',*,*,#847,.T.);
#560=ORIENTED_EDGE('',*,*,#848,.T.);
#561=ORIENTED_EDGE('',*,*,#849,.F.);
#562=ORIENTED_EDGE('',*,*,#850,.F.);
#563=ORIENTED_EDGE('',*,*,#851,.T.);
#564=ORIENTED_EDGE('',*,*,#852,.F.);
#565=ORIENTED_EDGE('',*,*,#851,.F.);
#566=ORIENTED_EDGE('',*,*,#853,.T.);
#567=ORIENTED_EDGE('',*,*,#854,.T.);
#568=ORIENTED_EDGE('',*,*,#855,.F.);
#569=ORIENTED_EDGE('',*,*,#854,.F.);
#570=ORIENTED_EDGE('',*,*,#856,.T.);
#571=ORIENTED_EDGE('',*,*,#857,.T.);
#572=ORIENTED_EDGE('',*,*,#858,.F.);
#573=ORIENTED_EDGE('',*,*,#857,.F.);
#574=ORIENTED_EDGE('',*,*,#859,.T.);
#575=ORIENTED_EDGE('',*,*,#860,.F.);
#576=ORIENTED_EDGE('',*,*,#861,.F.);
#577=ORIENTED_EDGE('',*,*,#862,.F.);
#578=ORIENTED_EDGE('',*,*,#863,.T.);
#579=ORIENTED_EDGE('',*,*,#860,.T.);
#580=ORIENTED_EDGE('',*,*,#864,.T.);
#581=ORIENTED_EDGE('',*,*,#865,.F.);
#582=ORIENTED_EDGE('',*,*,#866,.F.);
#583=ORIENTED_EDGE('',*,*,#862,.T.);
#584=ORIENTED_EDGE('',*,*,#867,.T.);
#585=ORIENTED_EDGE('',*,*,#868,.F.);
#586=ORIENTED_EDGE('',*,*,#869,.F.);
#587=ORIENTED_EDGE('',*,*,#865,.T.);
#588=ORIENTED_EDGE('',*,*,#870,.F.);
#589=ORIENTED_EDGE('',*,*,#871,.F.);
#590=ORIENTED_EDGE('',*,*,#872,.T.);
#591=ORIENTED_EDGE('',*,*,#868,.T.);
#592=ORIENTED_EDGE('',*,*,#873,.T.);
#593=ORIENTED_EDGE('',*,*,#874,.F.);
#594=ORIENTED_EDGE('',*,*,#875,.F.);
#595=ORIENTED_EDGE('',*,*,#871,.T.);
#596=ORIENTED_EDGE('',*,*,#876,.F.);
#597=ORIENTED_EDGE('',*,*,#877,.T.);
#598=ORIENTED_EDGE('',*,*,#878,.F.);
#599=ORIENTED_EDGE('',*,*,#874,.T.);
#600=ORIENTED_EDGE('',*,*,#879,.T.);
#601=ORIENTED_EDGE('',*,*,#877,.F.);
#602=ORIENTED_EDGE('',*,*,#880,.F.);
#603=ORIENTED_EDGE('',*,*,#881,.T.);
#604=ORIENTED_EDGE('',*,*,#882,.T.);
#605=ORIENTED_EDGE('',*,*,#881,.F.);
#606=ORIENTED_EDGE('',*,*,#883,.F.);
#607=ORIENTED_EDGE('',*,*,#845,.T.);
#608=ORIENTED_EDGE('',*,*,#884,.F.);
#609=ORIENTED_EDGE('',*,*,#885,.F.);
#610=ORIENTED_EDGE('',*,*,#886,.T.);
#611=ORIENTED_EDGE('',*,*,#887,.T.);
#612=ORIENTED_EDGE('',*,*,#888,.T.);
#613=ORIENTED_EDGE('',*,*,#889,.F.);
#614=ORIENTED_EDGE('',*,*,#890,.F.);
#615=ORIENTED_EDGE('',*,*,#885,.T.);
#616=ORIENTED_EDGE('',*,*,#891,.F.);
#617=ORIENTED_EDGE('',*,*,#892,.F.);
#618=ORIENTED_EDGE('',*,*,#893,.T.);
#619=ORIENTED_EDGE('',*,*,#889,.T.);
#620=ORIENTED_EDGE('',*,*,#894,.F.);
#621=ORIENTED_EDGE('',*,*,#895,.F.);
#622=ORIENTED_EDGE('',*,*,#896,.T.);
#623=ORIENTED_EDGE('',*,*,#892,.T.);
#624=ORIENTED_EDGE('',*,*,#897,.T.);
#625=ORIENTED_EDGE('',*,*,#898,.F.);
#626=ORIENTED_EDGE('',*,*,#899,.F.);
#627=ORIENTED_EDGE('',*,*,#895,.T.);
#628=ORIENTED_EDGE('',*,*,#900,.F.);
#629=ORIENTED_EDGE('',*,*,#901,.F.);
#630=ORIENTED_EDGE('',*,*,#902,.T.);
#631=ORIENTED_EDGE('',*,*,#903,.T.);
#632=ORIENTED_EDGE('',*,*,#904,.T.);
#633=ORIENTED_EDGE('',*,*,#905,.F.);
#634=ORIENTED_EDGE('',*,*,#906,.F.);
#635=ORIENTED_EDGE('',*,*,#907,.T.);
#636=ORIENTED_EDGE('',*,*,#908,.F.);
#637=ORIENTED_EDGE('',*,*,#887,.F.);
#638=ORIENTED_EDGE('',*,*,#909,.T.);
#639=ORIENTED_EDGE('',*,*,#905,.T.);
#640=ORIENTED_EDGE('',*,*,#910,.T.);
#641=ORIENTED_EDGE('',*,*,#898,.T.);
#642=ORIENTED_EDGE('',*,*,#911,.F.);
#643=ORIENTED_EDGE('',*,*,#903,.F.);
#644=ORIENTED_EDGE('',*,*,#849,.T.);
#645=ORIENTED_EDGE('',*,*,#912,.F.);
#646=ORIENTED_EDGE('',*,*,#913,.T.);
#647=ORIENTED_EDGE('',*,*,#914,.T.);
#648=ORIENTED_EDGE('',*,*,#847,.F.);
#649=ORIENTED_EDGE('',*,*,#915,.F.);
#650=ORIENTED_EDGE('',*,*,#916,.F.);
#651=ORIENTED_EDGE('',*,*,#917,.T.);
#652=ORIENTED_EDGE('',*,*,#912,.T.);
#653=ORIENTED_EDGE('',*,*,#848,.F.);
#654=ORIENTED_EDGE('',*,*,#852,.T.);
#655=ORIENTED_EDGE('',*,*,#855,.T.);
#656=ORIENTED_EDGE('',*,*,#858,.T.);
#657=ORIENTED_EDGE('',*,*,#863,.F.);
#658=ORIENTED_EDGE('',*,*,#866,.T.);
#659=ORIENTED_EDGE('',*,*,#869,.T.);
#660=ORIENTED_EDGE('',*,*,#872,.F.);
#661=ORIENTED_EDGE('',*,*,#875,.T.);
#662=ORIENTED_EDGE('',*,*,#878,.T.);
#663=ORIENTED_EDGE('',*,*,#879,.F.);
#664=ORIENTED_EDGE('',*,*,#882,.F.);
#665=ORIENTED_EDGE('',*,*,#844,.T.);
#666=ORIENTED_EDGE('',*,*,#917,.F.);
#667=ORIENTED_EDGE('',*,*,#918,.T.);
#668=ORIENTED_EDGE('',*,*,#919,.F.);
#669=ORIENTED_EDGE('',*,*,#920,.F.);
#670=ORIENTED_EDGE('',*,*,#921,.F.);
#671=ORIENTED_EDGE('',*,*,#906,.T.);
#672=ORIENTED_EDGE('',*,*,#909,.F.);
#673=ORIENTED_EDGE('',*,*,#886,.F.);
#674=ORIENTED_EDGE('',*,*,#890,.T.);
#675=ORIENTED_EDGE('',*,*,#893,.F.);
#676=ORIENTED_EDGE('',*,*,#896,.F.);
#677=ORIENTED_EDGE('',*,*,#899,.T.);
#678=ORIENTED_EDGE('',*,*,#910,.F.);
#679=ORIENTED_EDGE('',*,*,#902,.F.);
#680=ORIENTED_EDGE('',*,*,#922,.T.);
#681=ORIENTED_EDGE('',*,*,#923,.T.);
#682=ORIENTED_EDGE('',*,*,#924,.T.);
#683=ORIENTED_EDGE('',*,*,#925,.F.);
#684=ORIENTED_EDGE('',*,*,#915,.T.);
#685=ORIENTED_EDGE('',*,*,#846,.F.);
#686=ORIENTED_EDGE('',*,*,#883,.T.);
#687=ORIENTED_EDGE('',*,*,#880,.T.);
#688=ORIENTED_EDGE('',*,*,#876,.T.);
#689=ORIENTED_EDGE('',*,*,#873,.F.);
#690=ORIENTED_EDGE('',*,*,#870,.T.);
#691=ORIENTED_EDGE('',*,*,#867,.F.);
#692=ORIENTED_EDGE('',*,*,#864,.F.);
#693=ORIENTED_EDGE('',*,*,#861,.T.);
#694=ORIENTED_EDGE('',*,*,#859,.F.);
#695=ORIENTED_EDGE('',*,*,#856,.F.);
#696=ORIENTED_EDGE('',*,*,#853,.F.);
#697=ORIENTED_EDGE('',*,*,#850,.T.);
#698=ORIENTED_EDGE('',*,*,#914,.F.);
#699=ORIENTED_EDGE('',*,*,#926,.T.);
#700=ORIENTED_EDGE('',*,*,#927,.F.);
#701=ORIENTED_EDGE('',*,*,#928,.F.);
#702=ORIENTED_EDGE('',*,*,#929,.F.);
#703=ORIENTED_EDGE('',*,*,#900,.T.);
#704=ORIENTED_EDGE('',*,*,#911,.T.);
#705=ORIENTED_EDGE('',*,*,#897,.F.);
#706=ORIENTED_EDGE('',*,*,#894,.T.);
#707=ORIENTED_EDGE('',*,*,#891,.T.);
#708=ORIENTED_EDGE('',*,*,#888,.F.);
#709=ORIENTED_EDGE('',*,*,#884,.T.);
#710=ORIENTED_EDGE('',*,*,#908,.T.);
#711=ORIENTED_EDGE('',*,*,#904,.F.);
#712=ORIENTED_EDGE('',*,*,#930,.T.);
#713=ORIENTED_EDGE('',*,*,#931,.T.);
#714=ORIENTED_EDGE('',*,*,#932,.T.);
#715=ORIENTED_EDGE('',*,*,#933,.F.);
#716=ORIENTED_EDGE('',*,*,#933,.T.);
#717=ORIENTED_EDGE('',*,*,#934,.F.);
#718=ORIENTED_EDGE('',*,*,#918,.F.);
#719=ORIENTED_EDGE('',*,*,#916,.T.);
#720=ORIENTED_EDGE('',*,*,#932,.F.);
#721=ORIENTED_EDGE('',*,*,#935,.F.);
#722=ORIENTED_EDGE('',*,*,#919,.T.);
#723=ORIENTED_EDGE('',*,*,#934,.T.);
#724=ORIENTED_EDGE('',*,*,#931,.F.);
#725=ORIENTED_EDGE('',*,*,#936,.F.);
#726=ORIENTED_EDGE('',*,*,#920,.T.);
#727=ORIENTED_EDGE('',*,*,#935,.T.);
#728=ORIENTED_EDGE('',*,*,#930,.F.);
#729=ORIENTED_EDGE('',*,*,#907,.F.);
#730=ORIENTED_EDGE('',*,*,#921,.T.);
#731=ORIENTED_EDGE('',*,*,#936,.T.);
#732=ORIENTED_EDGE('',*,*,#922,.F.);
#733=ORIENTED_EDGE('',*,*,#901,.T.);
#734=ORIENTED_EDGE('',*,*,#929,.T.);
#735=ORIENTED_EDGE('',*,*,#937,.F.);
#736=ORIENTED_EDGE('',*,*,#928,.T.);
#737=ORIENTED_EDGE('',*,*,#938,.F.);
#738=ORIENTED_EDGE('',*,*,#923,.F.);
#739=ORIENTED_EDGE('',*,*,#937,.T.);
#740=ORIENTED_EDGE('',*,*,#927,.T.);
#741=ORIENTED_EDGE('',*,*,#939,.F.);
#742=ORIENTED_EDGE('',*,*,#924,.F.);
#743=ORIENTED_EDGE('',*,*,#938,.T.);
#744=ORIENTED_EDGE('',*,*,#926,.F.);
#745=ORIENTED_EDGE('',*,*,#913,.F.);
#746=ORIENTED_EDGE('',*,*,#925,.T.);
#747=ORIENTED_EDGE('',*,*,#939,.T.);
#748=EDGE_CURVE('',#940,#941,#1068,.T.);
#749=EDGE_CURVE('',#942,#941,#92,.T.);
#750=EDGE_CURVE('',#943,#942,#1069,.T.);
#751=EDGE_CURVE('',#943,#940,#93,.T.);
#752=EDGE_CURVE('',#944,#945,#1070,.T.);
#753=EDGE_CURVE('',#946,#944,#94,.T.);
#754=EDGE_CURVE('',#946,#947,#1071,.T.);
#755=EDGE_CURVE('',#947,#945,#95,.T.);
#756=EDGE_CURVE('',#944,#948,#96,.T.);
#757=EDGE_CURVE('',#949,#948,#97,.T.);
#758=EDGE_CURVE('',#946,#949,#98,.T.);
#759=EDGE_CURVE('',#948,#950,#1072,.T.);
#760=EDGE_CURVE('',#951,#950,#99,.T.);
#761=EDGE_CURVE('',#949,#951,#1073,.T.);
#762=EDGE_CURVE('',#951,#952,#100,.T.);
#763=EDGE_CURVE('',#950,#953,#101,.T.);
#764=EDGE_CURVE('',#953,#952,#102,.T.);
#765=EDGE_CURVE('',#954,#952,#1074,.T.);
#766=EDGE_CURVE('',#955,#953,#1075,.T.);
#767=EDGE_CURVE('',#955,#954,#103,.T.);
#768=EDGE_CURVE('',#954,#956,#104,.T.);
#769=EDGE_CURVE('',#955,#957,#105,.T.);
#770=EDGE_CURVE('',#957,#956,#106,.T.);
#771=EDGE_CURVE('',#956,#958,#107,.T.);
#772=EDGE_CURVE('',#957,#959,#108,.T.);
#773=EDGE_CURVE('',#959,#958,#109,.T.);
#774=EDGE_CURVE('',#960,#958,#110,.T.);
#775=EDGE_CURVE('',#961,#959,#111,.T.);
#776=EDGE_CURVE('',#961,#960,#112,.T.);
#777=EDGE_CURVE('',#960,#962,#1076,.T.);
#778=EDGE_CURVE('',#961,#963,#1077,.T.);
#779=EDGE_CURVE('',#963,#962,#113,.T.);
#780=EDGE_CURVE('',#964,#963,#114,.T.);
#781=EDGE_CURVE('',#964,#965,#115,.F.);
#782=EDGE_CURVE('',#962,#965,#116,.T.);
#783=EDGE_CURVE('',#966,#964,#1078,.T.);
#784=EDGE_CURVE('',#967,#966,#117,.T.);
#785=EDGE_CURVE('',#967,#965,#1079,.T.);
#786=EDGE_CURVE('',#940,#966,#118,.T.);
#787=EDGE_CURVE('',#943,#967,#119,.T.);
#788=EDGE_CURVE('',#968,#969,#1080,.T.);
#789=EDGE_CURVE('',#970,#969,#120,.T.);
#790=EDGE_CURVE('',#971,#970,#1081,.T.);
#791=EDGE_CURVE('',#971,#968,#121,.T.);
#792=EDGE_CURVE('',#968,#972,#122,.T.);
#793=EDGE_CURVE('',#971,#973,#123,.T.);
#794=EDGE_CURVE('',#973,#972,#124,.T.);
#795=EDGE_CURVE('',#974,#972,#125,.T.);
#796=EDGE_CURVE('',#975,#973,#126,.T.);
#797=EDGE_CURVE('',#975,#974,#127,.T.);
#798=EDGE_CURVE('',#976,#974,#128,.T.);
#799=EDGE_CURVE('',#977,#975,#129,.T.);
#800=EDGE_CURVE('',#977,#976,#130,.T.);
#801=EDGE_CURVE('',#976,#978,#1082,.T.);
#802=EDGE_CURVE('',#977,#979,#1083,.T.);
#803=EDGE_CURVE('',#979,#978,#131,.T.);
#804=EDGE_CURVE('',#980,#981,#1084,.T.);
#805=EDGE_CURVE('',#982,#981,#132,.T.);
#806=EDGE_CURVE('',#983,#982,#1085,.F.);
#807=EDGE_CURVE('',#983,#980,#133,.T.);
#808=EDGE_CURVE('',#984,#985,#1086,.T.);
#809=EDGE_CURVE('',#986,#984,#134,.T.);
#810=EDGE_CURVE('',#986,#987,#1087,.F.);
#811=EDGE_CURVE('',#987,#985,#135,.T.);
#812=EDGE_CURVE('',#969,#985,#136,.T.);
#813=EDGE_CURVE('',#970,#987,#137,.T.);
#814=EDGE_CURVE('',#982,#979,#138,.T.);
#815=EDGE_CURVE('',#981,#978,#139,.T.);
#816=EDGE_CURVE('',#988,#947,#140,.T.);
#817=EDGE_CURVE('',#989,#988,#141,.T.);
#818=EDGE_CURVE('',#989,#945,#142,.T.);
#819=EDGE_CURVE('',#990,#941,#143,.T.);
#820=EDGE_CURVE('',#990,#991,#144,.T.);
#821=EDGE_CURVE('',#991,#942,#145,.T.);
#822=EDGE_CURVE('',#989,#992,#1088,.F.);
#823=EDGE_CURVE('',#993,#992,#146,.T.);
#824=EDGE_CURVE('',#994,#993,#1089,.F.);
#825=EDGE_CURVE('',#983,#994,#147,.T.);
#826=EDGE_CURVE('',#986,#995,#148,.T.);
#827=EDGE_CURVE('',#995,#996,#1090,.F.);
#828=EDGE_CURVE('',#996,#997,#149,.T.);
#829=EDGE_CURVE('',#990,#997,#1091,.F.);
#830=EDGE_CURVE('',#991,#998,#1092,.T.);
#831=EDGE_CURVE('',#999,#998,#150,.T.);
#832=EDGE_CURVE('',#1000,#999,#1093,.T.);
#833=EDGE_CURVE('',#984,#1000,#151,.T.);
#834=EDGE_CURVE('',#980,#1001,#152,.T.);
#835=EDGE_CURVE('',#1001,#1002,#1094,.T.);
#836=EDGE_CURVE('',#1002,#1003,#153,.T.);
#837=EDGE_CURVE('',#988,#1003,#1095,.T.);
#838=EDGE_CURVE('',#997,#998,#154,.T.);
#839=EDGE_CURVE('',#996,#999,#155,.T.);
#840=EDGE_CURVE('',#995,#1000,#156,.T.);
#841=EDGE_CURVE('',#994,#1001,#157,.T.);
#842=EDGE_CURVE('',#993,#1002,#158,.T.);
#843=EDGE_CURVE('',#992,#1003,#159,.T.);
#844=EDGE_CURVE('',#1004,#1005,#1096,.T.);
#845=EDGE_CURVE('',#1006,#1004,#160,.T.);
#846=EDGE_CURVE('',#1006,#1007,#1097,.F.);
#847=EDGE_CURVE('',#1007,#1005,#161,.T.);
#848=EDGE_CURVE('',#1008,#1009,#1098,.T.);
#849=EDGE_CURVE('',#1010,#1009,#162,.T.);
#850=EDGE_CURVE('',#1011,#1010,#1099,.F.);
#851=EDGE_CURVE('',#1011,#1008,#163,.T.);
#852=EDGE_CURVE('',#1008,#1012,#164,.T.);
#853=EDGE_CURVE('',#1011,#1013,#165,.T.);
#854=EDGE_CURVE('',#1013,#1012,#166,.T.);
#855=EDGE_CURVE('',#1012,#1014,#1100,.T.);
#856=EDGE_CURVE('',#1013,#1015,#1101,.F.);
#857=EDGE_CURVE('',#1015,#1014,#167,.T.);
#858=EDGE_CURVE('',#1014,#1016,#168,.T.);
#859=EDGE_CURVE('',#1015,#1017,#169,.T.);
#860=EDGE_CURVE('',#1016,#1017,#170,.T.);
#861=EDGE_CURVE('',#1018,#1017,#1102,.F.);
#862=EDGE_CURVE('',#1019,#1018,#171,.T.);
#863=EDGE_CURVE('',#1019,#1016,#1103,.T.);
#864=EDGE_CURVE('',#1018,#1020,#172,.T.);
#865=EDGE_CURVE('',#1021,#1020,#173,.T.);
#866=EDGE_CURVE('',#1019,#1021,#174,.T.);
#867=EDGE_CURVE('',#1020,#1022,#175,.T.);
#868=EDGE_CURVE('',#1023,#1022,#176,.T.);
#869=EDGE_CURVE('',#1021,#1023,#177,.T.);
#870=EDGE_CURVE('',#1024,#1022,#178,.T.);
#871=EDGE_CURVE('',#1025,#1024,#179,.T.);
#872=EDGE_CURVE('',#1025,#1023,#180,.T.);
#873=EDGE_CURVE('',#1024,#1026,#1104,.F.);
#874=EDGE_CURVE('',#1027,#1026,#181,.T.);
#875=EDGE_CURVE('',#1025,#1027,#1105,.T.);
#876=EDGE_CURVE('',#1028,#1026,#182,.T.);
#877=EDGE_CURVE('',#1028,#1029,#183,.T.);
#878=EDGE_CURVE('',#1027,#1029,#184,.T.);
#879=EDGE_CURVE('',#1030,#1029,#1106,.T.);
#880=EDGE_CURVE('',#1031,#1028,#1107,.F.);
#881=EDGE_CURVE('',#1031,#1030,#185,.T.);
#882=EDGE_CURVE('',#1004,#1030,#186,.T.);
#883=EDGE_CURVE('',#1006,#1031,#187,.T.);
#884=EDGE_CURVE('',#1032,#1033,#1108,.F.);
#885=EDGE_CURVE('',#1034,#1032,#188,.T.);
#886=EDGE_CURVE('',#1034,#1035,#1109,.T.);
#887=EDGE_CURVE('',#1035,#1033,#189,.T.);
#888=EDGE_CURVE('',#1032,#1036,#190,.T.);
#889=EDGE_CURVE('',#1037,#1036,#191,.T.);
#890=EDGE_CURVE('',#1034,#1037,#192,.T.);
#891=EDGE_CURVE('',#1038,#1036,#193,.T.);
#892=EDGE_CURVE('',#1039,#1038,#194,.T.);
#893=EDGE_CURVE('',#1039,#1037,#195,.T.);
#894=EDGE_CURVE('',#1040,#1038,#196,.T.);
#895=EDGE_CURVE('',#1041,#1040,#197,.T.);
#896=EDGE_CURVE('',#1041,#1039,#198,.T.);
#897=EDGE_CURVE('',#1040,#1042,#1110,.F.);
#898=EDGE_CURVE('',#1043,#1042,#199,.T.);
#899=EDGE_CURVE('',#1041,#1043,#1111,.T.);
#900=EDGE_CURVE('',#1044,#1045,#1112,.T.);
#901=EDGE_CURVE('',#1046,#1044,#200,.T.);
#902=EDGE_CURVE('',#1046,#1047,#1113,.T.);
#903=EDGE_CURVE('',#1047,#1045,#201,.T.);
#904=EDGE_CURVE('',#1048,#1049,#1114,.T.);
#905=EDGE_CURVE('',#1050,#1049,#202,.T.);
#906=EDGE_CURVE('',#1051,#1050,#1115,.T.);
#907=EDGE_CURVE('',#1051,#1048,#203,.T.);
#908=EDGE_CURVE('',#1033,#1049,#204,.T.);
#909=EDGE_CURVE('',#1035,#1050,#205,.T.);
#910=EDGE_CURVE('',#1047,#1043,#206,.T.);
#911=EDGE_CURVE('',#1045,#1042,#207,.T.);
#912=EDGE_CURVE('',#1052,#1009,#208,.T.);
#913=EDGE_CURVE('',#1052,#1053,#209,.T.);
#914=EDGE_CURVE('',#1053,#1010,#210,.T.);
#915=EDGE_CURVE('',#1054,#1007,#211,.T.);
#916=EDGE_CURVE('',#1055,#1054,#212,.T.);
#917=EDGE_CURVE('',#1055,#1005,#213,.T.);
#918=EDGE_CURVE('',#1055,#1056,#1116,.T.);
#919=EDGE_CURVE('',#1057,#1056,#214,.T.);
#920=EDGE_CURVE('',#1058,#1057,#1117,.T.);
#921=EDGE_CURVE('',#1051,#1058,#215,.T.);
#922=EDGE_CURVE('',#1046,#1059,#216,.T.);
#923=EDGE_CURVE('',#1059,#1060,#1118,.T.);
#924=EDGE_CURVE('',#1060,#1061,#217,.T.);
#925=EDGE_CURVE('',#1052,#1061,#1119,.T.);
#926=EDGE_CURVE('',#1053,#1062,#1120,.T.);
#927=EDGE_CURVE('',#1063,#1062,#218,.T.);
#928=EDGE_CURVE('',#1064,#1063,#1121,.T.);
#929=EDGE_CURVE('',#1044,#1064,#219,.T.);
#930=EDGE_CURVE('',#1048,#1065,#220,.T.);
#931=EDGE_CURVE('',#1065,#1066,#1122,.T.);
#932=EDGE_CURVE('',#1066,#1067,#221,.T.);
#933=EDGE_CURVE('',#1054,#1067,#1123,.T.);
#934=EDGE_CURVE('',#1056,#1067,#222,.T.);
#935=EDGE_CURVE('',#1057,#1066,#223,.T.);
#936=EDGE_CURVE('',#1058,#1065,#224,.T.);
#937=EDGE_CURVE('',#1059,#1064,#225,.T.);
#938=EDGE_CURVE('',#1060,#1063,#226,.T.);
#939=EDGE_CURVE('',#1061,#1062,#227,.T.);
#940=VERTEX_POINT('',#2082);
#941=VERTEX_POINT('',#2083);
#942=VERTEX_POINT('',#2085);
#943=VERTEX_POINT('',#2087);
#944=VERTEX_POINT('',#2091);
#945=VERTEX_POINT('',#2092);
#946=VERTEX_POINT('',#2094);
#947=VERTEX_POINT('',#2096);
#948=VERTEX_POINT('',#2100);
#949=VERTEX_POINT('',#2102);
#950=VERTEX_POINT('',#2106);
#951=VERTEX_POINT('',#2108);
#952=VERTEX_POINT('',#2112);
#953=VERTEX_POINT('',#2114);
#954=VERTEX_POINT('',#2118);
#955=VERTEX_POINT('',#2120);
#956=VERTEX_POINT('',#2124);
#957=VERTEX_POINT('',#2126);
#958=VERTEX_POINT('',#2130);
#959=VERTEX_POINT('',#2132);
#960=VERTEX_POINT('',#2136);
#961=VERTEX_POINT('',#2138);
#962=VERTEX_POINT('',#2142);
#963=VERTEX_POINT('',#2144);
#964=VERTEX_POINT('',#2148);
#965=VERTEX_POINT('',#2150);
#966=VERTEX_POINT('',#2154);
#967=VERTEX_POINT('',#2156);
#968=VERTEX_POINT('',#2163);
#969=VERTEX_POINT('',#2164);
#970=VERTEX_POINT('',#2166);
#971=VERTEX_POINT('',#2168);
#972=VERTEX_POINT('',#2172);
#973=VERTEX_POINT('',#2174);
#974=VERTEX_POINT('',#2178);
#975=VERTEX_POINT('',#2180);
#976=VERTEX_POINT('',#2184);
#977=VERTEX_POINT('',#2186);
#978=VERTEX_POINT('',#2190);
#979=VERTEX_POINT('',#2192);
#980=VERTEX_POINT('',#2196);
#981=VERTEX_POINT('',#2197);
#982=VERTEX_POINT('',#2199);
#983=VERTEX_POINT('',#2201);
#984=VERTEX_POINT('',#2205);
#985=VERTEX_POINT('',#2206);
#986=VERTEX_POINT('',#2208);
#987=VERTEX_POINT('',#2210);
#988=VERTEX_POINT('',#2220);
#989=VERTEX_POINT('',#2222);
#990=VERTEX_POINT('',#2226);
#991=VERTEX_POINT('',#2228);
#992=VERTEX_POINT('',#2232);
#993=VERTEX_POINT('',#2234);
#994=VERTEX_POINT('',#2236);
#995=VERTEX_POINT('',#2239);
#996=VERTEX_POINT('',#2241);
#997=VERTEX_POINT('',#2243);
#998=VERTEX_POINT('',#2247);
#999=VERTEX_POINT('',#2249);
#1000=VERTEX_POINT('',#2251);
#1001=VERTEX_POINT('',#2254);
#1002=VERTEX_POINT('',#2256);
#1003=VERTEX_POINT('',#2258);
#1004=VERTEX_POINT('',#2277);
#1005=VERTEX_POINT('',#2278);
#1006=VERTEX_POINT('',#2280);
#1007=VERTEX_POINT('',#2282);
#1008=VERTEX_POINT('',#2286);
#1009=VERTEX_POINT('',#2287);
#1010=VERTEX_POINT('',#2289);
#1011=VERTEX_POINT('',#2291);
#1012=VERTEX_POINT('',#2295);
#1013=VERTEX_POINT('',#2297);
#1014=VERTEX_POINT('',#2301);
#1015=VERTEX_POINT('',#2303);
#1016=VERTEX_POINT('',#2307);
#1017=VERTEX_POINT('',#2309);
#1018=VERTEX_POINT('',#2313);
#1019=VERTEX_POINT('',#2315);
#1020=VERTEX_POINT('',#2319);
#1021=VERTEX_POINT('',#2321);
#1022=VERTEX_POINT('',#2325);
#1023=VERTEX_POINT('',#2327);
#1024=VERTEX_POINT('',#2331);
#1025=VERTEX_POINT('',#2333);
#1026=VERTEX_POINT('',#2337);
#1027=VERTEX_POINT('',#2339);
#1028=VERTEX_POINT('',#2343);
#1029=VERTEX_POINT('',#2345);
#1030=VERTEX_POINT('',#2349);
#1031=VERTEX_POINT('',#2351);
#1032=VERTEX_POINT('',#2358);
#1033=VERTEX_POINT('',#2359);
#1034=VERTEX_POINT('',#2361);
#1035=VERTEX_POINT('',#2363);
#1036=VERTEX_POINT('',#2367);
#1037=VERTEX_POINT('',#2369);
#1038=VERTEX_POINT('',#2373);
#1039=VERTEX_POINT('',#2375);
#1040=VERTEX_POINT('',#2379);
#1041=VERTEX_POINT('',#2381);
#1042=VERTEX_POINT('',#2385);
#1043=VERTEX_POINT('',#2387);
#1044=VERTEX_POINT('',#2391);
#1045=VERTEX_POINT('',#2392);
#1046=VERTEX_POINT('',#2394);
#1047=VERTEX_POINT('',#2396);
#1048=VERTEX_POINT('',#2400);
#1049=VERTEX_POINT('',#2401);
#1050=VERTEX_POINT('',#2403);
#1051=VERTEX_POINT('',#2405);
#1052=VERTEX_POINT('',#2415);
#1053=VERTEX_POINT('',#2417);
#1054=VERTEX_POINT('',#2421);
#1055=VERTEX_POINT('',#2423);
#1056=VERTEX_POINT('',#2427);
#1057=VERTEX_POINT('',#2429);
#1058=VERTEX_POINT('',#2431);
#1059=VERTEX_POINT('',#2434);
#1060=VERTEX_POINT('',#2436);
#1061=VERTEX_POINT('',#2438);
#1062=VERTEX_POINT('',#2442);
#1063=VERTEX_POINT('',#2444);
#1064=VERTEX_POINT('',#2446);
#1065=VERTEX_POINT('',#2449);
#1066=VERTEX_POINT('',#2451);
#1067=VERTEX_POINT('',#2453);
#1068=CIRCLE('',#1564,0.0065);
#1069=CIRCLE('',#1565,0.0065);
#1070=CIRCLE('',#1567,0.00788);
#1071=CIRCLE('',#1568,0.00788);
#1072=CIRCLE('',#1571,0.00536000000000006);
#1073=CIRCLE('',#1572,0.00536000000000006);
#1074=CIRCLE('',#1575,0.00788000000000091);
#1075=CIRCLE('',#1576,0.00788000000000091);
#1076=CIRCLE('',#1581,0.00650000000000095);
#1077=CIRCLE('',#1582,0.00650000000000095);
#1078=CIRCLE('',#1585,0.00674);
#1079=CIRCLE('',#1586,0.00674);
#1080=CIRCLE('',#1589,0.00674000000226844);
#1081=CIRCLE('',#1590,0.00674000000226844);
#1082=CIRCLE('',#1595,0.00536000000226843);
#1083=CIRCLE('',#1596,0.00536000000226843);
#1084=CIRCLE('',#1598,0.00536);
#1085=CIRCLE('',#1599,0.00536);
#1086=CIRCLE('',#1601,0.00674);
#1087=CIRCLE('',#1602,0.00674);
#1088=CIRCLE('',#1608,0.00536);
#1089=CIRCLE('',#1609,0.00788);
#1090=CIRCLE('',#1610,0.0065);
#1091=CIRCLE('',#1611,0.00674);
#1092=CIRCLE('',#1613,0.00674);
#1093=CIRCLE('',#1614,0.0065);
#1094=CIRCLE('',#1615,0.00788);
#1095=CIRCLE('',#1616,0.00536);
#1096=CIRCLE('',#1627,0.0065);
#1097=CIRCLE('',#1628,0.0065);
#1098=CIRCLE('',#1630,0.00788);
#1099=CIRCLE('',#1631,0.00788);
#1100=CIRCLE('',#1634,0.00536000000000006);
#1101=CIRCLE('',#1635,0.00536000000000006);
#1102=CIRCLE('',#1638,0.00788000000000091);
#1103=CIRCLE('',#1639,0.00788000000000091);
#1104=CIRCLE('',#1644,0.00650000000000095);
#1105=CIRCLE('',#1645,0.00650000000000095);
#1106=CIRCLE('',#1648,0.00674);
#1107=CIRCLE('',#1649,0.00674);
#1108=CIRCLE('',#1652,0.00674000000226844);
#1109=CIRCLE('',#1653,0.00674000000226844);
#1110=CIRCLE('',#1658,0.00536000000226843);
#1111=CIRCLE('',#1659,0.00536000000226843);
#1112=CIRCLE('',#1661,0.00536);
#1113=CIRCLE('',#1662,0.00536);
#1114=CIRCLE('',#1664,0.00674);
#1115=CIRCLE('',#1665,0.00674);
#1116=CIRCLE('',#1671,0.00674);
#1117=CIRCLE('',#1672,0.0065);
#1118=CIRCLE('',#1673,0.00788);
#1119=CIRCLE('',#1674,0.00536);
#1120=CIRCLE('',#1676,0.00536);
#1121=CIRCLE('',#1677,0.00788);
#1122=CIRCLE('',#1678,0.0065);
#1123=CIRCLE('',#1679,0.00674);
#1124=EDGE_LOOP('',(#364,#365,#366,#367));
#1125=EDGE_LOOP('',(#368,#369,#370,#371));
#1126=EDGE_LOOP('',(#372,#373,#374,#375));
#1127=EDGE_LOOP('',(#376,#377,#378,#379));
#1128=EDGE_LOOP('',(#380,#381,#382,#383));
#1129=EDGE_LOOP('',(#384,#385,#386,#387));
#1130=EDGE_LOOP('',(#388,#389,#390,#391));
#1131=EDGE_LOOP('',(#392,#393,#394,#395));
#1132=EDGE_LOOP('',(#396,#397,#398,#399));
#1133=EDGE_LOOP('',(#400,#401,#402,#403));
#1134=EDGE_LOOP('',(#404,#405,#406,#407));
#1135=EDGE_LOOP('',(#408,#409,#410,#411));
#1136=EDGE_LOOP('',(#412,#413,#414,#415));
#1137=EDGE_LOOP('',(#416,#417,#418,#419));
#1138=EDGE_LOOP('',(#420,#421,#422,#423));
#1139=EDGE_LOOP('',(#424,#425,#426,#427));
#1140=EDGE_LOOP('',(#428,#429,#430,#431));
#1141=EDGE_LOOP('',(#432,#433,#434,#435));
#1142=EDGE_LOOP('',(#436,#437,#438,#439));
#1143=EDGE_LOOP('',(#440,#441,#442,#443));
#1144=EDGE_LOOP('',(#444,#445,#446,#447));
#1145=EDGE_LOOP('',(#448,#449,#450,#451));
#1146=EDGE_LOOP('',(#452,#453,#454,#455));
#1147=EDGE_LOOP('',(#456,#457,#458,#459));
#1148=EDGE_LOOP('',(#460,#461,#462,#463,#464,#465,#466,#467,#468,#469,#470,
#471,#472,#473,#474,#475,#476,#477,#478,#479,#480,#481,#482,#483,#484,#485,
#486,#487,#488,#489,#490,#491));
#1149=EDGE_LOOP('',(#492,#493,#494,#495,#496,#497,#498,#499,#500,#501,#502,
#503,#504,#505,#506,#507,#508,#509,#510,#511,#512,#513,#514,#515,#516,#517,
#518,#519,#520,#521,#522,#523));
#1150=EDGE_LOOP('',(#524,#525,#526,#527));
#1151=EDGE_LOOP('',(#528,#529,#530,#531));
#1152=EDGE_LOOP('',(#532,#533,#534,#535));
#1153=EDGE_LOOP('',(#536,#537,#538,#539));
#1154=EDGE_LOOP('',(#540,#541,#542,#543));
#1155=EDGE_LOOP('',(#544,#545,#546,#547));
#1156=EDGE_LOOP('',(#548,#549,#550,#551));
#1157=EDGE_LOOP('',(#552,#553,#554,#555));
#1158=EDGE_LOOP('',(#556,#557,#558,#559));
#1159=EDGE_LOOP('',(#560,#561,#562,#563));
#1160=EDGE_LOOP('',(#564,#565,#566,#567));
#1161=EDGE_LOOP('',(#568,#569,#570,#571));
#1162=EDGE_LOOP('',(#572,#573,#574,#575));
#1163=EDGE_LOOP('',(#576,#577,#578,#579));
#1164=EDGE_LOOP('',(#580,#581,#582,#583));
#1165=EDGE_LOOP('',(#584,#585,#586,#587));
#1166=EDGE_LOOP('',(#588,#589,#590,#591));
#1167=EDGE_LOOP('',(#592,#593,#594,#595));
#1168=EDGE_LOOP('',(#596,#597,#598,#599));
#1169=EDGE_LOOP('',(#600,#601,#602,#603));
#1170=EDGE_LOOP('',(#604,#605,#606,#607));
#1171=EDGE_LOOP('',(#608,#609,#610,#611));
#1172=EDGE_LOOP('',(#612,#613,#614,#615));
#1173=EDGE_LOOP('',(#616,#617,#618,#619));
#1174=EDGE_LOOP('',(#620,#621,#622,#623));
#1175=EDGE_LOOP('',(#624,#625,#626,#627));
#1176=EDGE_LOOP('',(#628,#629,#630,#631));
#1177=EDGE_LOOP('',(#632,#633,#634,#635));
#1178=EDGE_LOOP('',(#636,#637,#638,#639));
#1179=EDGE_LOOP('',(#640,#641,#642,#643));
#1180=EDGE_LOOP('',(#644,#645,#646,#647));
#1181=EDGE_LOOP('',(#648,#649,#650,#651));
#1182=EDGE_LOOP('',(#652,#653,#654,#655,#656,#657,#658,#659,#660,#661,#662,
#663,#664,#665,#666,#667,#668,#669,#670,#671,#672,#673,#674,#675,#676,#677,
#678,#679,#680,#681,#682,#683));
#1183=EDGE_LOOP('',(#684,#685,#686,#687,#688,#689,#690,#691,#692,#693,#694,
#695,#696,#697,#698,#699,#700,#701,#702,#703,#704,#705,#706,#707,#708,#709,
#710,#711,#712,#713,#714,#715));
#1184=EDGE_LOOP('',(#716,#717,#718,#719));
#1185=EDGE_LOOP('',(#720,#721,#722,#723));
#1186=EDGE_LOOP('',(#724,#725,#726,#727));
#1187=EDGE_LOOP('',(#728,#729,#730,#731));
#1188=EDGE_LOOP('',(#732,#733,#734,#735));
#1189=EDGE_LOOP('',(#736,#737,#738,#739));
#1190=EDGE_LOOP('',(#740,#741,#742,#743));
#1191=EDGE_LOOP('',(#744,#745,#746,#747));
#1192=FACE_BOUND('',#1124,.T.);
#1193=FACE_BOUND('',#1125,.T.);
#1194=FACE_BOUND('',#1126,.T.);
#1195=FACE_BOUND('',#1127,.T.);
#1196=FACE_BOUND('',#1128,.T.);
#1197=FACE_BOUND('',#1129,.T.);
#1198=FACE_BOUND('',#1130,.T.);
#1199=FACE_BOUND('',#1131,.T.);
#1200=FACE_BOUND('',#1132,.T.);
#1201=FACE_BOUND('',#1133,.T.);
#1202=FACE_BOUND('',#1134,.T.);
#1203=FACE_BOUND('',#1135,.T.);
#1204=FACE_BOUND('',#1136,.T.);
#1205=FACE_BOUND('',#1137,.T.);
#1206=FACE_BOUND('',#1138,.T.);
#1207=FACE_BOUND('',#1139,.T.);
#1208=FACE_BOUND('',#1140,.T.);
#1209=FACE_BOUND('',#1141,.T.);
#1210=FACE_BOUND('',#1142,.T.);
#1211=FACE_BOUND('',#1143,.T.);
#1212=FACE_BOUND('',#1144,.T.);
#1213=FACE_BOUND('',#1145,.T.);
#1214=FACE_BOUND('',#1146,.T.);
#1215=FACE_BOUND('',#1147,.T.);
#1216=FACE_BOUND('',#1148,.T.);
#1217=FACE_BOUND('',#1149,.T.);
#1218=FACE_BOUND('',#1150,.T.);
#1219=FACE_BOUND('',#1151,.T.);
#1220=FACE_BOUND('',#1152,.T.);
#1221=FACE_BOUND('',#1153,.T.);
#1222=FACE_BOUND('',#1154,.T.);
#1223=FACE_BOUND('',#1155,.T.);
#1224=FACE_BOUND('',#1156,.T.);
#1225=FACE_BOUND('',#1157,.T.);
#1226=FACE_BOUND('',#1158,.T.);
#1227=FACE_BOUND('',#1159,.T.);
#1228=FACE_BOUND('',#1160,.T.);
#1229=FACE_BOUND('',#1161,.T.);
#1230=FACE_BOUND('',#1162,.T.);
#1231=FACE_BOUND('',#1163,.T.);
#1232=FACE_BOUND('',#1164,.T.);
#1233=FACE_BOUND('',#1165,.T.);
#1234=FACE_BOUND('',#1166,.T.);
#1235=FACE_BOUND('',#1167,.T.);
#1236=FACE_BOUND('',#1168,.T.);
#1237=FACE_BOUND('',#1169,.T.);
#1238=FACE_BOUND('',#1170,.T.);
#1239=FACE_BOUND('',#1171,.T.);
#1240=FACE_BOUND('',#1172,.T.);
#1241=FACE_BOUND('',#1173,.T.);
#1242=FACE_BOUND('',#1174,.T.);
#1243=FACE_BOUND('',#1175,.T.);
#1244=FACE_BOUND('',#1176,.T.);
#1245=FACE_BOUND('',#1177,.T.);
#1246=FACE_BOUND('',#1178,.T.);
#1247=FACE_BOUND('',#1179,.T.);
#1248=FACE_BOUND('',#1180,.T.);
#1249=FACE_BOUND('',#1181,.T.);
#1250=FACE_BOUND('',#1182,.T.);
#1251=FACE_BOUND('',#1183,.T.);
#1252=FACE_BOUND('',#1184,.T.);
#1253=FACE_BOUND('',#1185,.T.);
#1254=FACE_BOUND('',#1186,.T.);
#1255=FACE_BOUND('',#1187,.T.);
#1256=FACE_BOUND('',#1188,.T.);
#1257=FACE_BOUND('',#1189,.T.);
#1258=FACE_BOUND('',#1190,.T.);
#1259=FACE_BOUND('',#1191,.T.);
#1260=CYLINDRICAL_SURFACE('',#1563,0.0065);
#1261=CYLINDRICAL_SURFACE('',#1566,0.00788);
#1262=CYLINDRICAL_SURFACE('',#1570,0.00536000000000006);
#1263=CYLINDRICAL_SURFACE('',#1574,0.00788000000000091);
#1264=CYLINDRICAL_SURFACE('',#1580,0.00650000000000095);
#1265=CYLINDRICAL_SURFACE('',#1584,0.00674);
#1266=CYLINDRICAL_SURFACE('',#1588,0.00674000000226844);
#1267=CYLINDRICAL_SURFACE('',#1594,0.00536000000226843);
#1268=CYLINDRICAL_SURFACE('',#1597,0.00536);
#1269=CYLINDRICAL_SURFACE('',#1600,0.00674);
#1270=CYLINDRICAL_SURFACE('',#1617,0.00674);
#1271=CYLINDRICAL_SURFACE('',#1619,0.0065);
#1272=CYLINDRICAL_SURFACE('',#1622,0.00788);
#1273=CYLINDRICAL_SURFACE('',#1624,0.00536);
#1274=CYLINDRICAL_SURFACE('',#1626,0.0065);
#1275=CYLINDRICAL_SURFACE('',#1629,0.00788);
#1276=CYLINDRICAL_SURFACE('',#1633,0.00536000000000006);
#1277=CYLINDRICAL_SURFACE('',#1637,0.00788000000000091);
#1278=CYLINDRICAL_SURFACE('',#1643,0.00650000000000095);
#1279=CYLINDRICAL_SURFACE('',#1647,0.00674);
#1280=CYLINDRICAL_SURFACE('',#1651,0.00674000000226844);
#1281=CYLINDRICAL_SURFACE('',#1657,0.00536000000226843);
#1282=CYLINDRICAL_SURFACE('',#1660,0.00536);
#1283=CYLINDRICAL_SURFACE('',#1663,0.00674);
#1284=CYLINDRICAL_SURFACE('',#1680,0.00674);
#1285=CYLINDRICAL_SURFACE('',#1682,0.0065);
#1286=CYLINDRICAL_SURFACE('',#1685,0.00788);
#1287=CYLINDRICAL_SURFACE('',#1687,0.00536);
#1288=ADVANCED_FACE('',(#1192),#1260,.F.);
#1289=ADVANCED_FACE('',(#1193),#1261,.T.);
#1290=ADVANCED_FACE('',(#1194),#22,.F.);
#1291=ADVANCED_FACE('',(#1195),#1262,.F.);
#1292=ADVANCED_FACE('',(#1196),#23,.T.);
#1293=ADVANCED_FACE('',(#1197),#1263,.T.);
#1294=ADVANCED_FACE('',(#1198),#24,.F.);
#1295=ADVANCED_FACE('',(#1199),#25,.T.);
#1296=ADVANCED_FACE('',(#1200),#26,.T.);
#1297=ADVANCED_FACE('',(#1201),#1264,.F.);
#1298=ADVANCED_FACE('',(#1202),#27,.T.);
#1299=ADVANCED_FACE('',(#1203),#1265,.T.);
#1300=ADVANCED_FACE('',(#1204),#28,.T.);
#1301=ADVANCED_FACE('',(#1205),#1266,.T.);
#1302=ADVANCED_FACE('',(#1206),#29,.T.);
#1303=ADVANCED_FACE('',(#1207),#30,.F.);
#1304=ADVANCED_FACE('',(#1208),#31,.F.);
#1305=ADVANCED_FACE('',(#1209),#1267,.F.);
#1306=ADVANCED_FACE('',(#1210),#1268,.F.);
#1307=ADVANCED_FACE('',(#1211),#1269,.T.);
#1308=ADVANCED_FACE('',(#1212),#32,.T.);
#1309=ADVANCED_FACE('',(#1213),#33,.T.);
#1310=ADVANCED_FACE('',(#1214),#34,.F.);
#1311=ADVANCED_FACE('',(#1215),#35,.T.);
#1312=ADVANCED_FACE('',(#1216),#36,.T.);
#1313=ADVANCED_FACE('',(#1217),#37,.F.);
#1314=ADVANCED_FACE('',(#1218),#1270,.T.);
#1315=ADVANCED_FACE('',(#1219),#38,.T.);
#1316=ADVANCED_FACE('',(#1220),#1271,.F.);
#1317=ADVANCED_FACE('',(#1221),#39,.T.);
#1318=ADVANCED_FACE('',(#1222),#40,.F.);
#1319=ADVANCED_FACE('',(#1223),#1272,.T.);
#1320=ADVANCED_FACE('',(#1224),#41,.F.);
#1321=ADVANCED_FACE('',(#1225),#1273,.F.);
#1322=ADVANCED_FACE('',(#1226),#1274,.F.);
#1323=ADVANCED_FACE('',(#1227),#1275,.T.);
#1324=ADVANCED_FACE('',(#1228),#42,.F.);
#1325=ADVANCED_FACE('',(#1229),#1276,.F.);
#1326=ADVANCED_FACE('',(#1230),#43,.T.);
#1327=ADVANCED_FACE('',(#1231),#1277,.T.);
#1328=ADVANCED_FACE('',(#1232),#44,.F.);
#1329=ADVANCED_FACE('',(#1233),#45,.T.);
#1330=ADVANCED_FACE('',(#1234),#46,.T.);
#1331=ADVANCED_FACE('',(#1235),#1278,.F.);
#1332=ADVANCED_FACE('',(#1236),#47,.T.);
#1333=ADVANCED_FACE('',(#1237),#1279,.T.);
#1334=ADVANCED_FACE('',(#1238),#48,.T.);
#1335=ADVANCED_FACE('',(#1239),#1280,.T.);
#1336=ADVANCED_FACE('',(#1240),#49,.T.);
#1337=ADVANCED_FACE('',(#1241),#50,.F.);
#1338=ADVANCED_FACE('',(#1242),#51,.F.);
#1339=ADVANCED_FACE('',(#1243),#1281,.F.);
#1340=ADVANCED_FACE('',(#1244),#1282,.F.);
#1341=ADVANCED_FACE('',(#1245),#1283,.T.);
#1342=ADVANCED_FACE('',(#1246),#52,.T.);
#1343=ADVANCED_FACE('',(#1247),#53,.T.);
#1344=ADVANCED_FACE('',(#1248),#54,.F.);
#1345=ADVANCED_FACE('',(#1249),#55,.T.);
#1346=ADVANCED_FACE('',(#1250),#56,.T.);
#1347=ADVANCED_FACE('',(#1251),#57,.F.);
#1348=ADVANCED_FACE('',(#1252),#1284,.T.);
#1349=ADVANCED_FACE('',(#1253),#58,.T.);
#1350=ADVANCED_FACE('',(#1254),#1285,.F.);
#1351=ADVANCED_FACE('',(#1255),#59,.T.);
#1352=ADVANCED_FACE('',(#1256),#60,.F.);
#1353=ADVANCED_FACE('',(#1257),#1286,.T.);
#1354=ADVANCED_FACE('',(#1258),#61,.F.);
#1355=ADVANCED_FACE('',(#1259),#1287,.F.);
#1356=CLOSED_SHELL('',(#1288,#1289,#1290,#1291,#1292,#1293,#1294,#1295,
#1296,#1297,#1298,#1299,#1300,#1301,#1302,#1303,#1304,#1305,#1306,#1307,
#1308,#1309,#1310,#1311,#1312,#1313,#1314,#1315,#1316,#1317,#1318,#1319,
#1320,#1321));
#1357=CLOSED_SHELL('',(#1322,#1323,#1324,#1325,#1326,#1327,#1328,#1329,
#1330,#1331,#1332,#1333,#1334,#1335,#1336,#1337,#1338,#1339,#1340,#1341,
#1342,#1343,#1344,#1345,#1346,#1347,#1348,#1349,#1350,#1351,#1352,#1353,
#1354,#1355));
#1358=STYLED_ITEM('',(#1360),#1554);
#1359=STYLED_ITEM('',(#1376),#1555);
#1360=PRESENTATION_STYLE_ASSIGNMENT((#1392));
#1361=PRESENTATION_STYLE_ASSIGNMENT((#1393));
#1362=PRESENTATION_STYLE_ASSIGNMENT((#1394));
#1363=PRESENTATION_STYLE_ASSIGNMENT((#1395));
#1364=PRESENTATION_STYLE_ASSIGNMENT((#1396));
#1365=PRESENTATION_STYLE_ASSIGNMENT((#1397));
#1366=PRESENTATION_STYLE_ASSIGNMENT((#1398));
#1367=PRESENTATION_STYLE_ASSIGNMENT((#1399));
#1368=PRESENTATION_STYLE_ASSIGNMENT((#1400));
#1369=PRESENTATION_STYLE_ASSIGNMENT((#1401));
#1370=PRESENTATION_STYLE_ASSIGNMENT((#1402));
#1371=PRESENTATION_STYLE_ASSIGNMENT((#1403));
#1372=PRESENTATION_STYLE_ASSIGNMENT((#1404));
#1373=PRESENTATION_STYLE_ASSIGNMENT((#1405));
#1374=PRESENTATION_STYLE_ASSIGNMENT((#1406));
#1375=PRESENTATION_STYLE_ASSIGNMENT((#1407));
#1376=PRESENTATION_STYLE_ASSIGNMENT((#1408));
#1377=PRESENTATION_STYLE_ASSIGNMENT((#1409));
#1378=PRESENTATION_STYLE_ASSIGNMENT((#1410));
#1379=PRESENTATION_STYLE_ASSIGNMENT((#1411));
#1380=PRESENTATION_STYLE_ASSIGNMENT((#1412));
#1381=PRESENTATION_STYLE_ASSIGNMENT((#1413));
#1382=PRESENTATION_STYLE_ASSIGNMENT((#1414));
#1383=PRESENTATION_STYLE_ASSIGNMENT((#1415));
#1384=PRESENTATION_STYLE_ASSIGNMENT((#1416));
#1385=PRESENTATION_STYLE_ASSIGNMENT((#1417));
#1386=PRESENTATION_STYLE_ASSIGNMENT((#1418));
#1387=PRESENTATION_STYLE_ASSIGNMENT((#1419));
#1388=PRESENTATION_STYLE_ASSIGNMENT((#1420));
#1389=PRESENTATION_STYLE_ASSIGNMENT((#1421));
#1390=PRESENTATION_STYLE_ASSIGNMENT((#1422));
#1391=PRESENTATION_STYLE_ASSIGNMENT((#1423));
#1392=SURFACE_STYLE_USAGE(.BOTH.,#1424);
#1393=SURFACE_STYLE_USAGE(.BOTH.,#1425);
#1394=SURFACE_STYLE_USAGE(.BOTH.,#1426);
#1395=SURFACE_STYLE_USAGE(.BOTH.,#1427);
#1396=SURFACE_STYLE_USAGE(.BOTH.,#1428);
#1397=SURFACE_STYLE_USAGE(.BOTH.,#1429);
#1398=SURFACE_STYLE_USAGE(.BOTH.,#1430);
#1399=SURFACE_STYLE_USAGE(.BOTH.,#1431);
#1400=SURFACE_STYLE_USAGE(.BOTH.,#1432);
#1401=SURFACE_STYLE_USAGE(.BOTH.,#1433);
#1402=SURFACE_STYLE_USAGE(.BOTH.,#1434);
#1403=SURFACE_STYLE_USAGE(.BOTH.,#1435);
#1404=SURFACE_STYLE_USAGE(.BOTH.,#1436);
#1405=SURFACE_STYLE_USAGE(.BOTH.,#1437);
#1406=SURFACE_STYLE_USAGE(.BOTH.,#1438);
#1407=SURFACE_STYLE_USAGE(.BOTH.,#1439);
#1408=SURFACE_STYLE_USAGE(.BOTH.,#1440);
#1409=SURFACE_STYLE_USAGE(.BOTH.,#1441);
#1410=SURFACE_STYLE_USAGE(.BOTH.,#1442);
#1411=SURFACE_STYLE_USAGE(.BOTH.,#1443);
#1412=SURFACE_STYLE_USAGE(.BOTH.,#1444);
#1413=SURFACE_STYLE_USAGE(.BOTH.,#1445);
#1414=SURFACE_STYLE_USAGE(.BOTH.,#1446);
#1415=SURFACE_STYLE_USAGE(.BOTH.,#1447);
#1416=SURFACE_STYLE_USAGE(.BOTH.,#1448);
#1417=SURFACE_STYLE_USAGE(.BOTH.,#1449);
#1418=SURFACE_STYLE_USAGE(.BOTH.,#1450);
#1419=SURFACE_STYLE_USAGE(.BOTH.,#1451);
#1420=SURFACE_STYLE_USAGE(.BOTH.,#1452);
#1421=SURFACE_STYLE_USAGE(.BOTH.,#1453);
#1422=SURFACE_STYLE_USAGE(.BOTH.,#1454);
#1423=SURFACE_STYLE_USAGE(.BOTH.,#1455);
#1424=SURFACE_SIDE_STYLE('',(#1456));
#1425=SURFACE_SIDE_STYLE('',(#1457));
#1426=SURFACE_SIDE_STYLE('',(#1458));
#1427=SURFACE_SIDE_STYLE('',(#1459));
#1428=SURFACE_SIDE_STYLE('',(#1460));
#1429=SURFACE_SIDE_STYLE('',(#1461));
#1430=SURFACE_SIDE_STYLE('',(#1462));
#1431=SURFACE_SIDE_STYLE('',(#1463));
#1432=SURFACE_SIDE_STYLE('',(#1464));
#1433=SURFACE_SIDE_STYLE('',(#1465));
#1434=SURFACE_SIDE_STYLE('',(#1466));
#1435=SURFACE_SIDE_STYLE('',(#1467));
#1436=SURFACE_SIDE_STYLE('',(#1468));
#1437=SURFACE_SIDE_STYLE('',(#1469));
#1438=SURFACE_SIDE_STYLE('',(#1470));
#1439=SURFACE_SIDE_STYLE('',(#1471));
#1440=SURFACE_SIDE_STYLE('',(#1472));
#1441=SURFACE_SIDE_STYLE('',(#1473));
#1442=SURFACE_SIDE_STYLE('',(#1474));
#1443=SURFACE_SIDE_STYLE('',(#1475));
#1444=SURFACE_SIDE_STYLE('',(#1476));
#1445=SURFACE_SIDE_STYLE('',(#1477));
#1446=SURFACE_SIDE_STYLE('',(#1478));
#1447=SURFACE_SIDE_STYLE('',(#1479));
#1448=SURFACE_SIDE_STYLE('',(#1480));
#1449=SURFACE_SIDE_STYLE('',(#1481));
#1450=SURFACE_SIDE_STYLE('',(#1482));
#1451=SURFACE_SIDE_STYLE('',(#1483));
#1452=SURFACE_SIDE_STYLE('',(#1484));
#1453=SURFACE_SIDE_STYLE('',(#1485));
#1454=SURFACE_SIDE_STYLE('',(#1486));
#1455=SURFACE_SIDE_STYLE('',(#1487));
#1456=SURFACE_STYLE_FILL_AREA(#1488);
#1457=SURFACE_STYLE_FILL_AREA(#1489);
#1458=SURFACE_STYLE_FILL_AREA(#1490);
#1459=SURFACE_STYLE_FILL_AREA(#1491);
#1460=SURFACE_STYLE_FILL_AREA(#1492);
#1461=SURFACE_STYLE_FILL_AREA(#1493);
#1462=SURFACE_STYLE_FILL_AREA(#1494);
#1463=SURFACE_STYLE_FILL_AREA(#1495);
#1464=SURFACE_STYLE_FILL_AREA(#1496);
#1465=SURFACE_STYLE_FILL_AREA(#1497);
#1466=SURFACE_STYLE_FILL_AREA(#1498);
#1467=SURFACE_STYLE_FILL_AREA(#1499);
#1468=SURFACE_STYLE_FILL_AREA(#1500);
#1469=SURFACE_STYLE_FILL_AREA(#1501);
#1470=SURFACE_STYLE_FILL_AREA(#1502);
#1471=SURFACE_STYLE_FILL_AREA(#1503);
#1472=SURFACE_STYLE_FILL_AREA(#1504);
#1473=SURFACE_STYLE_FILL_AREA(#1505);
#1474=SURFACE_STYLE_FILL_AREA(#1506);
#1475=SURFACE_STYLE_FILL_AREA(#1507);
#1476=SURFACE_STYLE_FILL_AREA(#1508);
#1477=SURFACE_STYLE_FILL_AREA(#1509);
#1478=SURFACE_STYLE_FILL_AREA(#1510);
#1479=SURFACE_STYLE_FILL_AREA(#1511);
#1480=SURFACE_STYLE_FILL_AREA(#1512);
#1481=SURFACE_STYLE_FILL_AREA(#1513);
#1482=SURFACE_STYLE_FILL_AREA(#1514);
#1483=SURFACE_STYLE_FILL_AREA(#1515);
#1484=SURFACE_STYLE_FILL_AREA(#1516);
#1485=SURFACE_STYLE_FILL_AREA(#1517);
#1486=SURFACE_STYLE_FILL_AREA(#1518);
#1487=SURFACE_STYLE_FILL_AREA(#1519);
#1488=FILL_AREA_STYLE('',(#1520));
#1489=FILL_AREA_STYLE('',(#1521));
#1490=FILL_AREA_STYLE('',(#1522));
#1491=FILL_AREA_STYLE('',(#1523));
#1492=FILL_AREA_STYLE('',(#1524));
#1493=FILL_AREA_STYLE('',(#1525));
#1494=FILL_AREA_STYLE('',(#1526));
#1495=FILL_AREA_STYLE('',(#1527));
#1496=FILL_AREA_STYLE('',(#1528));
#1497=FILL_AREA_STYLE('',(#1529));
#1498=FILL_AREA_STYLE('',(#1530));
#1499=FILL_AREA_STYLE('',(#1531));
#1500=FILL_AREA_STYLE('',(#1532));
#1501=FILL_AREA_STYLE('',(#1533));
#1502=FILL_AREA_STYLE('',(#1534));
#1503=FILL_AREA_STYLE('',(#1535));
#1504=FILL_AREA_STYLE('',(#1536));
#1505=FILL_AREA_STYLE('',(#1537));
#1506=FILL_AREA_STYLE('',(#1538));
#1507=FILL_AREA_STYLE('',(#1539));
#1508=FILL_AREA_STYLE('',(#1540));
#1509=FILL_AREA_STYLE('',(#1541));
#1510=FILL_AREA_STYLE('',(#1542));
#1511=FILL_AREA_STYLE('',(#1543));
#1512=FILL_AREA_STYLE('',(#1544));
#1513=FILL_AREA_STYLE('',(#1545));
#1514=FILL_AREA_STYLE('',(#1546));
#1515=FILL_AREA_STYLE('',(#1547));
#1516=FILL_AREA_STYLE('',(#1548));
#1517=FILL_AREA_STYLE('',(#1549));
#1518=FILL_AREA_STYLE('',(#1550));
#1519=FILL_AREA_STYLE('',(#1551));
#1520=FILL_AREA_STYLE_COLOUR('',#1552);
#1521=FILL_AREA_STYLE_COLOUR('',#1553);
#1522=FILL_AREA_STYLE_COLOUR('',#1553);
#1523=FILL_AREA_STYLE_COLOUR('',#1553);
#1524=FILL_AREA_STYLE_COLOUR('',#1553);
#1525=FILL_AREA_STYLE_COLOUR('',#1553);
#1526=FILL_AREA_STYLE_COLOUR('',#1553);
#1527=FILL_AREA_STYLE_COLOUR('',#1553);
#1528=FILL_AREA_STYLE_COLOUR('',#1553);
#1529=FILL_AREA_STYLE_COLOUR('',#1553);
#1530=FILL_AREA_STYLE_COLOUR('',#1553);
#1531=FILL_AREA_STYLE_COLOUR('',#1553);
#1532=FILL_AREA_STYLE_COLOUR('',#1553);
#1533=FILL_AREA_STYLE_COLOUR('',#1553);
#1534=FILL_AREA_STYLE_COLOUR('',#1553);
#1535=FILL_AREA_STYLE_COLOUR('',#1553);
#1536=FILL_AREA_STYLE_COLOUR('',#1552);
#1537=FILL_AREA_STYLE_COLOUR('',#1553);
#1538=FILL_AREA_STYLE_COLOUR('',#1553);
#1539=FILL_AREA_STYLE_COLOUR('',#1553);
#1540=FILL_AREA_STYLE_COLOUR('',#1553);
#1541=FILL_AREA_STYLE_COLOUR('',#1553);
#1542=FILL_AREA_STYLE_COLOUR('',#1553);
#1543=FILL_AREA_STYLE_COLOUR('',#1553);
#1544=FILL_AREA_STYLE_COLOUR('',#1553);
#1545=FILL_AREA_STYLE_COLOUR('',#1553);
#1546=FILL_AREA_STYLE_COLOUR('',#1553);
#1547=FILL_AREA_STYLE_COLOUR('',#1553);
#1548=FILL_AREA_STYLE_COLOUR('',#1553);
#1549=FILL_AREA_STYLE_COLOUR('',#1553);
#1550=FILL_AREA_STYLE_COLOUR('',#1553);
#1551=FILL_AREA_STYLE_COLOUR('',#1553);
#1552=COLOUR_RGB('',0.196078431372549,0.196078431372549,0.196078431372549);
#1553=COLOUR_RGB('',0.756862745098039,0.462745098039216,0.109803921568627);
#1554=MANIFOLD_SOLID_BREP('2WD_Top_Belt',#1356);
#1555=MANIFOLD_SOLID_BREP('2WD_Bottom_Belt',#1357);
#1556=SHAPE_DEFINITION_REPRESENTATION(#2480,#1559);
#1557=SHAPE_DEFINITION_REPRESENTATION(#2481,#1560);
#1558=SHAPE_DEFINITION_REPRESENTATION(#2483,#1561);
#1559=SHAPE_REPRESENTATION('Assembly 1',(#1562,#1625,#1688),#2471);
#1560=SHAPE_REPRESENTATION('2WD_Top_Belt',(#1562),#2472);
#1561=SHAPE_REPRESENTATION('2WD_Bottom_Belt',(#1562),#2473);
#1562=AXIS2_PLACEMENT_3D('',#2079,#1689,#1690);
#1563=AXIS2_PLACEMENT_3D('',#2080,#1691,#1692);
#1564=AXIS2_PLACEMENT_3D('',#2081,#1693,#1694);
#1565=AXIS2_PLACEMENT_3D('',#2086,#1696,#1697);
#1566=AXIS2_PLACEMENT_3D('',#2089,#1699,#1700);
#1567=AXIS2_PLACEMENT_3D('',#2090,#1701,#1702);
#1568=AXIS2_PLACEMENT_3D('',#2095,#1704,#1705);
#1569=AXIS2_PLACEMENT_3D('',#2098,#1707,#1708);
#1570=AXIS2_PLACEMENT_3D('',#2104,#1712,#1713);
#1571=AXIS2_PLACEMENT_3D('',#2105,#1714,#1715);
#1572=AXIS2_PLACEMENT_3D('',#2109,#1717,#1718);
#1573=AXIS2_PLACEMENT_3D('',#2110,#1719,#1720);
#1574=AXIS2_PLACEMENT_3D('',#2116,#1724,#1725);
#1575=AXIS2_PLACEMENT_3D('',#2117,#1726,#1727);
#1576=AXIS2_PLACEMENT_3D('',#2119,#1728,#1729);
#1577=AXIS2_PLACEMENT_3D('',#2122,#1731,#1732);
#1578=AXIS2_PLACEMENT_3D('',#2128,#1736,#1737);
#1579=AXIS2_PLACEMENT_3D('',#2134,#1741,#1742);
#1580=AXIS2_PLACEMENT_3D('',#2140,#1746,#1747);
#1581=AXIS2_PLACEMENT_3D('',#2141,#1748,#1749);
#1582=AXIS2_PLACEMENT_3D('',#2143,#1750,#1751);
#1583=AXIS2_PLACEMENT_3D('',#2146,#1753,#1754);
#1584=AXIS2_PLACEMENT_3D('',#2152,#1758,#1759);
#1585=AXIS2_PLACEMENT_3D('',#2153,#1760,#1761);
#1586=AXIS2_PLACEMENT_3D('',#2157,#1763,#1764);
#1587=AXIS2_PLACEMENT_3D('',#2158,#1765,#1766);
#1588=AXIS2_PLACEMENT_3D('',#2161,#1769,#1770);
#1589=AXIS2_PLACEMENT_3D('',#2162,#1771,#1772);
#1590=AXIS2_PLACEMENT_3D('',#2167,#1774,#1775);
#1591=AXIS2_PLACEMENT_3D('',#2170,#1777,#1778);
#1592=AXIS2_PLACEMENT_3D('',#2176,#1782,#1783);
#1593=AXIS2_PLACEMENT_3D('',#2182,#1787,#1788);
#1594=AXIS2_PLACEMENT_3D('',#2188,#1792,#1793);
#1595=AXIS2_PLACEMENT_3D('',#2189,#1794,#1795);
#1596=AXIS2_PLACEMENT_3D('',#2191,#1796,#1797);
#1597=AXIS2_PLACEMENT_3D('',#2194,#1799,#1800);
#1598=AXIS2_PLACEMENT_3D('',#2195,#1801,#1802);
#1599=AXIS2_PLACEMENT_3D('',#2200,#1804,#1805);
#1600=AXIS2_PLACEMENT_3D('',#2203,#1807,#1808);
#1601=AXIS2_PLACEMENT_3D('',#2204,#1809,#1810);
#1602=AXIS2_PLACEMENT_3D('',#2209,#1812,#1813);
#1603=AXIS2_PLACEMENT_3D('',#2212,#1815,#1816);
#1604=AXIS2_PLACEMENT_3D('',#2215,#1819,#1820);
#1605=AXIS2_PLACEMENT_3D('',#2218,#1823,#1824);
#1606=AXIS2_PLACEMENT_3D('',#2224,#1828,#1829);
#1607=AXIS2_PLACEMENT_3D('',#2230,#1833,#1834);
#1608=AXIS2_PLACEMENT_3D('',#2231,#1835,#1836);
#1609=AXIS2_PLACEMENT_3D('',#2235,#1838,#1839);
#1610=AXIS2_PLACEMENT_3D('',#2240,#1842,#1843);
#1611=AXIS2_PLACEMENT_3D('',#2244,#1845,#1846);
#1612=AXIS2_PLACEMENT_3D('',#2245,#1847,#1848);
#1613=AXIS2_PLACEMENT_3D('',#2246,#1849,#1850);
#1614=AXIS2_PLACEMENT_3D('',#2250,#1852,#1853);
#1615=AXIS2_PLACEMENT_3D('',#2255,#1856,#1857);
#1616=AXIS2_PLACEMENT_3D('',#2259,#1859,#1860);
#1617=AXIS2_PLACEMENT_3D('',#2260,#1861,#1862);
#1618=AXIS2_PLACEMENT_3D('',#2262,#1864,#1865);
#1619=AXIS2_PLACEMENT_3D('',#2264,#1867,#1868);
#1620=AXIS2_PLACEMENT_3D('',#2266,#1870,#1871);
#1621=AXIS2_PLACEMENT_3D('',#2267,#1872,#1873);
#1622=AXIS2_PLACEMENT_3D('',#2269,#1875,#1876);
#1623=AXIS2_PLACEMENT_3D('',#2271,#1878,#1879);
#1624=AXIS2_PLACEMENT_3D('',#2273,#1881,#1882);
#1625=AXIS2_PLACEMENT_3D('',#2274,#1883,#1884);
#1626=AXIS2_PLACEMENT_3D('',#2275,#1885,#1886);
#1627=AXIS2_PLACEMENT_3D('',#2276,#1887,#1888);
#1628=AXIS2_PLACEMENT_3D('',#2281,#1890,#1891);
#1629=AXIS2_PLACEMENT_3D('',#2284,#1893,#1894);
#1630=AXIS2_PLACEMENT_3D('',#2285,#1895,#1896);
#1631=AXIS2_PLACEMENT_3D('',#2290,#1898,#1899);
#1632=AXIS2_PLACEMENT_3D('',#2293,#1901,#1902);
#1633=AXIS2_PLACEMENT_3D('',#2299,#1906,#1907);
#1634=AXIS2_PLACEMENT_3D('',#2300,#1908,#1909);
#1635=AXIS2_PLACEMENT_3D('',#2302,#1910,#1911);
#1636=AXIS2_PLACEMENT_3D('',#2305,#1913,#1914);
#1637=AXIS2_PLACEMENT_3D('',#2311,#1918,#1919);
#1638=AXIS2_PLACEMENT_3D('',#2312,#1920,#1921);
#1639=AXIS2_PLACEMENT_3D('',#2316,#1923,#1924);
#1640=AXIS2_PLACEMENT_3D('',#2317,#1925,#1926);
#1641=AXIS2_PLACEMENT_3D('',#2323,#1930,#1931);
#1642=AXIS2_PLACEMENT_3D('',#2329,#1935,#1936);
#1643=AXIS2_PLACEMENT_3D('',#2335,#1940,#1941);
#1644=AXIS2_PLACEMENT_3D('',#2336,#1942,#1943);
#1645=AXIS2_PLACEMENT_3D('',#2340,#1945,#1946);
#1646=AXIS2_PLACEMENT_3D('',#2341,#1947,#1948);
#1647=AXIS2_PLACEMENT_3D('',#2347,#1952,#1953);
#1648=AXIS2_PLACEMENT_3D('',#2348,#1954,#1955);
#1649=AXIS2_PLACEMENT_3D('',#2350,#1956,#1957);
#1650=AXIS2_PLACEMENT_3D('',#2353,#1959,#1960);
#1651=AXIS2_PLACEMENT_3D('',#2356,#1963,#1964);
#1652=AXIS2_PLACEMENT_3D('',#2357,#1965,#1966);
#1653=AXIS2_PLACEMENT_3D('',#2362,#1968,#1969);
#1654=AXIS2_PLACEMENT_3D('',#2365,#1971,#1972);
#1655=AXIS2_PLACEMENT_3D('',#2371,#1976,#1977);
#1656=AXIS2_PLACEMENT_3D('',#2377,#1981,#1982);
#1657=AXIS2_PLACEMENT_3D('',#2383,#1986,#1987);
#1658=AXIS2_PLACEMENT_3D('',#2384,#1988,#1989);
#1659=AXIS2_PLACEMENT_3D('',#2388,#1991,#1992);
#1660=AXIS2_PLACEMENT_3D('',#2389,#1993,#1994);
#1661=AXIS2_PLACEMENT_3D('',#2390,#1995,#1996);
#1662=AXIS2_PLACEMENT_3D('',#2395,#1998,#1999);
#1663=AXIS2_PLACEMENT_3D('',#2398,#2001,#2002);
#1664=AXIS2_PLACEMENT_3D('',#2399,#2003,#2004);
#1665=AXIS2_PLACEMENT_3D('',#2404,#2006,#2007);
#1666=AXIS2_PLACEMENT_3D('',#2407,#2009,#2010);
#1667=AXIS2_PLACEMENT_3D('',#2410,#2013,#2014);
#1668=AXIS2_PLACEMENT_3D('',#2413,#2017,#2018);
#1669=AXIS2_PLACEMENT_3D('',#2419,#2022,#2023);
#1670=AXIS2_PLACEMENT_3D('',#2425,#2027,#2028);
#1671=AXIS2_PLACEMENT_3D('',#2426,#2029,#2030);
#1672=AXIS2_PLACEMENT_3D('',#2430,#2032,#2033);
#1673=AXIS2_PLACEMENT_3D('',#2435,#2036,#2037);
#1674=AXIS2_PLACEMENT_3D('',#2439,#2039,#2040);
#1675=AXIS2_PLACEMENT_3D('',#2440,#2041,#2042);
#1676=AXIS2_PLACEMENT_3D('',#2441,#2043,#2044);
#1677=AXIS2_PLACEMENT_3D('',#2445,#2046,#2047);
#1678=AXIS2_PLACEMENT_3D('',#2450,#2050,#2051);
#1679=AXIS2_PLACEMENT_3D('',#2454,#2053,#2054);
#1680=AXIS2_PLACEMENT_3D('',#2455,#2055,#2056);
#1681=AXIS2_PLACEMENT_3D('',#2457,#2058,#2059);
#1682=AXIS2_PLACEMENT_3D('',#2459,#2061,#2062);
#1683=AXIS2_PLACEMENT_3D('',#2461,#2064,#2065);
#1684=AXIS2_PLACEMENT_3D('',#2462,#2066,#2067);
#1685=AXIS2_PLACEMENT_3D('',#2464,#2069,#2070);
#1686=AXIS2_PLACEMENT_3D('',#2466,#2072,#2073);
#1687=AXIS2_PLACEMENT_3D('',#2468,#2075,#2076);
#1688=AXIS2_PLACEMENT_3D('',#2469,#2077,#2078);
#1689=DIRECTION('',(0.,0.,1.));
#1690=DIRECTION('',(1.,0.,0.));
#1691=DIRECTION('',(2.00810188876492E-6,3.3989484725354E-9,0.999999999997984));
#1692=DIRECTION('',(6.76992407313343E-15,-1.,3.39894847252867E-9));
#1693=DIRECTION('',(2.00810218947252E-6,3.3989484725354E-9,0.999999999997984));
#1694=DIRECTION('',(0.999999999997984,0.,-2.00810218947252E-6));
#1695=DIRECTION('',(2.00810188876492E-6,3.3989484725354E-9,0.999999999997984));
#1696=DIRECTION('',(2.00810188876492E-6,3.3989484725354E-9,0.999999999997984));
#1697=DIRECTION('',(6.76992407313343E-15,-1.,3.39894847252867E-9));
#1698=DIRECTION('',(2.00810188876492E-6,3.3989484725354E-9,0.999999999997984));
#1699=DIRECTION('',(2.00810188876492E-6,3.3989484725354E-9,0.999999999997984));
#1700=DIRECTION('',(6.76992407313343E-15,-1.,3.39894847252867E-9));
#1701=DIRECTION('',(2.00810218947252E-6,3.3989484725354E-9,0.999999999997984));
#1702=DIRECTION('',(0.999999999997984,0.,-2.00810218947252E-6));
#1703=DIRECTION('',(2.00810188876492E-6,3.3989484725354E-9,0.999999999997984));
#1704=DIRECTION('',(2.00810188876492E-6,3.3989484725354E-9,0.999999999997984));
#1705=DIRECTION('',(6.76992407313343E-15,-1.,3.39894847252867E-9));
#1706=DIRECTION('',(2.00810188876492E-6,3.3989484725354E-9,0.999999999997984));
#1707=DIRECTION('',(-0.785510057677745,0.618848890509326,1.57528079497857E-6));
#1708=DIRECTION('',(-0.618848890508113,-0.785510057679325,1.22530119068323E-6));
#1709=DIRECTION('',(-0.618848890508073,-0.785510057679325,1.24538172019512E-6));
#1710=DIRECTION('',(2.00810188876492E-6,3.3989484725354E-9,0.999999999997984));
#1711=DIRECTION('',(-0.618848890508073,-0.785510057679324,1.24538153410256E-6));
#1712=DIRECTION('',(2.00810188876492E-6,3.3989484725354E-9,0.999999999997984));
#1713=DIRECTION('',(6.76992407313343E-15,-1.,3.39894847252867E-9));
#1714=DIRECTION('',(2.00810218947252E-6,3.3989484725354E-9,0.999999999997984));
#1715=DIRECTION('',(0.999999999997984,0.,-2.00810218947252E-6));
#1716=DIRECTION('',(2.00810188876492E-6,3.3989484725354E-9,0.999999999997984));
#1717=DIRECTION('',(2.00810188876492E-6,3.3989484725354E-9,0.999999999997984));
#1718=DIRECTION('',(6.76992407313343E-15,-1.,3.39894847252867E-9));
#1719=DIRECTION('',(-0.999999999997984,5.55121454065712E-17,2.00810200031895E-6));
#1720=DIRECTION('',(6.77024925689066E-15,-1.,3.39911090223497E-9));
#1721=DIRECTION('',(-6.7699230812729E-15,1.,-3.39894847252866E-9));
#1722=DIRECTION('',(-6.7699230812729E-15,1.,-3.39894847252866E-9));
#1723=DIRECTION('',(-2.00810188876492E-6,-3.3989484725354E-9,-0.999999999997984));
#1724=DIRECTION('',(-2.00810188876492E-6,-3.3989484725354E-9,-0.999999999997984));
#1725=DIRECTION('',(-6.76992308127293E-15,1.,-3.39894847252867E-9));
#1726=DIRECTION('',(2.00810188876492E-6,3.3989484725354E-9,0.999999999997984));
#1727=DIRECTION('',(6.76992308127293E-15,-1.,3.39894847252867E-9));
#1728=DIRECTION('',(2.00810218947252E-6,3.3989484725354E-9,0.999999999997984));
#1729=DIRECTION('',(0.999999999997984,0.,-2.00810218947252E-6));
#1730=DIRECTION('',(-2.00810188876492E-6,-3.3989484725354E-9,-0.999999999997984));
#1731=DIRECTION('',(6.89262233394794E-15,-1.,3.39894847252842E-9));
#1732=DIRECTION('',(-2.00810200031895E-6,-3.3989484725354E-9,-0.999999999997984));
#1733=DIRECTION('',(0.999999999997984,6.71874864350706E-17,-2.00810188876492E-6));
#1734=DIRECTION('',(0.999999999997984,6.71864643454443E-17,-2.00810218947252E-6));
#1735=DIRECTION('',(-2.00810200031895E-6,-3.3989484725354E-9,-0.999999999997984));
#1736=DIRECTION('',(0.999999999997984,-5.55121454065712E-17,-2.00810200031895E-6));
#1737=DIRECTION('',(-2.00810200031895E-6,-3.399110902242E-9,-0.999999999997984));
#1738=DIRECTION('',(6.76992308127293E-15,-1.,3.39894847252867E-9));
#1739=DIRECTION('',(6.7699230812729E-15,-1.,3.39894847252866E-9));
#1740=DIRECTION('',(-2.00810200031895E-6,-3.3989484725354E-9,-0.999999999997984));
#1741=DIRECTION('',(6.89333987343716E-15,-1.,3.39894847252842E-9));
#1742=DIRECTION('',(-2.00810200031895E-6,-3.3989484725354E-9,-0.999999999997984));
#1743=DIRECTION('',(0.999999999997984,6.79050259242936E-17,-2.00810188876492E-6));
#1744=DIRECTION('',(0.999999999997984,6.79040038346712E-17,-2.00810218947252E-6));
#1745=DIRECTION('',(-2.00810188876492E-6,-3.3989484725354E-9,-0.999999999997984));
#1746=DIRECTION('',(-2.00810188876492E-6,-3.3989484725354E-9,-0.999999999997984));
#1747=DIRECTION('',(-6.76992308127293E-15,1.,-3.39894847252867E-9));
#1748=DIRECTION('',(2.00810188876492E-6,3.3989484725354E-9,0.999999999997984));
#1749=DIRECTION('',(6.76992308127293E-15,-1.,3.39894847252867E-9));
#1750=DIRECTION('',(2.00810218947252E-6,3.3989484725354E-9,0.999999999997984));
#1751=DIRECTION('',(0.999999999997984,0.,-2.00810218947252E-6));
#1752=DIRECTION('',(-2.00810188876492E-6,-3.3989484725354E-9,-0.999999999997984));
#1753=DIRECTION('',(0.999999999997984,-5.55121454065712E-17,-2.00810200031895E-6));
#1754=DIRECTION('',(-2.00810200031895E-6,-3.399110902242E-9,-0.999999999997984));
#1755=DIRECTION('',(-6.7699230812729E-15,1.,-3.39894847252866E-9));
#1756=DIRECTION('',(2.00810188876492E-6,3.3989484725354E-9,0.999999999997984));
#1757=DIRECTION('',(6.7699230812729E-15,-1.,3.39894847252866E-9));
#1758=DIRECTION('',(2.00810188876492E-6,3.3989484725354E-9,0.999999999997984));
#1759=DIRECTION('',(6.76992407313343E-15,-1.,3.39894847252867E-9));
#1760=DIRECTION('',(2.00810218947252E-6,3.3989484725354E-9,0.999999999997984));
#1761=DIRECTION('',(0.999999999997984,0.,-2.00810218947252E-6));
#1762=DIRECTION('',(2.00810188876492E-6,3.3989484725354E-9,0.999999999997984));
#1763=DIRECTION('',(2.00810188876492E-6,3.3989484725354E-9,0.999999999997984));
#1764=DIRECTION('',(6.76992407313343E-15,-1.,3.39894847252867E-9));
#1765=DIRECTION('',(-0.785510057677745,0.618848890509325,1.57528079497857E-6));
#1766=DIRECTION('',(-0.618848890508112,-0.785510057679326,1.22530119068323E-6));
#1767=DIRECTION('',(-0.618848890508072,-0.785510057679325,1.24538172019512E-6));
#1768=DIRECTION('',(-0.618848890508073,-0.785510057679325,1.24538153410256E-6));
#1769=DIRECTION('',(-2.00810188876492E-6,-3.3989484725354E-9,-0.999999999997984));
#1770=DIRECTION('',(-6.76992308127293E-15,1.,-3.39894847252867E-9));
#1771=DIRECTION('',(2.00810188876492E-6,3.3989484725354E-9,0.999999999997984));
#1772=DIRECTION('',(6.76992308127293E-15,-1.,3.39894847252867E-9));
#1773=DIRECTION('',(-2.00810188876492E-6,-3.3989484725354E-9,-0.999999999997984));
#1774=DIRECTION('',(2.00810218947252E-6,3.3989484725354E-9,0.999999999997984));
#1775=DIRECTION('',(0.999999999997984,0.,-2.00810218947252E-6));
#1776=DIRECTION('',(-2.00810188876492E-6,-3.3989484725354E-9,-0.999999999997984));
#1777=DIRECTION('',(6.89333987343716E-15,-1.,3.39894847252842E-9));
#1778=DIRECTION('',(-2.00810200031895E-6,-3.3989484725354E-9,-0.999999999997984));
#1779=DIRECTION('',(-0.999999999997984,-6.79050259242946E-17,2.00810188876492E-6));
#1780=DIRECTION('',(-0.999999999997984,-6.79040038346712E-17,2.00810218947252E-6));
#1781=DIRECTION('',(-2.00810200031895E-6,-3.3989484725354E-9,-0.999999999997984));
#1782=DIRECTION('',(0.999999999997984,-5.55121454065712E-17,-2.00810200031895E-6));
#1783=DIRECTION('',(-2.00810200031895E-6,-3.399110902242E-9,-0.999999999997984));
#1784=DIRECTION('',(6.76992308127293E-15,-1.,3.39894847252867E-9));
#1785=DIRECTION('',(6.7699230812729E-15,-1.,3.39894847252866E-9));
#1786=DIRECTION('',(-2.00810200031895E-6,-3.3989484725354E-9,-0.999999999997984));
#1787=DIRECTION('',(6.89262233394794E-15,-1.,3.39894847252842E-9));
#1788=DIRECTION('',(-2.00810200031895E-6,-3.3989484725354E-9,-0.999999999997984));
#1789=DIRECTION('',(-0.999999999997984,-6.71874864350716E-17,2.00810188876492E-6));
#1790=DIRECTION('',(-0.999999999997984,-6.71864643454443E-17,2.00810218947252E-6));
#1791=DIRECTION('',(-2.00810188876492E-6,-3.3989484725354E-9,-0.999999999997984));
#1792=DIRECTION('',(-2.00810188876492E-6,-3.3989484725354E-9,-0.999999999997984));
#1793=DIRECTION('',(-6.76992308127293E-15,1.,-3.39894847252867E-9));
#1794=DIRECTION('',(2.00810188876492E-6,3.3989484725354E-9,0.999999999997984));
#1795=DIRECTION('',(6.76992308127293E-15,-1.,3.39894847252867E-9));
#1796=DIRECTION('',(2.00810218947252E-6,3.3989484725354E-9,0.999999999997984));
#1797=DIRECTION('',(0.999999999997984,0.,-2.00810218947252E-6));
#1798=DIRECTION('',(-2.00810188876492E-6,-3.3989484725354E-9,-0.999999999997984));
#1799=DIRECTION('',(-2.00810218947252E-6,-3.3989484725354E-9,-0.999999999997984));
#1800=DIRECTION('',(-6.76992506499394E-15,1.,-3.39894847252867E-9));
#1801=DIRECTION('',(-2.00810218947252E-6,-3.3989484725354E-9,-0.999999999997984));
#1802=DIRECTION('',(6.76992506499394E-15,-1.,3.39894847252867E-9));
#1803=DIRECTION('',(-2.00810218947252E-6,-3.3989484725354E-9,-0.999999999997984));
#1804=DIRECTION('',(2.00810218947252E-6,3.3989484725354E-9,0.999999999997984));
#1805=DIRECTION('',(0.999999999997984,0.,-2.00810218947252E-6));
#1806=DIRECTION('',(-2.00810218947252E-6,-3.3989484725354E-9,-0.999999999997984));
#1807=DIRECTION('',(-2.00810218947252E-6,-3.3989484725354E-9,-0.999999999997984));
#1808=DIRECTION('',(-6.76992506499394E-15,1.,-3.39894847252867E-9));
#1809=DIRECTION('',(-2.00810218947252E-6,-3.3989484725354E-9,-0.999999999997984));
#1810=DIRECTION('',(6.76992506499394E-15,-1.,3.39894847252867E-9));
#1811=DIRECTION('',(-2.00810218947252E-6,-3.3989484725354E-9,-0.999999999997984));
#1812=DIRECTION('',(2.00810218947252E-6,3.3989484725354E-9,0.999999999997984));
#1813=DIRECTION('',(0.999999999997984,0.,-2.00810218947252E-6));
#1814=DIRECTION('',(-2.00810218947252E-6,-3.3989484725354E-9,-0.999999999997984));
#1815=DIRECTION('',(0.999999999997984,-5.55104254424226E-17,-2.0081020779185E-6));
#1816=DIRECTION('',(6.77025124069612E-15,-1.,3.39911090223506E-9));
#1817=DIRECTION('',(-6.76992506499394E-15,1.,-3.39894847252867E-9));
#1818=DIRECTION('',(-6.76992506499392E-15,1.,-3.39894847252866E-9));
#1819=DIRECTION('',(-0.999999999997984,5.55104254424226E-17,2.0081020779185E-6));
#1820=DIRECTION('',(-6.77025124069612E-15,1.,-3.39911090223506E-9));
#1821=DIRECTION('',(6.76992506499392E-15,-1.,3.39894847252866E-9));
#1822=DIRECTION('',(6.76992506499394E-15,-1.,3.39894847252867E-9));
#1823=DIRECTION('',(-0.999999999997984,5.55104254424226E-17,2.0081020779185E-6));
#1824=DIRECTION('',(-6.77025124042319E-15,1.,-3.39911090223527E-9));
#1825=DIRECTION('',(6.76992506499392E-15,-1.,3.39894847252866E-9));
#1826=DIRECTION('',(-2.00810218947252E-6,-3.3989484725354E-9,-0.999999999997984));
#1827=DIRECTION('',(6.76992506499392E-15,-1.,3.39894847252866E-9));
#1828=DIRECTION('',(-0.999999999997984,5.55104254424226E-17,2.0081020779185E-6));
#1829=DIRECTION('',(-6.77025124042319E-15,1.,-3.39911090223527E-9));
#1830=DIRECTION('',(6.76992506499392E-15,-1.,3.39894847252866E-9));
#1831=DIRECTION('',(-2.00810218947252E-6,-3.3989484725354E-9,-0.999999999997984));
#1832=DIRECTION('',(6.76992506499392E-15,-1.,3.39894847252866E-9));
#1833=DIRECTION('',(2.00810218947252E-6,3.3989484725354E-9,0.999999999997984));
#1834=DIRECTION('',(-0.999999999997984,5.5510804608803E-17,2.00810218947252E-6));
#1835=DIRECTION('',(2.00810218947252E-6,3.3989484725354E-9,0.999999999997984));
#1836=DIRECTION('',(0.999999999997984,0.,-2.00810218947252E-6));
#1837=DIRECTION('',(-0.0932072304890844,0.995646730615092,1.83785491685962E-7));
#1838=DIRECTION('',(2.00810218947252E-6,3.3989484725354E-9,0.999999999997984));
#1839=DIRECTION('',(0.999999999997984,0.,-2.00810218947252E-6));
#1840=DIRECTION('',(-0.999999999997984,-2.97533650187877E-14,2.00810218947252E-6));
#1841=DIRECTION('',(-0.999999999997984,-2.97533650187877E-14,2.00810218947252E-6));
#1842=DIRECTION('',(2.00810218947252E-6,3.3989484725354E-9,0.999999999997984));
#1843=DIRECTION('',(0.999999999997984,0.,-2.00810218947252E-6));
#1844=DIRECTION('',(-0.0932072304890813,0.995646730615092,1.83785491685956E-7));
#1845=DIRECTION('',(2.00810218947252E-6,3.3989484725354E-9,0.999999999997984));
#1846=DIRECTION('',(0.999999999997984,0.,-2.00810218947252E-6));
#1847=DIRECTION('',(2.00810218947252E-6,3.3989484725354E-9,0.999999999997984));
#1848=DIRECTION('',(-0.999999999997984,5.5510804608803E-17,2.00810218947252E-6));
#1849=DIRECTION('',(-2.00810218947252E-6,-3.3989484725354E-9,-0.999999999997984));
#1850=DIRECTION('',(6.76992506499394E-15,-1.,3.39894847252867E-9));
#1851=DIRECTION('',(-0.0932072304890813,0.995646730615092,1.83785491685956E-7));
#1852=DIRECTION('',(-2.00810218947252E-6,-3.3989484725354E-9,-0.999999999997984));
#1853=DIRECTION('',(6.76992506499394E-15,-1.,3.39894847252867E-9));
#1854=DIRECTION('',(-0.999999999997984,-2.97533650187876E-14,2.00810218947252E-6));
#1855=DIRECTION('',(-0.999999999997984,-2.97533650187876E-14,2.00810218947252E-6));
#1856=DIRECTION('',(-2.00810218947252E-6,-3.3989484725354E-9,-0.999999999997984));
#1857=DIRECTION('',(6.76992506499394E-15,-1.,3.39894847252867E-9));
#1858=DIRECTION('',(-0.0932072304890843,0.995646730615091,1.83785491685962E-7));
#1859=DIRECTION('',(-2.00810218947252E-6,-3.3989484725354E-9,-0.999999999997984));
#1860=DIRECTION('',(6.76992506499394E-15,-1.,3.39894847252867E-9));
#1861=DIRECTION('',(-2.00810218947252E-6,-3.3989484725354E-9,-0.999999999997984));
#1862=DIRECTION('',(-6.76992506499394E-15,1.,-3.39894847252867E-9));
#1863=DIRECTION('',(-2.00810218947252E-6,-3.3989484725354E-9,-0.999999999997984));
#1864=DIRECTION('',(0.995646730613084,0.0932072304892625,-1.99967718626302E-6));
#1865=DIRECTION('',(0.0932072304890813,-0.995646730615092,-1.83785319565707E-7));
#1866=DIRECTION('',(-2.00810218947252E-6,-3.3989484725354E-9,-0.999999999997984));
#1867=DIRECTION('',(-2.00810218947252E-6,-3.3989484725354E-9,-0.999999999997984));
#1868=DIRECTION('',(-6.76992506499394E-15,1.,-3.39894847252867E-9));
#1869=DIRECTION('',(-2.00810218947252E-6,-3.3989484725354E-9,-0.999999999997984));
#1870=DIRECTION('',(-3.65788008883304E-14,1.,-3.39894847246881E-9));
#1871=DIRECTION('',(2.0081020779185E-6,3.3989484725354E-9,0.999999999997984));
#1872=DIRECTION('',(-3.65788008883304E-14,1.,-3.39894847246881E-9));
#1873=DIRECTION('',(2.0081020779185E-6,3.3989484725354E-9,0.999999999997984));
#1874=DIRECTION('',(-2.00810218947252E-6,-3.3989484725354E-9,-0.999999999997984));
#1875=DIRECTION('',(-2.00810218947252E-6,-3.3989484725354E-9,-0.999999999997984));
#1876=DIRECTION('',(-6.76992506499394E-15,1.,-3.39894847252867E-9));
#1877=DIRECTION('',(-2.00810218947252E-6,-3.3989484725354E-9,-0.999999999997984));
#1878=DIRECTION('',(0.995646730613084,0.0932072304892655,-1.99967718626302E-6));
#1879=DIRECTION('',(0.0932072304890843,-0.995646730615091,-1.83785319565713E-7));
#1880=DIRECTION('',(-2.00810218947252E-6,-3.3989484725354E-9,-0.999999999997984));
#1881=DIRECTION('',(-2.00810218947252E-6,-3.3989484725354E-9,-0.999999999997984));
#1882=DIRECTION('',(-6.76992506499394E-15,1.,-3.39894847252867E-9));
#1883=DIRECTION('',(0.,0.,1.));
#1884=DIRECTION('',(1.,0.,0.));
#1885=DIRECTION('',(2.00810218947252E-6,3.3989484725354E-9,0.999999999997984));
#1886=DIRECTION('',(6.76992407313343E-15,-1.,3.39894847252867E-9));
#1887=DIRECTION('',(-2.00810218947252E-6,-3.3989484725354E-9,-0.999999999997984));
#1888=DIRECTION('',(6.76992407313343E-15,-1.,3.39894847252867E-9));
#1889=DIRECTION('',(2.00810218947252E-6,3.3989484725354E-9,0.999999999997984));
#1890=DIRECTION('',(2.00810188876492E-6,3.3989484725354E-9,0.999999999997984));
#1891=DIRECTION('',(0.999999999997984,0.,-2.00810188876492E-6));
#1892=DIRECTION('',(2.00810218947252E-6,3.3989484725354E-9,0.999999999997984));
#1893=DIRECTION('',(2.00810218947252E-6,3.3989484725354E-9,0.999999999997984));
#1894=DIRECTION('',(6.76992407313343E-15,-1.,3.39894847252867E-9));
#1895=DIRECTION('',(-2.00810218947252E-6,-3.3989484725354E-9,-0.999999999997984));
#1896=DIRECTION('',(6.76992407313343E-15,-1.,3.39894847252867E-9));
#1897=DIRECTION('',(2.00810218947252E-6,3.3989484725354E-9,0.999999999997984));
#1898=DIRECTION('',(2.00810188876492E-6,3.3989484725354E-9,0.999999999997984));
#1899=DIRECTION('',(0.999999999997984,0.,-2.00810188876492E-6));
#1900=DIRECTION('',(2.00810218947252E-6,3.3989484725354E-9,0.999999999997984));
#1901=DIRECTION('',(0.785510057677737,0.618848890509326,-1.57948790216966E-6));
#1902=DIRECTION('',(0.618848890508043,-0.785510057679325,-1.26012224719303E-6));
#1903=DIRECTION('',(0.618848890508083,-0.785510057679324,-1.24004190377371E-6));
#1904=DIRECTION('',(0.618848890508084,-0.785510057679325,-1.24004171768115E-6));
#1905=DIRECTION('',(2.00810218947252E-6,3.3989484725354E-9,0.999999999997984));
#1906=DIRECTION('',(2.00810218947252E-6,3.3989484725354E-9,0.999999999997984));
#1907=DIRECTION('',(6.76992407313343E-15,-1.,3.39894847252867E-9));
#1908=DIRECTION('',(-2.00810218947252E-6,-3.3989484725354E-9,-0.999999999997984));
#1909=DIRECTION('',(6.76992407313343E-15,-1.,3.39894847252867E-9));
#1910=DIRECTION('',(2.00810188876492E-6,3.3989484725354E-9,0.999999999997984));
#1911=DIRECTION('',(0.999999999997984,0.,-2.00810188876492E-6));
#1912=DIRECTION('',(2.00810218947252E-6,3.3989484725354E-9,0.999999999997984));
#1913=DIRECTION('',(0.999999999997984,-5.55104254424226E-17,-2.0081020779185E-6));
#1914=DIRECTION('',(6.77025124022506E-15,-1.,3.39911090223497E-9));
#1915=DIRECTION('',(-6.76992506499392E-15,1.,-3.39894847252866E-9));
#1916=DIRECTION('',(-6.76992506499392E-15,1.,-3.39894847252866E-9));
#1917=DIRECTION('',(-2.00810218947252E-6,-3.3989484725354E-9,-0.999999999997984));
#1918=DIRECTION('',(-2.00810218947252E-6,-3.3989484725354E-9,-0.999999999997984));
#1919=DIRECTION('',(-6.76992506499394E-15,1.,-3.39894847252867E-9));
#1920=DIRECTION('',(2.00810188876492E-6,3.3989484725354E-9,0.999999999997984));
#1921=DIRECTION('',(0.999999999997984,0.,-2.00810188876492E-6));
#1922=DIRECTION('',(-2.00810218947252E-6,-3.3989484725354E-9,-0.999999999997984));
#1923=DIRECTION('',(-2.00810218947252E-6,-3.3989484725354E-9,-0.999999999997984));
#1924=DIRECTION('',(6.76992506499394E-15,-1.,3.39894847252867E-9));
#1925=DIRECTION('',(6.64722581231893E-15,-1.,3.39894847252891E-9));
#1926=DIRECTION('',(-2.0081020779185E-6,-3.3989484725354E-9,-0.999999999997984));
#1927=DIRECTION('',(-0.999999999997984,1.78209035194417E-16,2.00810188876492E-6));
#1928=DIRECTION('',(-2.0081020779185E-6,-3.3989484725354E-9,-0.999999999997984));
#1929=DIRECTION('',(-0.999999999997984,1.78210057284064E-16,2.00810218947252E-6));
#1930=DIRECTION('',(-0.999999999997984,5.55104254424226E-17,2.0081020779185E-6));
#1931=DIRECTION('',(-2.0081020779185E-6,-3.399110902242E-9,-0.999999999997984));
#1932=DIRECTION('',(6.76992506499392E-15,-1.,3.39894847252866E-9));
#1933=DIRECTION('',(-2.0081020779185E-6,-3.3989484725354E-9,-0.999999999997984));
#1934=DIRECTION('',(6.76992506499394E-15,-1.,3.39894847252867E-9));
#1935=DIRECTION('',(6.64650827282971E-15,-1.,3.39894847252892E-9));
#1936=DIRECTION('',(-2.0081020779185E-6,-3.3989484725354E-9,-0.999999999997984));
#1937=DIRECTION('',(-0.999999999997984,1.78926574683644E-16,2.00810188876492E-6));
#1938=DIRECTION('',(-2.00810218947252E-6,-3.3989484725354E-9,-0.999999999997984));
#1939=DIRECTION('',(-0.999999999997984,1.78927596773287E-16,2.00810218947252E-6));
#1940=DIRECTION('',(-2.00810218947252E-6,-3.3989484725354E-9,-0.999999999997984));
#1941=DIRECTION('',(-6.76992506499394E-15,1.,-3.39894847252867E-9));
#1942=DIRECTION('',(2.00810188876492E-6,3.3989484725354E-9,0.999999999997984));
#1943=DIRECTION('',(0.999999999997984,0.,-2.00810188876492E-6));
#1944=DIRECTION('',(-2.00810218947252E-6,-3.3989484725354E-9,-0.999999999997984));
#1945=DIRECTION('',(-2.00810218947252E-6,-3.3989484725354E-9,-0.999999999997984));
#1946=DIRECTION('',(6.76992506499394E-15,-1.,3.39894847252867E-9));
#1947=DIRECTION('',(-0.999999999997984,5.55104254424226E-17,2.0081020779185E-6));
#1948=DIRECTION('',(-2.0081020779185E-6,-3.399110902242E-9,-0.999999999997984));
#1949=DIRECTION('',(-6.76992506499392E-15,1.,-3.39894847252866E-9));
#1950=DIRECTION('',(2.00810218947252E-6,3.3989484725354E-9,0.999999999997984));
#1951=DIRECTION('',(6.76992506499392E-15,-1.,3.39894847252866E-9));
#1952=DIRECTION('',(2.00810218947252E-6,3.3989484725354E-9,0.999999999997984));
#1953=DIRECTION('',(6.76992407313343E-15,-1.,3.39894847252867E-9));
#1954=DIRECTION('',(-2.00810218947252E-6,-3.3989484725354E-9,-0.999999999997984));
#1955=DIRECTION('',(6.76992407313343E-15,-1.,3.39894847252867E-9));
#1956=DIRECTION('',(2.00810188876492E-6,3.3989484725354E-9,0.999999999997984));
#1957=DIRECTION('',(0.999999999997984,0.,-2.00810188876492E-6));
#1958=DIRECTION('',(2.00810218947252E-6,3.3989484725354E-9,0.999999999997984));
#1959=DIRECTION('',(0.785510057677737,0.618848890509325,-1.57948790216966E-6));
#1960=DIRECTION('',(0.618848890508042,-0.785510057679326,-1.26012224719303E-6));
#1961=DIRECTION('',(0.618848890508083,-0.785510057679325,-1.24004190377371E-6));
#1962=DIRECTION('',(0.618848890508083,-0.785510057679326,-1.24004171768115E-6));
#1963=DIRECTION('',(-2.00810218947252E-6,-3.3989484725354E-9,-0.999999999997984));
#1964=DIRECTION('',(-6.76992506499394E-15,1.,-3.39894847252867E-9));
#1965=DIRECTION('',(2.00810188876492E-6,3.3989484725354E-9,0.999999999997984));
#1966=DIRECTION('',(0.999999999997984,0.,-2.00810188876492E-6));
#1967=DIRECTION('',(-2.00810218947252E-6,-3.3989484725354E-9,-0.999999999997984));
#1968=DIRECTION('',(-2.00810218947252E-6,-3.3989484725354E-9,-0.999999999997984));
#1969=DIRECTION('',(6.76992506499394E-15,-1.,3.39894847252867E-9));
#1970=DIRECTION('',(-2.00810218947252E-6,-3.3989484725354E-9,-0.999999999997984));
#1971=DIRECTION('',(6.64650827282971E-15,-1.,3.39894847252892E-9));
#1972=DIRECTION('',(-2.0081020779185E-6,-3.3989484725354E-9,-0.999999999997984));
#1973=DIRECTION('',(0.999999999997984,-1.78926574683644E-16,-2.00810188876492E-6));
#1974=DIRECTION('',(-2.0081020779185E-6,-3.3989484725354E-9,-0.999999999997984));
#1975=DIRECTION('',(0.999999999997984,-1.78927596773288E-16,-2.00810218947252E-6));
#1976=DIRECTION('',(-0.999999999997984,5.55104254424226E-17,2.0081020779185E-6));
#1977=DIRECTION('',(-2.0081020779185E-6,-3.399110902242E-9,-0.999999999997984));
#1978=DIRECTION('',(6.76992506499392E-15,-1.,3.39894847252866E-9));
#1979=DIRECTION('',(-2.0081020779185E-6,-3.3989484725354E-9,-0.999999999997984));
#1980=DIRECTION('',(6.76992506499394E-15,-1.,3.39894847252867E-9));
#1981=DIRECTION('',(6.64722581231893E-15,-1.,3.39894847252891E-9));
#1982=DIRECTION('',(-2.0081020779185E-6,-3.3989484725354E-9,-0.999999999997984));
#1983=DIRECTION('',(0.999999999997984,-1.78209035194417E-16,-2.00810188876492E-6));
#1984=DIRECTION('',(-2.00810218947252E-6,-3.3989484725354E-9,-0.999999999997984));
#1985=DIRECTION('',(0.999999999997984,-1.78210057284065E-16,-2.00810218947252E-6));
#1986=DIRECTION('',(-2.00810218947252E-6,-3.3989484725354E-9,-0.999999999997984));
#1987=DIRECTION('',(-6.76992506499394E-15,1.,-3.39894847252867E-9));
#1988=DIRECTION('',(2.00810188876492E-6,3.3989484725354E-9,0.999999999997984));
#1989=DIRECTION('',(0.999999999997984,0.,-2.00810188876492E-6));
#1990=DIRECTION('',(-2.00810218947252E-6,-3.3989484725354E-9,-0.999999999997984));
#1991=DIRECTION('',(-2.00810218947252E-6,-3.3989484725354E-9,-0.999999999997984));
#1992=DIRECTION('',(6.76992506499394E-15,-1.,3.39894847252867E-9));
#1993=DIRECTION('',(-2.00810188876492E-6,-3.3989484725354E-9,-0.999999999997984));
#1994=DIRECTION('',(-6.76992308127293E-15,1.,-3.39894847252867E-9));
#1995=DIRECTION('',(2.00810188876492E-6,3.3989484725354E-9,0.999999999997984));
#1996=DIRECTION('',(0.999999999997984,0.,-2.00810188876492E-6));
#1997=DIRECTION('',(-2.00810188876492E-6,-3.3989484725354E-9,-0.999999999997984));
#1998=DIRECTION('',(2.00810188876492E-6,3.3989484725354E-9,0.999999999997984));
#1999=DIRECTION('',(6.76992308127293E-15,-1.,3.39894847252867E-9));
#2000=DIRECTION('',(-2.00810188876492E-6,-3.3989484725354E-9,-0.999999999997984));
#2001=DIRECTION('',(-2.00810188876492E-6,-3.3989484725354E-9,-0.999999999997984));
#2002=DIRECTION('',(-6.76992308127293E-15,1.,-3.39894847252867E-9));
#2003=DIRECTION('',(2.00810188876492E-6,3.3989484725354E-9,0.999999999997984));
#2004=DIRECTION('',(0.999999999997984,0.,-2.00810188876492E-6));
#2005=DIRECTION('',(-2.00810188876492E-6,-3.3989484725354E-9,-0.999999999997984));
#2006=DIRECTION('',(2.00810188876492E-6,3.3989484725354E-9,0.999999999997984));
#2007=DIRECTION('',(6.76992308127293E-15,-1.,3.39894847252867E-9));
#2008=DIRECTION('',(-2.00810188876492E-6,-3.3989484725354E-9,-0.999999999997984));
#2009=DIRECTION('',(-0.999999999997984,5.55121454065712E-17,2.00810200031895E-6));
#2010=DIRECTION('',(6.77024925642E-15,-1.,3.39911090223506E-9));
#2011=DIRECTION('',(-6.7699230812729E-15,1.,-3.39894847252866E-9));
#2012=DIRECTION('',(-6.76992308127293E-15,1.,-3.39894847252867E-9));
#2013=DIRECTION('',(0.999999999997984,-5.55121454065712E-17,-2.00810200031895E-6));
#2014=DIRECTION('',(-6.77024925642E-15,1.,-3.39911090223506E-9));
#2015=DIRECTION('',(6.76992308127293E-15,-1.,3.39894847252867E-9));
#2016=DIRECTION('',(6.7699230812729E-15,-1.,3.39894847252866E-9));
#2017=DIRECTION('',(0.999999999997984,-5.55121454065712E-17,-2.00810200031895E-6));
#2018=DIRECTION('',(-6.77024925669373E-15,1.,-3.39911090223527E-9));
#2019=DIRECTION('',(6.7699230812729E-15,-1.,3.39894847252866E-9));
#2020=DIRECTION('',(-2.00810188876492E-6,-3.3989484725354E-9,-0.999999999997984));
#2021=DIRECTION('',(6.7699230812729E-15,-1.,3.39894847252866E-9));
#2022=DIRECTION('',(0.999999999997984,-5.55121454065712E-17,-2.00810200031895E-6));
#2023=DIRECTION('',(-6.77024925669373E-15,1.,-3.39911090223527E-9));
#2024=DIRECTION('',(6.7699230812729E-15,-1.,3.39894847252866E-9));
#2025=DIRECTION('',(-2.00810188876492E-6,-3.3989484725354E-9,-0.999999999997984));
#2026=DIRECTION('',(6.7699230812729E-15,-1.,3.39894847252866E-9));
#2027=DIRECTION('',(2.00810188876492E-6,3.3989484725354E-9,0.999999999997984));
#2028=DIRECTION('',(0.999999999997984,-5.55117662401908E-17,-2.00810188876492E-6));
#2029=DIRECTION('',(2.00810188876492E-6,3.3989484725354E-9,0.999999999997984));
#2030=DIRECTION('',(6.76992308127293E-15,-1.,3.39894847252867E-9));
#2031=DIRECTION('',(0.0932072304890678,0.995646730615092,-1.90553767526238E-7));
#2032=DIRECTION('',(2.00810188876492E-6,3.3989484725354E-9,0.999999999997984));
#2033=DIRECTION('',(6.76992308127293E-15,-1.,3.39894847252867E-9));
#2034=DIRECTION('',(0.999999999997984,-2.98643875896366E-14,-2.00810188876492E-6));
#2035=DIRECTION('',(0.999999999997984,-2.98643875896366E-14,-2.00810188876492E-6));
#2036=DIRECTION('',(2.00810188876492E-6,3.3989484725354E-9,0.999999999997984));
#2037=DIRECTION('',(6.76992308127293E-15,-1.,3.39894847252867E-9));
#2038=DIRECTION('',(0.0932072304890708,0.995646730615091,-1.90553767526243E-7));
#2039=DIRECTION('',(2.00810188876492E-6,3.3989484725354E-9,0.999999999997984));
#2040=DIRECTION('',(6.76992308127293E-15,-1.,3.39894847252867E-9));
#2041=DIRECTION('',(2.00810188876492E-6,3.3989484725354E-9,0.999999999997984));
#2042=DIRECTION('',(0.999999999997984,-5.55117662401908E-17,-2.00810188876492E-6));
#2043=DIRECTION('',(2.00810188876492E-6,3.3989484725354E-9,0.999999999997984));
#2044=DIRECTION('',(0.999999999997984,0.,-2.00810188876492E-6));
#2045=DIRECTION('',(0.0932072304890709,0.995646730615092,-1.90553767526244E-7));
#2046=DIRECTION('',(2.00810188876492E-6,3.3989484725354E-9,0.999999999997984));
#2047=DIRECTION('',(0.999999999997984,0.,-2.00810188876492E-6));
#2048=DIRECTION('',(0.999999999997984,-2.98643875896366E-14,-2.00810188876492E-6));
#2049=DIRECTION('',(0.999999999997984,-2.98643875896366E-14,-2.00810188876492E-6));
#2050=DIRECTION('',(2.00810188876492E-6,3.3989484725354E-9,0.999999999997984));
#2051=DIRECTION('',(0.999999999997984,0.,-2.00810188876492E-6));
#2052=DIRECTION('',(0.0932072304890679,0.995646730615092,-1.90553767526238E-7));
#2053=DIRECTION('',(2.00810188876492E-6,3.3989484725354E-9,0.999999999997984));
#2054=DIRECTION('',(0.999999999997984,0.,-2.00810188876492E-6));
#2055=DIRECTION('',(-2.00810188876492E-6,-3.3989484725354E-9,-0.999999999997984));
#2056=DIRECTION('',(-6.76992308127293E-15,1.,-3.39894847252867E-9));
#2057=DIRECTION('',(-2.00810188876492E-6,-3.3989484725354E-9,-0.999999999997984));
#2058=DIRECTION('',(-0.995646730613085,0.0932072304892626,1.99904327371708E-6));
#2059=DIRECTION('',(-0.0932072304890678,-0.995646730615092,1.90553939646485E-7));
#2060=DIRECTION('',(-2.00810188876492E-6,-3.3989484725354E-9,-0.999999999997984));
#2061=DIRECTION('',(-2.00810188876492E-6,-3.3989484725354E-9,-0.999999999997984));
#2062=DIRECTION('',(-6.76992308127293E-15,1.,-3.39894847252867E-9));
#2063=DIRECTION('',(-2.00810188876492E-6,-3.3989484725354E-9,-0.999999999997984));
#2064=DIRECTION('',(2.30389527420634E-14,1.,-3.39894847258852E-9));
#2065=DIRECTION('',(2.00810200031895E-6,3.3989484725354E-9,0.999999999997984));
#2066=DIRECTION('',(2.30389527420634E-14,1.,-3.39894847258852E-9));
#2067=DIRECTION('',(2.00810200031895E-6,3.3989484725354E-9,0.999999999997984));
#2068=DIRECTION('',(-2.00810188876492E-6,-3.3989484725354E-9,-0.999999999997984));
#2069=DIRECTION('',(-2.00810188876492E-6,-3.3989484725354E-9,-0.999999999997984));
#2070=DIRECTION('',(-6.76992308127293E-15,1.,-3.39894847252867E-9));
#2071=DIRECTION('',(-2.00810188876492E-6,-3.3989484725354E-9,-0.999999999997984));
#2072=DIRECTION('',(-0.995646730613085,0.0932072304892657,1.99904327371708E-6));
#2073=DIRECTION('',(-0.0932072304890708,-0.995646730615091,1.90553939646491E-7));
#2074=DIRECTION('',(-2.00810188876492E-6,-3.3989484725354E-9,-0.999999999997984));
#2075=DIRECTION('',(-2.00810188876492E-6,-3.3989484725354E-9,-0.999999999997984));
#2076=DIRECTION('',(-6.76992308127293E-15,1.,-3.39894847252867E-9));
#2077=DIRECTION('',(0.,0.,1.));
#2078=DIRECTION('',(1.,0.,0.));
#2079=CARTESIAN_POINT('',(0.,0.,0.));
#2080=CARTESIAN_POINT('',(-0.174339996562823,-0.354494483531574,0.342099981868576));
#2081=CARTESIAN_POINT('',(-0.174339978489906,-0.354494483500984,0.351099981868611));
#2082=CARTESIAN_POINT('',(-0.169234163115001,-0.358517001289295,0.351099971629284));
#2083=CARTESIAN_POINT('',(-0.167839978095286,-0.354494483500984,0.351099968815945));
#2084=CARTESIAN_POINT('',(-0.167839987131745,-0.354494483516279,0.346599968815929));
#2085=CARTESIAN_POINT('',(-0.167839995973241,-0.354494483531574,0.342099968815913));
#2086=CARTESIAN_POINT('',(-0.174339996562823,-0.354494483531574,0.342099981868576));
#2087=CARTESIAN_POINT('',(-0.169234181187917,-0.358517001319886,0.34209997162925));
#2088=CARTESIAN_POINT('',(-0.169234181187917,-0.358517001319886,0.34209997162925));
#2089=CARTESIAN_POINT('',(-0.174339996562823,-0.354494483531574,0.342099981868576));
#2090=CARTESIAN_POINT('',(-0.174339978489906,-0.354494483500984,0.351099981868611));
#2091=CARTESIAN_POINT('',(-0.168150159235405,-0.359371012758198,0.351099969455396));
#2092=CARTESIAN_POINT('',(-0.166459977900324,-0.354494483500985,0.351099966044764));
#2093=CARTESIAN_POINT('',(-0.168150177308322,-0.359371012788789,0.342099969455364));
#2094=CARTESIAN_POINT('',(-0.168150177308322,-0.359371012788789,0.342099969455364));
#2095=CARTESIAN_POINT('',(-0.174339996562823,-0.354494483531574,0.342099981868576));
#2096=CARTESIAN_POINT('',(-0.166459996268041,-0.354494483531574,0.342099966044783));
#2097=CARTESIAN_POINT('',(-0.166459996268041,-0.354494483531574,0.342099966044731));
#2098=CARTESIAN_POINT('',(-0.17122525388588,-0.363274233133616,0.342099975643696));
#2099=CARTESIAN_POINT('',(-0.0189415178815866,-0.169979239946152,0.351099669185464));
#2100=CARTESIAN_POINT('',(-0.174300312390519,-0.367177453447852,0.351099981832066));
#2101=CARTESIAN_POINT('',(-0.174300330463436,-0.367177453478443,0.342099981832031));
#2102=CARTESIAN_POINT('',(-0.174300330463436,-0.367177453478443,0.342099981832031));
#2103=CARTESIAN_POINT('',(-0.17122525388588,-0.363274233133616,0.342099975643696));
#2104=CARTESIAN_POINT('',(-0.170089996554284,-0.370494483531573,0.342099973388526));
#2105=CARTESIAN_POINT('',(-0.170089978481367,-0.370494483500982,0.35109997338856));
#2106=CARTESIAN_POINT('',(-0.164729978286495,-0.370494483500982,0.351099962625131));
#2107=CARTESIAN_POINT('',(-0.164729987225514,-0.370494483516278,0.346599962625115));
#2108=CARTESIAN_POINT('',(-0.164729996164531,-0.370494483531573,0.3420999626251));
#2109=CARTESIAN_POINT('',(-0.170089996554284,-0.370494483531573,0.342099973388526));
#2110=CARTESIAN_POINT('',(-0.16472998411592,-0.260764487379441,0.348099962252119));
#2111=CARTESIAN_POINT('',(-0.164729996164532,-0.260764487399834,0.342099962252182));
#2112=CARTESIAN_POINT('',(-0.164729996164532,-0.187239997366126,0.342099962002227));
#2113=CARTESIAN_POINT('',(-0.164729978091614,-0.260764487369244,0.351099962252164));
#2114=CARTESIAN_POINT('',(-0.164729978091614,-0.187239997335535,0.351099962002259));
#2115=CARTESIAN_POINT('',(-0.164729984310851,-0.187239997345732,0.348099962002216));
#2116=CARTESIAN_POINT('',(-0.156849984505796,-0.187239997345732,0.348099946178373));
#2117=CARTESIAN_POINT('',(-0.156849996554407,-0.187239997366126,0.342099946178385));
#2118=CARTESIAN_POINT('',(-0.156849996554407,-0.179359997366125,0.3420999461516));
#2119=CARTESIAN_POINT('',(-0.156849978481491,-0.187239997335535,0.351099946178414));
#2120=CARTESIAN_POINT('',(-0.156849978481491,-0.179359997335535,0.35109994615163));
#2121=CARTESIAN_POINT('',(-0.156849984505796,-0.179359997345732,0.348099946151589));
#2122=CARTESIAN_POINT('',(0.0855500151793426,-0.179359997345732,0.348099459387692));
#2123=CARTESIAN_POINT('',(0.0208832711608979,-0.179359997366125,0.34209958924509));
#2124=CARTESIAN_POINT('',(-0.0129999971665777,-0.179359997366125,0.342099657286145));
#2125=CARTESIAN_POINT('',(-0.0208832456277699,-0.179359997335535,0.351099673116537));
#2126=CARTESIAN_POINT('',(-0.0129999790936604,-0.179359997335535,0.351099657286132));
#2127=CARTESIAN_POINT('',(-0.0129999851179664,-0.179359997345732,0.348099657286145));
#2128=CARTESIAN_POINT('',(-0.0129999851179664,-0.180049997189053,0.348099657288479));
#2129=CARTESIAN_POINT('',(-0.0129999971665784,-0.190054997366127,0.342099657322497));
#2130=CARTESIAN_POINT('',(-0.0129999971665777,-0.180739997059169,0.342099657290837));
#2131=CARTESIAN_POINT('',(-0.0129999790936604,-0.180049997178856,0.351099657288477));
#2132=CARTESIAN_POINT('',(-0.0129999790936604,-0.180739997335535,0.351099657290822));
#2133=CARTESIAN_POINT('',(-0.0129999851179664,-0.180739997345732,0.348099657290824));
#2134=CARTESIAN_POINT('',(0.0855500151793426,-0.180739997345732,0.348099459392383));
#2135=CARTESIAN_POINT('',(0.0855500031307313,-0.180739997366125,0.342099459392395));
#2136=CARTESIAN_POINT('',(-0.156849996563654,-0.180739997366125,0.34209994615629));
#2137=CARTESIAN_POINT('',(-0.0208832456277699,-0.180739997335535,0.351099673121227));
#2138=CARTESIAN_POINT('',(-0.156849978481491,-0.180739997335535,0.351099946156321));
#2139=CARTESIAN_POINT('',(-0.156849984505796,-0.180739997345732,0.348099946156278));
#2140=CARTESIAN_POINT('',(-0.156849984505796,-0.187239997345732,0.348099946178373));
#2141=CARTESIAN_POINT('',(-0.156849996554407,-0.187239997366126,0.342099946178385));
#2142=CARTESIAN_POINT('',(-0.163349996554395,-0.187239997366126,0.342099959231048));
#2143=CARTESIAN_POINT('',(-0.156849978481491,-0.187239997335535,0.351099946178414));
#2144=CARTESIAN_POINT('',(-0.163349978481477,-0.187239997335535,0.351099959231078));
#2145=CARTESIAN_POINT('',(-0.163349984505784,-0.187239997345732,0.348099959231037));
#2146=CARTESIAN_POINT('',(-0.163349984505783,-0.260764487345729,0.348099959480941));
#2147=CARTESIAN_POINT('',(-0.163349978481477,-0.172449487335537,0.351099959180806));
#2148=CARTESIAN_POINT('',(-0.163349978481476,-0.370494483500982,0.351099959853951));
#2149=CARTESIAN_POINT('',(-0.163349996554346,-0.370494483531573,0.342099959853919));
#2150=CARTESIAN_POINT('',(-0.163349996554346,-0.370494483531573,0.342099959853969));
#2151=CARTESIAN_POINT('',(-0.163349996554394,-0.260764487366123,0.342099959481003));
#2152=CARTESIAN_POINT('',(-0.170089996554284,-0.370494483531573,0.342099973388526));
#2153=CARTESIAN_POINT('',(-0.170089978481367,-0.370494483500982,0.35109997338856));
#2154=CARTESIAN_POINT('',(-0.175384316270114,-0.36632344197895,0.351099984005953));
#2155=CARTESIAN_POINT('',(-0.175384334343031,-0.36632344200954,0.342099984005919));
#2156=CARTESIAN_POINT('',(-0.175384334343031,-0.36632344200954,0.342099984005919));
#2157=CARTESIAN_POINT('',(-0.170089996554284,-0.370494483531573,0.342099973388526));
#2158=CARTESIAN_POINT('',(-0.172309257765474,-0.362420221664713,0.342099977817584));
#2159=CARTESIAN_POINT('',(-0.0200255217611818,-0.169125228477249,0.351099671359351));
#2160=CARTESIAN_POINT('',(-0.172309257765474,-0.362420221664713,0.342099977817584));
#2161=CARTESIAN_POINT('',(0.161100015476698,-0.173999997343464,0.348099307657374));
#2162=CARTESIAN_POINT('',(0.161100003428087,-0.173999997363857,0.342099307657386));
#2163=CARTESIAN_POINT('',(0.161100003428087,-0.180739997366125,0.342099307680295));
#2164=CARTESIAN_POINT('',(0.167840003430342,-0.173999997364091,0.342099294122781));
#2165=CARTESIAN_POINT('',(0.167840015480507,-0.173999997343464,0.348099294122767));
#2166=CARTESIAN_POINT('',(0.167840021504813,-0.173999997333267,0.351099294122712));
#2167=CARTESIAN_POINT('',(0.161100021501003,-0.173999997333267,0.351099307657321));
#2168=CARTESIAN_POINT('',(0.161100021501003,-0.180739997335535,0.35109930768023));
#2169=CARTESIAN_POINT('',(0.161100015476698,-0.180739997345732,0.348099307680284));
#2170=CARTESIAN_POINT('',(0.0855500151793426,-0.180739997345732,0.348099459392383));
#2171=CARTESIAN_POINT('',(0.0855500031307312,-0.180739997366125,0.342099459392395));
#2172=CARTESIAN_POINT('',(0.0130000028333698,-0.180739997366125,0.342099605080187));
#2173=CARTESIAN_POINT('',(0.0855500212036492,-0.180739997335535,0.35109945939235));
#2174=CARTESIAN_POINT('',(0.0130000209062871,-0.180739997335535,0.351099605080165));
#2175=CARTESIAN_POINT('',(0.0130000148819811,-0.180739997345732,0.348099605080184));
#2176=CARTESIAN_POINT('',(0.0130000148819811,-0.180049997345732,0.34809960507783));
#2177=CARTESIAN_POINT('',(0.0130000028333691,-0.180049997366125,0.342099605077842));
#2178=CARTESIAN_POINT('',(0.0130000028333698,-0.179359997366125,0.342099605075496));
#2179=CARTESIAN_POINT('',(0.0130000209062871,-0.180049997335535,0.35109960507782));
#2180=CARTESIAN_POINT('',(0.0130000209062871,-0.179359997335535,0.351099605075474));
#2181=CARTESIAN_POINT('',(0.0130000148819811,-0.179359997345732,0.348099605075484));
#2182=CARTESIAN_POINT('',(0.0855500151793426,-0.179359997345732,0.348099459387692));
#2183=CARTESIAN_POINT('',(0.0855500031307312,-0.179359997366125,0.342099459387704));
#2184=CARTESIAN_POINT('',(0.161100003428087,-0.179359997366125,0.342099307675605));
#2185=CARTESIAN_POINT('',(0.0855500212036492,-0.179359997335535,0.35109945938766));
#2186=CARTESIAN_POINT('',(0.161100021501003,-0.179359997335535,0.351099307675539));
#2187=CARTESIAN_POINT('',(0.161100015476698,-0.179359997345732,0.348099307675592));
#2188=CARTESIAN_POINT('',(0.161100015476698,-0.173999997343464,0.348099307657374));
#2189=CARTESIAN_POINT('',(0.161100003428087,-0.173999997363857,0.342099307657386));
#2190=CARTESIAN_POINT('',(0.166460003430345,-0.173999997363981,0.342099296893962));
#2191=CARTESIAN_POINT('',(0.161100021501003,-0.173999997333267,0.351099307657321));
#2192=CARTESIAN_POINT('',(0.166460021504816,-0.173999997333267,0.351099296893893));
#2193=CARTESIAN_POINT('',(0.16646001548051,-0.173999997343464,0.348099296893948));
#2194=CARTESIAN_POINT('',(0.161100016071549,0.00186551265427524,0.348099307059568));
#2195=CARTESIAN_POINT('',(0.161100004022935,0.00186551263388164,0.34209930705958));
#2196=CARTESIAN_POINT('',(0.161100004022934,0.00722551263388164,0.342099307041361));
#2197=CARTESIAN_POINT('',(0.166460004022924,0.00186551262244414,0.342099296296152));
#2198=CARTESIAN_POINT('',(0.166460015874282,0.00186551265427524,0.348099296296141));
#2199=CARTESIAN_POINT('',(0.166460021898589,0.00186551266447208,0.351099296296135));
#2200=CARTESIAN_POINT('',(0.161100022095855,0.00186551266447208,0.351099307059562));
#2201=CARTESIAN_POINT('',(0.161100022095855,0.00722551266447209,0.351099307041344));
#2202=CARTESIAN_POINT('',(0.161100016071549,0.00722551265427524,0.348099307041349));
#2203=CARTESIAN_POINT('',(0.161100016071549,0.00186551265427524,0.348099307059568));
#2204=CARTESIAN_POINT('',(0.161100004022935,0.00186551263388164,0.34209930705958));
#2205=CARTESIAN_POINT('',(0.161100004022934,0.00860551263388163,0.342099307036671));
#2206=CARTESIAN_POINT('',(0.167840004022921,0.00186551261950014,0.342099293524971));
#2207=CARTESIAN_POINT('',(0.161100016071549,0.00860551265427528,0.348099307036658));
#2208=CARTESIAN_POINT('',(0.161100022095855,0.00860551266447213,0.351099307036653));
#2209=CARTESIAN_POINT('',(0.161100022095855,0.00186551266447208,0.351099307059562));
#2210=CARTESIAN_POINT('',(0.167840021898586,0.00186551266447208,0.351099293524954));
#2211=CARTESIAN_POINT('',(0.16784001587428,0.00186551265427524,0.34809929352496));
#2212=CARTESIAN_POINT('',(0.167840015677026,-0.183014487360106,0.348099294153356));
#2213=CARTESIAN_POINT('',(0.167840003628414,-0.172449487366127,0.342099294117459));
#2214=CARTESIAN_POINT('',(0.167840021701332,-0.172449487335537,0.351099294117442));
#2215=CARTESIAN_POINT('',(0.166460015677029,-0.183014487357161,0.348099296924538));
#2216=CARTESIAN_POINT('',(0.166460021701335,-0.172449487335537,0.351099296888623));
#2217=CARTESIAN_POINT('',(0.166460003628416,-0.172449487366127,0.342099296888641));
#2218=CARTESIAN_POINT('',(-0.166459983924632,-0.0668944873447895,0.348099965067233));
#2219=CARTESIAN_POINT('',(-0.166459995973244,-0.172449487366127,0.342099965426021));
#2220=CARTESIAN_POINT('',(-0.166459995973245,0.0226055126338626,0.342099964763038));
#2221=CARTESIAN_POINT('',(-0.166459983926188,0.0226055126542563,0.348099964763025));
#2222=CARTESIAN_POINT('',(-0.166459977900327,0.0226055126644531,0.35109996476302));
#2223=CARTESIAN_POINT('',(-0.166459977900325,-0.172449487335537,0.351099965426003));
#2224=CARTESIAN_POINT('',(-0.16783998392463,-0.0668944873448373,0.348099967838414));
#2225=CARTESIAN_POINT('',(-0.167839977900323,-0.172449487335537,0.351099968197183));
#2226=CARTESIAN_POINT('',(-0.167839977900324,0.0226055126644531,0.351099967534202));
#2227=CARTESIAN_POINT('',(-0.167839983926185,0.0226055126542563,0.348099967534206));
#2228=CARTESIAN_POINT('',(-0.167839995973243,0.0226055126338626,0.342099967534219));
#2229=CARTESIAN_POINT('',(-0.167839995973242,-0.172449487366127,0.342099968197202));
#2230=CARTESIAN_POINT('',(-0.0208832456277699,-0.172449487335537,0.351099673093048));
#2231=CARTESIAN_POINT('',(-0.161099977903446,0.0226055126644531,0.351099953999593));
#2232=CARTESIAN_POINT('',(-0.155763311427359,0.0231051034198752,0.351099943281323));
#2233=CARTESIAN_POINT('',(-0.136443774681732,-0.18326765861639,0.351099905187169));
#2234=CARTESIAN_POINT('',(-0.154945674140649,0.0143710396882081,0.351099941669111));
#2235=CARTESIAN_POINT('',(-0.147099977903418,0.0151055126644632,0.351099925911654));
#2236=CARTESIAN_POINT('',(-0.147099977903417,0.0072255126644631,0.351099925938438));
#2237=CARTESIAN_POINT('',(-0.0208832456277765,0.00722551266446725,0.351099672482341));
#2238=CARTESIAN_POINT('',(-0.0208832456277765,0.0086055126644673,0.351099672477651));
#2239=CARTESIAN_POINT('',(-0.147099977903417,0.00860551266446414,0.351099925933748));
#2240=CARTESIAN_POINT('',(-0.147099977903418,0.0151055126644632,0.351099925911654));
#2241=CARTESIAN_POINT('',(-0.153571681652403,0.0144996656662842,0.351099938909556));
#2242=CARTESIAN_POINT('',(-0.135069782193487,-0.183139032638315,0.351099902427615));
#2243=CARTESIAN_POINT('',(-0.154389318939114,0.0232337293979511,0.351099940521769));
#2244=CARTESIAN_POINT('',(-0.161099977903446,0.0226055126644531,0.351099953999593));
#2245=CARTESIAN_POINT('',(-0.0208832637006895,-0.172449487366127,0.342099673093066));
#2246=CARTESIAN_POINT('',(-0.161099995976366,0.0226055126338626,0.34209995399961));
#2247=CARTESIAN_POINT('',(-0.154389337012034,0.0232337293673606,0.342099940521786));
#2248=CARTESIAN_POINT('',(-0.153980518368679,0.0188666975015267,0.34209993971568));
#2249=CARTESIAN_POINT('',(-0.153571699725322,0.0144996656356927,0.342099938909574));
#2250=CARTESIAN_POINT('',(-0.147099995976336,0.0151055126338727,0.342099925911673));
#2251=CARTESIAN_POINT('',(-0.147099995976336,0.00860551263387366,0.342099925933766));
#2252=CARTESIAN_POINT('',(0.00700000402329898,0.00860551263387764,0.342099616485217));
#2253=CARTESIAN_POINT('',(0.00700000402329899,0.00722551263387764,0.342099616489908));
#2254=CARTESIAN_POINT('',(-0.147099995976336,0.00722551263387265,0.342099925938456));
#2255=CARTESIAN_POINT('',(-0.147099995976336,0.0151055126338727,0.342099925911673));
#2256=CARTESIAN_POINT('',(-0.154945692213569,0.0143710396576176,0.342099941669128));
#2257=CARTESIAN_POINT('',(-0.155354510856924,0.0187380715234516,0.342099942475235));
#2258=CARTESIAN_POINT('',(-0.15576332950028,0.0231051033892846,0.342099943281341));
#2259=CARTESIAN_POINT('',(-0.161099995976365,0.0226055126338626,0.34209995399961));
#2260=CARTESIAN_POINT('',(-0.161099983927753,0.0226055126542563,0.348099953999598));
#2261=CARTESIAN_POINT('',(-0.154389324963421,0.0232337293877543,0.348099940521774));
#2262=CARTESIAN_POINT('',(-0.153980506320065,0.0188666975219203,0.348099939715668));
#2263=CARTESIAN_POINT('',(-0.153571687676709,0.0144996656560873,0.348099938909562));
#2264=CARTESIAN_POINT('',(-0.147099983927724,0.0151055126542663,0.348099925911661));
#2265=CARTESIAN_POINT('',(-0.147099983927723,0.0086055126542673,0.348099925933753));
#2266=CARTESIAN_POINT('',(0.00700001607191207,0.00860551265427129,0.348099616485205));
#2267=CARTESIAN_POINT('',(0.00700001607191211,0.00722551265427125,0.348099616489897));
#2268=CARTESIAN_POINT('',(-0.147099983927723,0.00722551265426626,0.348099925938443));
#2269=CARTESIAN_POINT('',(-0.147099983927724,0.0151055126542663,0.348099925911661));
#2270=CARTESIAN_POINT('',(-0.154945680164956,0.0143710396780113,0.348099941669116));
#2271=CARTESIAN_POINT('',(-0.155354498808311,0.0187380715438453,0.348099942475223));
#2272=CARTESIAN_POINT('',(-0.155763317451666,0.0231051034096783,0.348099943281329));
#2273=CARTESIAN_POINT('',(-0.161099983927753,0.0226055126542563,0.348099953999598));
#2274=CARTESIAN_POINT('',(0.,0.,0.));
#2275=CARTESIAN_POINT('',(0.174339983942013,-0.354494483309928,0.332099281683576));
#2276=CARTESIAN_POINT('',(0.174339995990627,-0.354494483289536,0.338099281683564));
#2277=CARTESIAN_POINT('',(0.169234180615721,-0.358517001077846,0.338099291950235));
#2278=CARTESIAN_POINT('',(0.167839995401043,-0.354494483289152,0.33809929473623));
#2279=CARTESIAN_POINT('',(0.169234168567108,-0.35851700109824,0.332099291950247));
#2280=CARTESIAN_POINT('',(0.169234162542802,-0.358517001108437,0.329099291950305));
#2281=CARTESIAN_POINT('',(0.174339977917707,-0.354494483320125,0.329099281683635));
#2282=CARTESIAN_POINT('',(0.167839977523087,-0.354494483320125,0.329099294736298));
#2283=CARTESIAN_POINT('',(0.167839983647229,-0.354494483309928,0.33209929473624));
#2284=CARTESIAN_POINT('',(0.174339983942013,-0.354494483309928,0.332099281683576));
#2285=CARTESIAN_POINT('',(0.174339995990627,-0.354494483289536,0.338099281683564));
#2286=CARTESIAN_POINT('',(0.168150176736125,-0.359371012546748,0.338099294129929));
#2287=CARTESIAN_POINT('',(0.166459995695844,-0.354494483289535,0.33809929750746));
#2288=CARTESIAN_POINT('',(0.166459983647231,-0.354494483309928,0.332099297507421));
#2289=CARTESIAN_POINT('',(0.166459977328128,-0.354494483320126,0.329099297507479));
#2290=CARTESIAN_POINT('',(0.174339977917707,-0.354494483320125,0.329099281683635));
#2291=CARTESIAN_POINT('',(0.168150158663205,-0.35937101257734,0.329099294129997));
#2292=CARTESIAN_POINT('',(0.168150164687512,-0.359371012567143,0.332099294129941));
#2293=CARTESIAN_POINT('',(0.17122524126507,-0.36327423291197,0.332099287968139));
#2294=CARTESIAN_POINT('',(0.171225253313683,-0.363274232891576,0.338099287968127));
#2295=CARTESIAN_POINT('',(0.17430032989124,-0.367177453236403,0.338099281806326));
#2296=CARTESIAN_POINT('',(0.171225235240763,-0.363274232922167,0.329099287968198));
#2297=CARTESIAN_POINT('',(0.17430031181832,-0.367177453266994,0.329099281806397));
#2298=CARTESIAN_POINT('',(0.174300317842627,-0.367177453256797,0.332099281806338));
#2299=CARTESIAN_POINT('',(0.170089983933474,-0.370494483309927,0.332099290272393));
#2300=CARTESIAN_POINT('',(0.170089995982087,-0.370494483289533,0.338099290272382));
#2301=CARTESIAN_POINT('',(0.164729995592335,-0.370494483289533,0.33809930103581));
#2302=CARTESIAN_POINT('',(0.170089977909167,-0.370494483320124,0.329099290272451));
#2303=CARTESIAN_POINT('',(0.164729977714297,-0.370494483320124,0.329099301035878));
#2304=CARTESIAN_POINT('',(0.164729983738604,-0.370494483309927,0.332099301035821));
#2305=CARTESIAN_POINT('',(0.164729995592334,-0.260764487157794,0.338099300662842));
#2306=CARTESIAN_POINT('',(0.164729995592333,-0.172449487124088,0.338099300362715));
#2307=CARTESIAN_POINT('',(0.164729995592333,-0.187239997124086,0.338099300412939));
#2308=CARTESIAN_POINT('',(0.164729977519414,-0.172449487154678,0.329099300362733));
#2309=CARTESIAN_POINT('',(0.164729977519415,-0.187239997154676,0.329099300413006));
#2310=CARTESIAN_POINT('',(0.164729995787263,-0.187239997124086,0.338099300412939));
#2311=CARTESIAN_POINT('',(0.156849995982209,-0.187239997124086,0.338099316236782));
#2312=CARTESIAN_POINT('',(0.156849977909289,-0.187239997154676,0.329099316236847));
#2313=CARTESIAN_POINT('',(0.156849977909289,-0.179359997154676,0.329099316210063));
#2314=CARTESIAN_POINT('',(0.156849995982209,-0.179359997124086,0.338099316209998));
#2315=CARTESIAN_POINT('',(0.156849995982209,-0.179359997124086,0.338099316209998));
#2316=CARTESIAN_POINT('',(0.156849995982209,-0.187239997124086,0.338099316236782));
#2317=CARTESIAN_POINT('',(-0.08555000370293,-0.179359997124086,0.338099802973968));
#2318=CARTESIAN_POINT('',(-0.085550021775847,-0.179359997154676,0.329099802973961));
#2319=CARTESIAN_POINT('',(0.0129999785214603,-0.179359997154676,0.329099605075519));
#2320=CARTESIAN_POINT('',(0.012999996594379,-0.179359997124086,0.338099605075508));
#2321=CARTESIAN_POINT('',(0.012999996594379,-0.179359997124086,0.338099605075497));
#2322=CARTESIAN_POINT('',(-0.08555000370293,-0.179359997124086,0.338099802973968));
#2323=CARTESIAN_POINT('',(0.012999996594379,-0.180049996967407,0.338099605077843));
#2324=CARTESIAN_POINT('',(0.0129999785214602,-0.172449487154678,0.329099605052031));
#2325=CARTESIAN_POINT('',(0.0129999785214603,-0.180739997154676,0.32909960508021));
#2326=CARTESIAN_POINT('',(0.012999996594379,-0.180739997124086,0.338099605080188));
#2327=CARTESIAN_POINT('',(0.012999996594379,-0.180739996817128,0.338099605080188));
#2328=CARTESIAN_POINT('',(0.012999996594379,-0.180049996967407,0.338099605077843));
#2329=CARTESIAN_POINT('',(-0.08555000370293,-0.180739997124086,0.338099802978659));
#2330=CARTESIAN_POINT('',(-0.085550021775847,-0.180739997154676,0.329099802978651));
#2331=CARTESIAN_POINT('',(0.156849977909289,-0.180739997154676,0.329099316214754));
#2332=CARTESIAN_POINT('',(0.156849995982209,-0.180739997124086,0.338099316214687));
#2333=CARTESIAN_POINT('',(0.156849995991456,-0.180739997124086,0.338099316214687));
#2334=CARTESIAN_POINT('',(-0.0208832717330968,-0.180739997124086,0.338099673121253));
#2335=CARTESIAN_POINT('',(0.156849995982209,-0.187239997124086,0.338099316236782));
#2336=CARTESIAN_POINT('',(0.156849977909289,-0.187239997154676,0.329099316236847));
#2337=CARTESIAN_POINT('',(0.163349977909277,-0.187239997154676,0.329099303184185));
#2338=CARTESIAN_POINT('',(0.163349995982196,-0.187239997124086,0.338099303184119));
#2339=CARTESIAN_POINT('',(0.163349995982196,-0.187239997124086,0.338099303184119));
#2340=CARTESIAN_POINT('',(0.156849995982209,-0.187239997124086,0.338099316236782));
#2341=CARTESIAN_POINT('',(0.163349995982196,-0.260764487124083,0.338099303434024));
#2342=CARTESIAN_POINT('',(0.163349977909277,-0.260764487154673,0.329099303434091));
#2343=CARTESIAN_POINT('',(0.163349977909278,-0.370494483320124,0.329099303807057));
#2344=CARTESIAN_POINT('',(0.163349983933536,-0.370494483309927,0.332099303807002));
#2345=CARTESIAN_POINT('',(0.163349995982149,-0.370494483289533,0.33809930380704));
#2346=CARTESIAN_POINT('',(0.163349995982196,-0.172449487124088,0.338099303133895));
#2347=CARTESIAN_POINT('',(0.170089983933474,-0.370494483309927,0.332099290272393));
#2348=CARTESIAN_POINT('',(0.170089995982088,-0.370494483289533,0.338099290272382));
#2349=CARTESIAN_POINT('',(0.175384333770835,-0.366323441767501,0.338099279626633));
#2350=CARTESIAN_POINT('',(0.170089977909167,-0.370494483320124,0.329099290272451));
#2351=CARTESIAN_POINT('',(0.175384315697915,-0.366323441798091,0.329099279626704));
#2352=CARTESIAN_POINT('',(0.175384321722222,-0.366323441787894,0.332099279626646));
#2353=CARTESIAN_POINT('',(0.172309245144665,-0.362420221443067,0.332099285788445));
#2354=CARTESIAN_POINT('',(0.172309257193278,-0.362420221422673,0.338099285788433));
#2355=CARTESIAN_POINT('',(0.172309239120359,-0.362420221453264,0.329099285788505));
#2356=CARTESIAN_POINT('',(-0.161100004000285,-0.173999997121817,0.33809995466787));
#2357=CARTESIAN_POINT('',(-0.161100022073205,-0.173999997152408,0.329099954667841));
#2358=CARTESIAN_POINT('',(-0.161100022073205,-0.180739997154676,0.32909995469075));
#2359=CARTESIAN_POINT('',(-0.167840022077014,-0.173999997152408,0.329099968202448));
#2360=CARTESIAN_POINT('',(-0.161100004000285,-0.180739997124086,0.338099954690779));
#2361=CARTESIAN_POINT('',(-0.161100004000285,-0.180739997124086,0.338099954690779));
#2362=CARTESIAN_POINT('',(-0.161100004000285,-0.173999997121817,0.33809995466787));
#2363=CARTESIAN_POINT('',(-0.167840004200614,-0.173999997121817,0.338099968202429));
#2364=CARTESIAN_POINT('',(-0.167840004004094,-0.173999997121817,0.338099968202479));
#2365=CARTESIAN_POINT('',(-0.08555000370293,-0.180739997124086,0.338099802978659));
#2366=CARTESIAN_POINT('',(0.0208832450555719,-0.180739997154676,0.329099589249808));
#2367=CARTESIAN_POINT('',(-0.0130000214784872,-0.180739997154676,0.329099657290859));
#2368=CARTESIAN_POINT('',(-0.0130000034055685,-0.180739997124086,0.338099657290853));
#2369=CARTESIAN_POINT('',(-0.0130000034055685,-0.180739997124086,0.338099657290845));
#2370=CARTESIAN_POINT('',(-0.08555000370293,-0.180739997124086,0.338099802978659));
#2371=CARTESIAN_POINT('',(-0.0130000034055685,-0.180049997124086,0.338099657288499));
#2372=CARTESIAN_POINT('',(-0.0130000214784872,-0.172449487154678,0.32909965726268));
#2373=CARTESIAN_POINT('',(-0.0130000214784872,-0.179359997154676,0.329099657286168));
#2374=CARTESIAN_POINT('',(-0.0130000034055685,-0.179359997124086,0.338099657286154));
#2375=CARTESIAN_POINT('',(-0.0130000034055685,-0.179359997124086,0.338099657286154));
#2376=CARTESIAN_POINT('',(-0.0130000034055684,-0.190054997124088,0.338099657322506));
#2377=CARTESIAN_POINT('',(-0.08555000370293,-0.179359997124086,0.338099802973968));
#2378=CARTESIAN_POINT('',(0.0208832450555719,-0.179359997154676,0.329099589245117));
#2379=CARTESIAN_POINT('',(-0.161100022073205,-0.179359997154676,0.329099954686059));
#2380=CARTESIAN_POINT('',(-0.161100004000285,-0.179359997124086,0.338099954686088));
#2381=CARTESIAN_POINT('',(-0.161100004000285,-0.179359997124086,0.338099954686088));
#2382=CARTESIAN_POINT('',(-0.08555000370293,-0.179359997124086,0.338099802973968));
#2383=CARTESIAN_POINT('',(-0.161100004000285,-0.173999997121817,0.33809995466787));
#2384=CARTESIAN_POINT('',(-0.161100022073205,-0.173999997152408,0.329099954667841));
#2385=CARTESIAN_POINT('',(-0.166460022077017,-0.173999997152408,0.329099965431267));
#2386=CARTESIAN_POINT('',(-0.166460004004097,-0.173999997121817,0.338099965431298));
#2387=CARTESIAN_POINT('',(-0.166460004200617,-0.173999997121817,0.338099965431249));
#2388=CARTESIAN_POINT('',(-0.161100004000285,-0.173999997121817,0.33809995466787));
#2389=CARTESIAN_POINT('',(-0.161100004595139,0.00186551287592141,0.338099954070066));
#2390=CARTESIAN_POINT('',(-0.161100022668056,0.00186551284533088,0.329099954070084));
#2391=CARTESIAN_POINT('',(-0.161100022668056,0.00722551284533088,0.329099954051866));
#2392=CARTESIAN_POINT('',(-0.16646002247079,0.00186551284533088,0.32909996483351));
#2393=CARTESIAN_POINT('',(-0.161100004595139,0.00722551287592141,0.338099954051848));
#2394=CARTESIAN_POINT('',(-0.161100004595139,0.00722551287592141,0.338099954051848));
#2395=CARTESIAN_POINT('',(-0.161100004595139,0.00186551287592141,0.338099954070066));
#2396=CARTESIAN_POINT('',(-0.166460004595127,0.00186551286448401,0.338099964833492));
#2397=CARTESIAN_POINT('',(-0.166460004397872,0.00186551287592141,0.338099964833492));
#2398=CARTESIAN_POINT('',(-0.161100004595139,0.00186551287592141,0.338099954070066));
#2399=CARTESIAN_POINT('',(-0.161100022668056,0.00186551284533088,0.329099954070084));
#2400=CARTESIAN_POINT('',(-0.161100022668056,0.00860551284533092,0.329099954047175));
#2401=CARTESIAN_POINT('',(-0.167840022470786,0.00186551284533088,0.329099967604691));
#2402=CARTESIAN_POINT('',(-0.16784000439787,0.00186551287592141,0.338099967604673));
#2403=CARTESIAN_POINT('',(-0.167840004595124,0.00186551286153942,0.338099967604673));
#2404=CARTESIAN_POINT('',(-0.161100004595139,0.00186551287592141,0.338099954070066));
#2405=CARTESIAN_POINT('',(-0.161100004595139,0.00860551287592145,0.338099954047156));
#2406=CARTESIAN_POINT('',(-0.161100004595139,0.00860551287592145,0.338099954047156));
#2407=CARTESIAN_POINT('',(-0.167840004200614,-0.18301448713846,0.338099968233069));
#2408=CARTESIAN_POINT('',(-0.167840022273531,-0.18301448716905,0.329099968233088));
#2409=CARTESIAN_POINT('',(-0.167840004200614,-0.18301448713846,0.338099968233069));
#2410=CARTESIAN_POINT('',(-0.166460004200617,-0.183014487135515,0.338099965461888));
#2411=CARTESIAN_POINT('',(-0.166460004200617,-0.183014487135515,0.338099965461888));
#2412=CARTESIAN_POINT('',(-0.166460022273534,-0.183014487166105,0.329099965461907));
#2413=CARTESIAN_POINT('',(0.166459995401044,-0.0668944871231434,0.338099296529923));
#2414=CARTESIAN_POINT('',(0.166459995401044,-0.0668944871231434,0.338099296529923));
#2415=CARTESIAN_POINT('',(0.166459995401043,0.0226055128759025,0.338099296225716));
#2416=CARTESIAN_POINT('',(0.166459995402598,0.0226055128759025,0.338099296225715));
#2417=CARTESIAN_POINT('',(0.166459977328125,0.0226055128453119,0.329099296225735));
#2418=CARTESIAN_POINT('',(0.166459977328126,-0.0668944871537339,0.329099296529941));
#2419=CARTESIAN_POINT('',(0.167839995401041,-0.0668944871231912,0.338099293758743));
#2420=CARTESIAN_POINT('',(0.167839977328123,-0.0668944871537817,0.329099293758761));
#2421=CARTESIAN_POINT('',(0.167839977328123,0.0226055128453119,0.329099293454555));
#2422=CARTESIAN_POINT('',(0.167839995402595,0.0226055128759025,0.338099293454535));
#2423=CARTESIAN_POINT('',(0.16783999540104,0.0226055128759025,0.338099293454536));
#2424=CARTESIAN_POINT('',(0.167839995401041,-0.0668944871231912,0.338099293758743));
#2425=CARTESIAN_POINT('',(0.0208832631284889,-0.172449487124088,0.33809958922161));
#2426=CARTESIAN_POINT('',(0.161099995404163,0.0226055128759025,0.338099306989142));
#2427=CARTESIAN_POINT('',(0.15438933643983,0.0232337296094004,0.338099320462694));
#2428=CARTESIAN_POINT('',(0.153980517796476,0.0188666977435664,0.338099321298488));
#2429=CARTESIAN_POINT('',(0.153571699153119,0.0144996658777334,0.33809932213428));
#2430=CARTESIAN_POINT('',(0.147099995404134,0.0151055128759124,0.338099335128062));
#2431=CARTESIAN_POINT('',(0.147099995404133,0.00860551287591344,0.338099335150155));
#2432=CARTESIAN_POINT('',(-0.00700000459550203,0.00860551287591744,0.338099644598655));
#2433=CARTESIAN_POINT('',(-0.00700000459550206,0.0072255128759174,0.338099644603346));
#2434=CARTESIAN_POINT('',(0.147099995404133,0.0072255128759124,0.338099335154845));
#2435=CARTESIAN_POINT('',(0.147099995404134,0.0151055128759124,0.338099335128062));
#2436=CARTESIAN_POINT('',(0.154945691641365,0.0143710398996574,0.338099319375601));
#2437=CARTESIAN_POINT('',(0.155354510284721,0.0187380717654914,0.338099318539808));
#2438=CARTESIAN_POINT('',(0.155763328928075,0.0231051036313244,0.338099317704015));
#2439=CARTESIAN_POINT('',(0.161099995404163,0.0226055128759025,0.338099306989142));
#2440=CARTESIAN_POINT('',(0.0208832450555718,-0.172449487154678,0.329099589221629));
#2441=CARTESIAN_POINT('',(0.161099977331246,0.0226055128453119,0.329099306989161));
#2442=CARTESIAN_POINT('',(0.155763310855158,0.0231051036007339,0.329099317704034));
#2443=CARTESIAN_POINT('',(0.155354492211805,0.0187380717349009,0.329099318539826));
#2444=CARTESIAN_POINT('',(0.154945673568448,0.0143710398690669,0.329099319375619));
#2445=CARTESIAN_POINT('',(0.147099977331217,0.0151055128453219,0.32909933512808));
#2446=CARTESIAN_POINT('',(0.147099977331216,0.00722551284532186,0.329099335154864));
#2447=CARTESIAN_POINT('',(-0.00700002266841905,0.00722551284532687,0.329099644603365));
#2448=CARTESIAN_POINT('',(-0.00700002266841903,0.00860551284532691,0.329099644598675));
#2449=CARTESIAN_POINT('',(0.147099977331216,0.0086055128453229,0.329099335150173));
#2450=CARTESIAN_POINT('',(0.147099977331217,0.0151055128453219,0.32909933512808));
#2451=CARTESIAN_POINT('',(0.153571681080202,0.0144996658471429,0.329099322134299));
#2452=CARTESIAN_POINT('',(0.153980499723558,0.0188666977129759,0.329099321298506));
#2453=CARTESIAN_POINT('',(0.154389318366913,0.0232337295788099,0.329099320462713));
#2454=CARTESIAN_POINT('',(0.161099977331246,0.0226055128453119,0.329099306989161));
#2455=CARTESIAN_POINT('',(0.161099995404163,0.0226055128759025,0.338099306989142));
#2456=CARTESIAN_POINT('',(0.15438933643983,0.0232337296094004,0.338099320462694));
#2457=CARTESIAN_POINT('',(0.153980517796476,0.0188666977435664,0.338099321298488));
#2458=CARTESIAN_POINT('',(0.153571699153119,0.0144996658777334,0.33809932213428));
#2459=CARTESIAN_POINT('',(0.147099995404134,0.0151055128759124,0.338099335128062));
#2460=CARTESIAN_POINT('',(0.147099995404133,0.00860551287591344,0.338099335150155));
#2461=CARTESIAN_POINT('',(-0.00700000459550203,0.00860551287591744,0.338099644598655));
#2462=CARTESIAN_POINT('',(-0.00700000459550206,0.0072255128759174,0.338099644603346));
#2463=CARTESIAN_POINT('',(0.147099995404133,0.0072255128759124,0.338099335154845));
#2464=CARTESIAN_POINT('',(0.147099995404134,0.0151055128759124,0.338099335128062));
#2465=CARTESIAN_POINT('',(0.154945691641365,0.0143710398996574,0.338099319375601));
#2466=CARTESIAN_POINT('',(0.155354510284721,0.0187380717654914,0.338099318539808));
#2467=CARTESIAN_POINT('',(0.155763328928075,0.0231051036313244,0.338099317704015));
#2468=CARTESIAN_POINT('',(0.161099995404163,0.0226055128759025,0.338099306989142));
#2469=CARTESIAN_POINT('',(0.,0.,0.));
#2470=MECHANICAL_DESIGN_GEOMETRIC_PRESENTATION_REPRESENTATION('',(#1358,
#62,#63,#64,#65,#66,#67,#68,#69,#70,#71,#72,#73,#74,#75,#76,#1359,#77,#78,
#79,#80,#81,#82,#83,#84,#85,#86,#87,#88,#89,#90,#91),#2471);
#2471=(
GEOMETRIC_REPRESENTATION_CONTEXT(3)
GLOBAL_UNCERTAINTY_ASSIGNED_CONTEXT((#2474))
GLOBAL_UNIT_ASSIGNED_CONTEXT((#2479,#2478,#2477))
REPRESENTATION_CONTEXT('Assembly 1','TOP_LEVEL_ASSEMBLY_PART')
);
#2472=(
GEOMETRIC_REPRESENTATION_CONTEXT(3)
GLOBAL_UNCERTAINTY_ASSIGNED_CONTEXT((#2475))
GLOBAL_UNIT_ASSIGNED_CONTEXT((#2479,#2478,#2477))
REPRESENTATION_CONTEXT('2WD_Top_Belt','COMPONENT_PART')
);
#2473=(
GEOMETRIC_REPRESENTATION_CONTEXT(3)
GLOBAL_UNCERTAINTY_ASSIGNED_CONTEXT((#2476))
GLOBAL_UNIT_ASSIGNED_CONTEXT((#2479,#2478,#2477))
REPRESENTATION_CONTEXT('2WD_Bottom_Belt','COMPONENT_PART')
);
#2474=UNCERTAINTY_MEASURE_WITH_UNIT(LENGTH_MEASURE(1.E-8),#2479,
'DISTANCE_ACCURACY_VALUE','Maximum Tolerance applied to model');
#2475=UNCERTAINTY_MEASURE_WITH_UNIT(LENGTH_MEASURE(2.E-6),#2479,
'DISTANCE_ACCURACY_VALUE','Maximum Tolerance applied to model');
#2476=UNCERTAINTY_MEASURE_WITH_UNIT(LENGTH_MEASURE(2.E-6),#2479,
'DISTANCE_ACCURACY_VALUE','Maximum Tolerance applied to model');
#2477=(
NAMED_UNIT(*)
SI_UNIT($,.STERADIAN.)
SOLID_ANGLE_UNIT()
);
#2478=(
NAMED_UNIT(*)
PLANE_ANGLE_UNIT()
SI_UNIT($,.RADIAN.)
);
#2479=(
LENGTH_UNIT()
NAMED_UNIT(*)
SI_UNIT($,.METRE.)
);
#2480=PRODUCT_DEFINITION_SHAPE('','',#2485);
#2481=PRODUCT_DEFINITION_SHAPE('','',#2486);
#2482=PRODUCT_DEFINITION_SHAPE(' ','NAUO PRDDFN',#12);
#2483=PRODUCT_DEFINITION_SHAPE('','',#2487);
#2484=PRODUCT_DEFINITION_SHAPE(' ','NAUO PRDDFN',#13);
#2485=PRODUCT_DEFINITION('','',#2491,#2488);
#2486=PRODUCT_DEFINITION('','',#2492,#2489);
#2487=PRODUCT_DEFINITION('','',#2493,#2490);
#2488=PRODUCT_DEFINITION_CONTEXT('',#2507,'design');
#2489=PRODUCT_DEFINITION_CONTEXT('',#2507,'design');
#2490=PRODUCT_DEFINITION_CONTEXT('',#2507,'design');
#2491=PRODUCT_DEFINITION_FORMATION_WITH_SPECIFIED_SOURCE('','',#2497,
 .NOT_KNOWN.);
#2492=PRODUCT_DEFINITION_FORMATION_WITH_SPECIFIED_SOURCE('','',#2498,
 .NOT_KNOWN.);
#2493=PRODUCT_DEFINITION_FORMATION_WITH_SPECIFIED_SOURCE('','',#2499,
 .NOT_KNOWN.);
#2494=PRODUCT_RELATED_PRODUCT_CATEGORY('','',(#2497));
#2495=PRODUCT_RELATED_PRODUCT_CATEGORY('','',(#2498));
#2496=PRODUCT_RELATED_PRODUCT_CATEGORY('','',(#2499));
#2497=PRODUCT('Assembly 1','Assembly 1','Assembly 1',(#2503));
#2498=PRODUCT('2WD_Top_Belt','2WD_Top_Belt','2WD_Top_Belt',(#2504));
#2499=PRODUCT('2WD_Bottom_Belt','2WD_Bottom_Belt','2WD_Bottom_Belt',(#2505));
#2500=PRODUCT_CATEGORY('','');
#2501=PRODUCT_CATEGORY('','');
#2502=PRODUCT_CATEGORY('','');
#2503=PRODUCT_CONTEXT('',#2507,'mechanical');
#2504=PRODUCT_CONTEXT('',#2507,'mechanical');
#2505=PRODUCT_CONTEXT('',#2507,'mechanical');
#2506=APPLICATION_PROTOCOL_DEFINITION('international standard',
'ap242_managed_model_based_3d_engineering',2011,#2507);
#2507=APPLICATION_CONTEXT('managed model based 3d engineering');
ENDSEC;
END-ISO-10303-21;
