ISO-10303-21;
HEADER;
/* Generated by software containing ST-Developer
 * from STEP Tools, Inc. (www.steptools.com) 
 */
/* OPTION: using custom renumber hook */

FILE_DESCRIPTION(
/* description */ ('STEP AP242',
'CAx-IF Rec.Pracs.---Representation and Presentation of Product Manufa
cturing Information (PMI)---4.0---2014-10-13',
'CAx-IF Rec.Pracs.---3D Tessellated Geometry---0.4---2014-09-14','2;1'),

/* implementation_level */ '2;1');

FILE_NAME(
/* name */ '689a4b8ee28d161846541766',
/* time_stamp */ '2025-08-11T19:59:11Z',
/* author */ (''),
/* organization */ (''),
/* preprocessor_version */ 'ST-DEVELOPER v20',
/* originating_system */ 'ONSHAPE BY PTC INC, 1.202',
/* authorisation */ '  ');

FILE_SCHEMA (('AP242_MANAGED_MODEL_BASED_3D_ENGINEERING_MIM_LF { 1 0 10303 442 1 1 4 }'));
ENDSEC;

DATA;
#10=OVER_RIDING_STYLED_ITEM('',(#3064),#3024,#3057);
#11=OVER_RIDING_STYLED_ITEM('',(#3065),#3025,#3057);
#12=VERTEX_LOOP('',#2299);
#13=SPHERICAL_SURFACE('',#3277,0.00306372665694355);
#14=TOROIDAL_SURFACE('',#3270,0.0016,0.0001);
#15=CONTEXT_DEPENDENT_SHAPE_REPRESENTATION(#33,#5210);
#16=CONTEXT_DEPENDENT_SHAPE_REPRESENTATION(#34,#5212);
#17=CONTEXT_DEPENDENT_SHAPE_REPRESENTATION(#35,#5214);
#18=CONTEXT_DEPENDENT_SHAPE_REPRESENTATION(#36,#5216);
#19=CONTEXT_DEPENDENT_SHAPE_REPRESENTATION(#37,#5217);
#20=CONTEXT_DEPENDENT_SHAPE_REPRESENTATION(#38,#5219);
#21=CONTEXT_DEPENDENT_SHAPE_REPRESENTATION(#39,#5220);
#22=CONTEXT_DEPENDENT_SHAPE_REPRESENTATION(#40,#5221);
#23=CONTEXT_DEPENDENT_SHAPE_REPRESENTATION(#41,#5223);
#24=NEXT_ASSEMBLY_USAGE_OCCURRENCE('NAUO1','M3 2020 drop-in T-nut_3',
'M3 2020 drop-in T-nut_3',#5224,#5225,'');
#25=NEXT_ASSEMBLY_USAGE_OCCURRENCE('NAUO2','M3 2020 drop-in T-nut_2',
'M3 2020 drop-in T-nut_2',#5224,#5226,'');
#26=NEXT_ASSEMBLY_USAGE_OCCURRENCE('NAUO3','M3 2020 drop-in T-nut_2',
'M3 2020 drop-in T-nut_2',#5224,#5227,'');
#27=NEXT_ASSEMBLY_USAGE_OCCURRENCE('NAUO4',
'Socket button head screw M3x0.5 x 8',
'Socket button head screw M3x0.5 x 8',#5224,#5228,'');
#28=NEXT_ASSEMBLY_USAGE_OCCURRENCE('NAUO5',
'Socket button head screw M3x0.5 x 8',
'Socket button head screw M3x0.5 x 8',#5224,#5228,'');
#29=NEXT_ASSEMBLY_USAGE_OCCURRENCE('NAUO6','_HFSB5-2020-300',
'_HFSB5-2020-300',#5224,#5229,'');
#30=NEXT_ASSEMBLY_USAGE_OCCURRENCE('NAUO7',
'Socket button head screw M3x0.5 x 8',
'Socket button head screw M3x0.5 x 8',#5224,#5228,'');
#31=NEXT_ASSEMBLY_USAGE_OCCURRENCE('NAUO8',
'Socket button head screw M3x0.5 x 8',
'Socket button head screw M3x0.5 x 8',#5224,#5228,'');
#32=NEXT_ASSEMBLY_USAGE_OCCURRENCE('NAUO9','M3 2020 drop-in T-nut_3',
'M3 2020 drop-in T-nut_3',#5224,#5230,'');
#33=(
REPRESENTATION_RELATIONSHIP(' ',' ',#3125,#3124)
REPRESENTATION_RELATIONSHIP_WITH_TRANSFORMATION(#42)
SHAPE_REPRESENTATION_RELATIONSHIP()
);
#34=(
REPRESENTATION_RELATIONSHIP(' ',' ',#3126,#3124)
REPRESENTATION_RELATIONSHIP_WITH_TRANSFORMATION(#43)
SHAPE_REPRESENTATION_RELATIONSHIP()
);
#35=(
REPRESENTATION_RELATIONSHIP(' ',' ',#3127,#3124)
REPRESENTATION_RELATIONSHIP_WITH_TRANSFORMATION(#44)
SHAPE_REPRESENTATION_RELATIONSHIP()
);
#36=(
REPRESENTATION_RELATIONSHIP(' ',' ',#3128,#3124)
REPRESENTATION_RELATIONSHIP_WITH_TRANSFORMATION(#45)
SHAPE_REPRESENTATION_RELATIONSHIP()
);
#37=(
REPRESENTATION_RELATIONSHIP(' ',' ',#3128,#3124)
REPRESENTATION_RELATIONSHIP_WITH_TRANSFORMATION(#46)
SHAPE_REPRESENTATION_RELATIONSHIP()
);
#38=(
REPRESENTATION_RELATIONSHIP(' ',' ',#3129,#3124)
REPRESENTATION_RELATIONSHIP_WITH_TRANSFORMATION(#47)
SHAPE_REPRESENTATION_RELATIONSHIP()
);
#39=(
REPRESENTATION_RELATIONSHIP(' ',' ',#3128,#3124)
REPRESENTATION_RELATIONSHIP_WITH_TRANSFORMATION(#48)
SHAPE_REPRESENTATION_RELATIONSHIP()
);
#40=(
REPRESENTATION_RELATIONSHIP(' ',' ',#3128,#3124)
REPRESENTATION_RELATIONSHIP_WITH_TRANSFORMATION(#49)
SHAPE_REPRESENTATION_RELATIONSHIP()
);
#41=(
REPRESENTATION_RELATIONSHIP(' ',' ',#3130,#3124)
REPRESENTATION_RELATIONSHIP_WITH_TRANSFORMATION(#50)
SHAPE_REPRESENTATION_RELATIONSHIP()
);
#42=ITEM_DEFINED_TRANSFORMATION(' ',' ',#3131,#3173);
#43=ITEM_DEFINED_TRANSFORMATION(' ',' ',#3131,#3215);
#44=ITEM_DEFINED_TRANSFORMATION(' ',' ',#3131,#3257);
#45=ITEM_DEFINED_TRANSFORMATION(' ',' ',#3131,#3290);
#46=ITEM_DEFINED_TRANSFORMATION(' ',' ',#3131,#3291);
#47=ITEM_DEFINED_TRANSFORMATION(' ',' ',#3131,#3365);
#48=ITEM_DEFINED_TRANSFORMATION(' ',' ',#3131,#3366);
#49=ITEM_DEFINED_TRANSFORMATION(' ',' ',#3131,#3367);
#50=ITEM_DEFINED_TRANSFORMATION(' ',' ',#3131,#3409);
#51=SHAPE_REPRESENTATION_RELATIONSHIP('','',#3125,#57);
#52=SHAPE_REPRESENTATION_RELATIONSHIP('','',#3126,#58);
#53=SHAPE_REPRESENTATION_RELATIONSHIP('','',#3127,#59);
#54=SHAPE_REPRESENTATION_RELATIONSHIP('','',#3128,#60);
#55=SHAPE_REPRESENTATION_RELATIONSHIP('','',#3129,#61);
#56=SHAPE_REPRESENTATION_RELATIONSHIP('','',#3130,#62);
#57=ADVANCED_BREP_SHAPE_REPRESENTATION('',(#3111),#5192);
#58=ADVANCED_BREP_SHAPE_REPRESENTATION('',(#3112),#5193);
#59=ADVANCED_BREP_SHAPE_REPRESENTATION('',(#3113),#5194);
#60=ADVANCED_BREP_SHAPE_REPRESENTATION('',(#3114),#5195);
#61=ADVANCED_BREP_SHAPE_REPRESENTATION('',(#3115),#5196);
#62=ADVANCED_BREP_SHAPE_REPRESENTATION('',(#3116),#5197);
#63=CONICAL_SURFACE('',#3148,0.001743,0.785398163397448);
#64=CONICAL_SURFACE('',#3152,0.001743,0.785398163397448);
#65=CONICAL_SURFACE('',#3190,0.001743,0.785398163397448);
#66=CONICAL_SURFACE('',#3194,0.001743,0.785398163397448);
#67=CONICAL_SURFACE('',#3232,0.001743,0.785398163397448);
#68=CONICAL_SURFACE('',#3236,0.001743,0.785398163397448);
#69=CONICAL_SURFACE('',#3288,0.001,1.22173047639603);
#70=CONICAL_SURFACE('',#3289,0.0012293670625,0.78539816339745);
#71=CONICAL_SURFACE('',#3384,0.001743,0.785398163397448);
#72=CONICAL_SURFACE('',#3388,0.001743,0.785398163397448);
#73=PLANE('',#3141);
#74=PLANE('',#3151);
#75=PLANE('',#3154);
#76=PLANE('',#3155);
#77=PLANE('',#3160);
#78=PLANE('',#3163);
#79=PLANE('',#3168);
#80=PLANE('',#3171);
#81=PLANE('',#3172);
#82=PLANE('',#3183);
#83=PLANE('',#3193);
#84=PLANE('',#3196);
#85=PLANE('',#3197);
#86=PLANE('',#3202);
#87=PLANE('',#3205);
#88=PLANE('',#3210);
#89=PLANE('',#3213);
#90=PLANE('',#3214);
#91=PLANE('',#3225);
#92=PLANE('',#3235);
#93=PLANE('',#3238);
#94=PLANE('',#3239);
#95=PLANE('',#3244);
#96=PLANE('',#3247);
#97=PLANE('',#3252);
#98=PLANE('',#3255);
#99=PLANE('',#3256);
#100=PLANE('',#3258);
#101=PLANE('',#3260);
#102=PLANE('',#3262);
#103=PLANE('',#3264);
#104=PLANE('',#3266);
#105=PLANE('',#3268);
#106=PLANE('',#3275);
#107=PLANE('',#3279);
#108=PLANE('',#3280);
#109=PLANE('',#3281);
#110=PLANE('',#3282);
#111=PLANE('',#3283);
#112=PLANE('',#3284);
#113=PLANE('',#3285);
#114=PLANE('',#3286);
#115=PLANE('',#3292);
#116=PLANE('',#3293);
#117=PLANE('',#3297);
#118=PLANE('',#3298);
#119=PLANE('',#3299);
#120=PLANE('',#3300);
#121=PLANE('',#3301);
#122=PLANE('',#3302);
#123=PLANE('',#3303);
#124=PLANE('',#3304);
#125=PLANE('',#3305);
#126=PLANE('',#3306);
#127=PLANE('',#3307);
#128=PLANE('',#3308);
#129=PLANE('',#3309);
#130=PLANE('',#3310);
#131=PLANE('',#3314);
#132=PLANE('',#3315);
#133=PLANE('',#3316);
#134=PLANE('',#3317);
#135=PLANE('',#3318);
#136=PLANE('',#3319);
#137=PLANE('',#3320);
#138=PLANE('',#3321);
#139=PLANE('',#3322);
#140=PLANE('',#3323);
#141=PLANE('',#3324);
#142=PLANE('',#3325);
#143=PLANE('',#3326);
#144=PLANE('',#3327);
#145=PLANE('',#3331);
#146=PLANE('',#3332);
#147=PLANE('',#3333);
#148=PLANE('',#3334);
#149=PLANE('',#3335);
#150=PLANE('',#3336);
#151=PLANE('',#3337);
#152=PLANE('',#3338);
#153=PLANE('',#3339);
#154=PLANE('',#3340);
#155=PLANE('',#3341);
#156=PLANE('',#3342);
#157=PLANE('',#3343);
#158=PLANE('',#3344);
#159=PLANE('',#3348);
#160=PLANE('',#3349);
#161=PLANE('',#3350);
#162=PLANE('',#3351);
#163=PLANE('',#3352);
#164=PLANE('',#3353);
#165=PLANE('',#3354);
#166=PLANE('',#3355);
#167=PLANE('',#3356);
#168=PLANE('',#3357);
#169=PLANE('',#3358);
#170=PLANE('',#3359);
#171=PLANE('',#3360);
#172=PLANE('',#3362);
#173=PLANE('',#3377);
#174=PLANE('',#3387);
#175=PLANE('',#3390);
#176=PLANE('',#3391);
#177=PLANE('',#3396);
#178=PLANE('',#3399);
#179=PLANE('',#3404);
#180=PLANE('',#3407);
#181=PLANE('',#3408);
#182=CIRCLE('',#3133,0.007);
#183=CIRCLE('',#3134,0.007);
#184=CIRCLE('',#3136,0.001543);
#185=CIRCLE('',#3137,0.001543);
#186=CIRCLE('',#3139,0.007);
#187=CIRCLE('',#3140,0.007);
#188=CIRCLE('',#3142,0.0007);
#189=CIRCLE('',#3143,0.000699999999998782);
#190=CIRCLE('',#3144,0.00025);
#191=CIRCLE('',#3145,0.00025);
#192=CIRCLE('',#3146,0.00025);
#193=CIRCLE('',#3147,0.00025);
#194=CIRCLE('',#3149,0.001943);
#195=CIRCLE('',#3150,0.001943);
#196=CIRCLE('',#3153,0.001943);
#197=CIRCLE('',#3157,0.0007);
#198=CIRCLE('',#3159,0.000699999999998782);
#199=CIRCLE('',#3162,0.00025);
#200=CIRCLE('',#3165,0.00025);
#201=CIRCLE('',#3167,0.00025);
#202=CIRCLE('',#3170,0.00025);
#203=CIRCLE('',#3175,0.007);
#204=CIRCLE('',#3176,0.007);
#205=CIRCLE('',#3178,0.001543);
#206=CIRCLE('',#3179,0.001543);
#207=CIRCLE('',#3181,0.007);
#208=CIRCLE('',#3182,0.007);
#209=CIRCLE('',#3184,0.0007);
#210=CIRCLE('',#3185,0.000699999999998782);
#211=CIRCLE('',#3186,0.00025);
#212=CIRCLE('',#3187,0.00025);
#213=CIRCLE('',#3188,0.00025);
#214=CIRCLE('',#3189,0.00025);
#215=CIRCLE('',#3191,0.001943);
#216=CIRCLE('',#3192,0.001943);
#217=CIRCLE('',#3195,0.001943);
#218=CIRCLE('',#3199,0.0007);
#219=CIRCLE('',#3201,0.000699999999998782);
#220=CIRCLE('',#3204,0.00025);
#221=CIRCLE('',#3207,0.00025);
#222=CIRCLE('',#3209,0.00025);
#223=CIRCLE('',#3212,0.00025);
#224=CIRCLE('',#3217,0.007);
#225=CIRCLE('',#3218,0.007);
#226=CIRCLE('',#3220,0.001543);
#227=CIRCLE('',#3221,0.001543);
#228=CIRCLE('',#3223,0.007);
#229=CIRCLE('',#3224,0.007);
#230=CIRCLE('',#3226,0.0007);
#231=CIRCLE('',#3227,0.000699999999998782);
#232=CIRCLE('',#3228,0.00025);
#233=CIRCLE('',#3229,0.00025);
#234=CIRCLE('',#3230,0.00025);
#235=CIRCLE('',#3231,0.00025);
#236=CIRCLE('',#3233,0.001943);
#237=CIRCLE('',#3234,0.001943);
#238=CIRCLE('',#3237,0.001943);
#239=CIRCLE('',#3241,0.0007);
#240=CIRCLE('',#3243,0.000699999999998782);
#241=CIRCLE('',#3246,0.00025);
#242=CIRCLE('',#3249,0.00025);
#243=CIRCLE('',#3251,0.00025);
#244=CIRCLE('',#3254,0.00025);
#245=CIRCLE('',#3259,0.001);
#246=CIRCLE('',#3261,0.001);
#247=CIRCLE('',#3263,0.001);
#248=CIRCLE('',#3265,0.001);
#249=CIRCLE('',#3267,0.001);
#250=CIRCLE('',#3269,0.0013);
#251=CIRCLE('',#3271,0.0016);
#252=CIRCLE('',#3272,0.0015);
#253=CIRCLE('',#3274,0.0015);
#254=CIRCLE('',#3276,0.0012293670625);
#255=CIRCLE('',#3278,0.00285);
#256=CIRCLE('',#3287,0.001);
#257=CIRCLE('',#3295,0.001);
#258=CIRCLE('',#3296,0.001);
#259=CIRCLE('',#3312,0.001);
#260=CIRCLE('',#3313,0.001);
#261=CIRCLE('',#3329,0.001);
#262=CIRCLE('',#3330,0.001);
#263=CIRCLE('',#3346,0.001);
#264=CIRCLE('',#3347,0.001);
#265=CIRCLE('',#3361,0.0021);
#266=CIRCLE('',#3363,0.0021);
#267=CIRCLE('',#3369,0.007);
#268=CIRCLE('',#3370,0.007);
#269=CIRCLE('',#3372,0.001543);
#270=CIRCLE('',#3373,0.001543);
#271=CIRCLE('',#3375,0.007);
#272=CIRCLE('',#3376,0.007);
#273=CIRCLE('',#3378,0.0007);
#274=CIRCLE('',#3379,0.000699999999998782);
#275=CIRCLE('',#3380,0.00025);
#276=CIRCLE('',#3381,0.00025);
#277=CIRCLE('',#3382,0.00025);
#278=CIRCLE('',#3383,0.00025);
#279=CIRCLE('',#3385,0.001943);
#280=CIRCLE('',#3386,0.001943);
#281=CIRCLE('',#3389,0.001943);
#282=CIRCLE('',#3393,0.0007);
#283=CIRCLE('',#3395,0.000699999999998782);
#284=CIRCLE('',#3398,0.00025);
#285=CIRCLE('',#3401,0.00025);
#286=CIRCLE('',#3403,0.00025);
#287=CIRCLE('',#3406,0.00025);
#288=LINE('',#4285,#596);
#289=LINE('',#4289,#597);
#290=LINE('',#4293,#598);
#291=LINE('',#4307,#599);
#292=LINE('',#4311,#600);
#293=LINE('',#4315,#601);
#294=LINE('',#4317,#602);
#295=LINE('',#4321,#603);
#296=LINE('',#4324,#604);
#297=LINE('',#4328,#605);
#298=LINE('',#4332,#606);
#299=LINE('',#4336,#607);
#300=LINE('',#4343,#608);
#301=LINE('',#4348,#609);
#302=LINE('',#4350,#610);
#303=LINE('',#4352,#611);
#304=LINE('',#4355,#612);
#305=LINE('',#4361,#613);
#306=LINE('',#4363,#614);
#307=LINE('',#4365,#615);
#308=LINE('',#4369,#616);
#309=LINE('',#4371,#617);
#310=LINE('',#4373,#618);
#311=LINE('',#4379,#619);
#312=LINE('',#4381,#620);
#313=LINE('',#4383,#621);
#314=LINE('',#4387,#622);
#315=LINE('',#4389,#623);
#316=LINE('',#4400,#624);
#317=LINE('',#4404,#625);
#318=LINE('',#4408,#626);
#319=LINE('',#4422,#627);
#320=LINE('',#4426,#628);
#321=LINE('',#4430,#629);
#322=LINE('',#4432,#630);
#323=LINE('',#4436,#631);
#324=LINE('',#4439,#632);
#325=LINE('',#4443,#633);
#326=LINE('',#4447,#634);
#327=LINE('',#4451,#635);
#328=LINE('',#4458,#636);
#329=LINE('',#4463,#637);
#330=LINE('',#4465,#638);
#331=LINE('',#4467,#639);
#332=LINE('',#4470,#640);
#333=LINE('',#4476,#641);
#334=LINE('',#4478,#642);
#335=LINE('',#4480,#643);
#336=LINE('',#4484,#644);
#337=LINE('',#4486,#645);
#338=LINE('',#4488,#646);
#339=LINE('',#4494,#647);
#340=LINE('',#4496,#648);
#341=LINE('',#4498,#649);
#342=LINE('',#4502,#650);
#343=LINE('',#4504,#651);
#344=LINE('',#4515,#652);
#345=LINE('',#4519,#653);
#346=LINE('',#4523,#654);
#347=LINE('',#4537,#655);
#348=LINE('',#4541,#656);
#349=LINE('',#4545,#657);
#350=LINE('',#4547,#658);
#351=LINE('',#4551,#659);
#352=LINE('',#4554,#660);
#353=LINE('',#4558,#661);
#354=LINE('',#4562,#662);
#355=LINE('',#4566,#663);
#356=LINE('',#4573,#664);
#357=LINE('',#4578,#665);
#358=LINE('',#4580,#666);
#359=LINE('',#4582,#667);
#360=LINE('',#4585,#668);
#361=LINE('',#4591,#669);
#362=LINE('',#4593,#670);
#363=LINE('',#4595,#671);
#364=LINE('',#4599,#672);
#365=LINE('',#4601,#673);
#366=LINE('',#4603,#674);
#367=LINE('',#4609,#675);
#368=LINE('',#4611,#676);
#369=LINE('',#4613,#677);
#370=LINE('',#4617,#678);
#371=LINE('',#4619,#679);
#372=LINE('',#4626,#680);
#373=LINE('',#4628,#681);
#374=LINE('',#4632,#682);
#375=LINE('',#4634,#683);
#376=LINE('',#4638,#684);
#377=LINE('',#4640,#685);
#378=LINE('',#4644,#686);
#379=LINE('',#4646,#687);
#380=LINE('',#4650,#688);
#381=LINE('',#4652,#689);
#382=LINE('',#4656,#690);
#383=LINE('',#4659,#691);
#384=LINE('',#4661,#692);
#385=LINE('',#4663,#693);
#386=LINE('',#4665,#694);
#387=LINE('',#4667,#695);
#388=LINE('',#4684,#696);
#389=LINE('',#4685,#697);
#390=LINE('',#4687,#698);
#391=LINE('',#4689,#699);
#392=LINE('',#4691,#700);
#393=LINE('',#4693,#701);
#394=LINE('',#4695,#702);
#395=LINE('',#4697,#703);
#396=LINE('',#4706,#704);
#397=LINE('',#4709,#705);
#398=LINE('',#4711,#706);
#399=LINE('',#4713,#707);
#400=LINE('',#4715,#708);
#401=LINE('',#4717,#709);
#402=LINE('',#4719,#710);
#403=LINE('',#4723,#711);
#404=LINE('',#4727,#712);
#405=LINE('',#4730,#713);
#406=LINE('',#4732,#714);
#407=LINE('',#4734,#715);
#408=LINE('',#4736,#716);
#409=LINE('',#4737,#717);
#410=LINE('',#4739,#718);
#411=LINE('',#4741,#719);
#412=LINE('',#4743,#720);
#413=LINE('',#4745,#721);
#414=LINE('',#4747,#722);
#415=LINE('',#4749,#723);
#416=LINE('',#4751,#724);
#417=LINE('',#4753,#725);
#418=LINE('',#4755,#726);
#419=LINE('',#4757,#727);
#420=LINE('',#4759,#728);
#421=LINE('',#4761,#729);
#422=LINE('',#4763,#730);
#423=LINE('',#4765,#731);
#424=LINE('',#4767,#732);
#425=LINE('',#4769,#733);
#426=LINE('',#4771,#734);
#427=LINE('',#4773,#735);
#428=LINE('',#4775,#736);
#429=LINE('',#4777,#737);
#430=LINE('',#4779,#738);
#431=LINE('',#4781,#739);
#432=LINE('',#4783,#740);
#433=LINE('',#4785,#741);
#434=LINE('',#4787,#742);
#435=LINE('',#4789,#743);
#436=LINE('',#4791,#744);
#437=LINE('',#4793,#745);
#438=LINE('',#4795,#746);
#439=LINE('',#4797,#747);
#440=LINE('',#4799,#748);
#441=LINE('',#4801,#749);
#442=LINE('',#4803,#750);
#443=LINE('',#4805,#751);
#444=LINE('',#4807,#752);
#445=LINE('',#4809,#753);
#446=LINE('',#4815,#754);
#447=LINE('',#4817,#755);
#448=LINE('',#4819,#756);
#449=LINE('',#4821,#757);
#450=LINE('',#4823,#758);
#451=LINE('',#4825,#759);
#452=LINE('',#4827,#760);
#453=LINE('',#4829,#761);
#454=LINE('',#4831,#762);
#455=LINE('',#4833,#763);
#456=LINE('',#4835,#764);
#457=LINE('',#4837,#765);
#458=LINE('',#4839,#766);
#459=LINE('',#4841,#767);
#460=LINE('',#4843,#768);
#461=LINE('',#4845,#769);
#462=LINE('',#4847,#770);
#463=LINE('',#4849,#771);
#464=LINE('',#4851,#772);
#465=LINE('',#4853,#773);
#466=LINE('',#4855,#774);
#467=LINE('',#4857,#775);
#468=LINE('',#4859,#776);
#469=LINE('',#4861,#777);
#470=LINE('',#4863,#778);
#471=LINE('',#4865,#779);
#472=LINE('',#4867,#780);
#473=LINE('',#4869,#781);
#474=LINE('',#4871,#782);
#475=LINE('',#4873,#783);
#476=LINE('',#4875,#784);
#477=LINE('',#4877,#785);
#478=LINE('',#4879,#786);
#479=LINE('',#4881,#787);
#480=LINE('',#4883,#788);
#481=LINE('',#4885,#789);
#482=LINE('',#4887,#790);
#483=LINE('',#4889,#791);
#484=LINE('',#4891,#792);
#485=LINE('',#4893,#793);
#486=LINE('',#4895,#794);
#487=LINE('',#4897,#795);
#488=LINE('',#4899,#796);
#489=LINE('',#4905,#797);
#490=LINE('',#4907,#798);
#491=LINE('',#4909,#799);
#492=LINE('',#4911,#800);
#493=LINE('',#4913,#801);
#494=LINE('',#4915,#802);
#495=LINE('',#4917,#803);
#496=LINE('',#4919,#804);
#497=LINE('',#4921,#805);
#498=LINE('',#4923,#806);
#499=LINE('',#4925,#807);
#500=LINE('',#4927,#808);
#501=LINE('',#4929,#809);
#502=LINE('',#4931,#810);
#503=LINE('',#4933,#811);
#504=LINE('',#4935,#812);
#505=LINE('',#4937,#813);
#506=LINE('',#4939,#814);
#507=LINE('',#4941,#815);
#508=LINE('',#4943,#816);
#509=LINE('',#4945,#817);
#510=LINE('',#4947,#818);
#511=LINE('',#4949,#819);
#512=LINE('',#4951,#820);
#513=LINE('',#4953,#821);
#514=LINE('',#4955,#822);
#515=LINE('',#4957,#823);
#516=LINE('',#4959,#824);
#517=LINE('',#4961,#825);
#518=LINE('',#4963,#826);
#519=LINE('',#4965,#827);
#520=LINE('',#4967,#828);
#521=LINE('',#4969,#829);
#522=LINE('',#4971,#830);
#523=LINE('',#4973,#831);
#524=LINE('',#4975,#832);
#525=LINE('',#4977,#833);
#526=LINE('',#4979,#834);
#527=LINE('',#4981,#835);
#528=LINE('',#4983,#836);
#529=LINE('',#4985,#837);
#530=LINE('',#4987,#838);
#531=LINE('',#4989,#839);
#532=LINE('',#4995,#840);
#533=LINE('',#4997,#841);
#534=LINE('',#4999,#842);
#535=LINE('',#5001,#843);
#536=LINE('',#5003,#844);
#537=LINE('',#5005,#845);
#538=LINE('',#5007,#846);
#539=LINE('',#5009,#847);
#540=LINE('',#5011,#848);
#541=LINE('',#5013,#849);
#542=LINE('',#5015,#850);
#543=LINE('',#5017,#851);
#544=LINE('',#5019,#852);
#545=LINE('',#5021,#853);
#546=LINE('',#5023,#854);
#547=LINE('',#5025,#855);
#548=LINE('',#5027,#856);
#549=LINE('',#5029,#857);
#550=LINE('',#5031,#858);
#551=LINE('',#5033,#859);
#552=LINE('',#5035,#860);
#553=LINE('',#5037,#861);
#554=LINE('',#5039,#862);
#555=LINE('',#5041,#863);
#556=LINE('',#5043,#864);
#557=LINE('',#5045,#865);
#558=LINE('',#5047,#866);
#559=LINE('',#5049,#867);
#560=LINE('',#5051,#868);
#561=LINE('',#5053,#869);
#562=LINE('',#5055,#870);
#563=LINE('',#5057,#871);
#564=LINE('',#5059,#872);
#565=LINE('',#5061,#873);
#566=LINE('',#5063,#874);
#567=LINE('',#5064,#875);
#568=LINE('',#5083,#876);
#569=LINE('',#5087,#877);
#570=LINE('',#5091,#878);
#571=LINE('',#5105,#879);
#572=LINE('',#5109,#880);
#573=LINE('',#5113,#881);
#574=LINE('',#5115,#882);
#575=LINE('',#5119,#883);
#576=LINE('',#5122,#884);
#577=LINE('',#5126,#885);
#578=LINE('',#5130,#886);
#579=LINE('',#5134,#887);
#580=LINE('',#5141,#888);
#581=LINE('',#5146,#889);
#582=LINE('',#5148,#890);
#583=LINE('',#5150,#891);
#584=LINE('',#5153,#892);
#585=LINE('',#5159,#893);
#586=LINE('',#5161,#894);
#587=LINE('',#5163,#895);
#588=LINE('',#5167,#896);
#589=LINE('',#5169,#897);
#590=LINE('',#5171,#898);
#591=LINE('',#5177,#899);
#592=LINE('',#5179,#900);
#593=LINE('',#5181,#901);
#594=LINE('',#5185,#902);
#595=LINE('',#5187,#903);
#596=VECTOR('',#3414,1.);
#597=VECTOR('',#3417,1.);
#598=VECTOR('',#3420,1.);
#599=VECTOR('',#3429,1.);
#600=VECTOR('',#3432,1.);
#601=VECTOR('',#3435,1.);
#602=VECTOR('',#3438,1.);
#603=VECTOR('',#3441,1.);
#604=VECTOR('',#3444,1.);
#605=VECTOR('',#3447,1.);
#606=VECTOR('',#3450,1.);
#607=VECTOR('',#3453,1.);
#608=VECTOR('',#3464,1.);
#609=VECTOR('',#3471,1.);
#610=VECTOR('',#3472,1.);
#611=VECTOR('',#3473,1.);
#612=VECTOR('',#3478,1.);
#613=VECTOR('',#3485,1.);
#614=VECTOR('',#3488,1.);
#615=VECTOR('',#3489,1.);
#616=VECTOR('',#3494,1.);
#617=VECTOR('',#3497,1.);
#618=VECTOR('',#3498,1.);
#619=VECTOR('',#3507,1.);
#620=VECTOR('',#3510,1.);
#621=VECTOR('',#3511,1.);
#622=VECTOR('',#3516,1.);
#623=VECTOR('',#3519,1.);
#624=VECTOR('',#3526,1.);
#625=VECTOR('',#3529,1.);
#626=VECTOR('',#3532,1.);
#627=VECTOR('',#3541,1.);
#628=VECTOR('',#3544,1.);
#629=VECTOR('',#3547,1.);
#630=VECTOR('',#3550,1.);
#631=VECTOR('',#3553,1.);
#632=VECTOR('',#3556,1.);
#633=VECTOR('',#3559,1.);
#634=VECTOR('',#3562,1.);
#635=VECTOR('',#3565,1.);
#636=VECTOR('',#3576,1.);
#637=VECTOR('',#3583,1.);
#638=VECTOR('',#3584,1.);
#639=VECTOR('',#3585,1.);
#640=VECTOR('',#3590,1.);
#641=VECTOR('',#3597,1.);
#642=VECTOR('',#3600,1.);
#643=VECTOR('',#3601,1.);
#644=VECTOR('',#3606,1.);
#645=VECTOR('',#3609,1.);
#646=VECTOR('',#3610,1.);
#647=VECTOR('',#3619,1.);
#648=VECTOR('',#3622,1.);
#649=VECTOR('',#3623,1.);
#650=VECTOR('',#3628,1.);
#651=VECTOR('',#3631,1.);
#652=VECTOR('',#3638,1.);
#653=VECTOR('',#3641,1.);
#654=VECTOR('',#3644,1.);
#655=VECTOR('',#3653,1.);
#656=VECTOR('',#3656,1.);
#657=VECTOR('',#3659,1.);
#658=VECTOR('',#3662,1.);
#659=VECTOR('',#3665,1.);
#660=VECTOR('',#3668,1.);
#661=VECTOR('',#3671,1.);
#662=VECTOR('',#3674,1.);
#663=VECTOR('',#3677,1.);
#664=VECTOR('',#3688,1.);
#665=VECTOR('',#3695,1.);
#666=VECTOR('',#3696,1.);
#667=VECTOR('',#3697,1.);
#668=VECTOR('',#3702,1.);
#669=VECTOR('',#3709,1.);
#670=VECTOR('',#3712,1.);
#671=VECTOR('',#3713,1.);
#672=VECTOR('',#3718,1.);
#673=VECTOR('',#3721,1.);
#674=VECTOR('',#3722,1.);
#675=VECTOR('',#3731,1.);
#676=VECTOR('',#3734,1.);
#677=VECTOR('',#3735,1.);
#678=VECTOR('',#3740,1.);
#679=VECTOR('',#3743,1.);
#680=VECTOR('',#3752,1.);
#681=VECTOR('',#3753,1.);
#682=VECTOR('',#3758,1.);
#683=VECTOR('',#3759,1.);
#684=VECTOR('',#3764,1.);
#685=VECTOR('',#3765,1.);
#686=VECTOR('',#3770,1.);
#687=VECTOR('',#3771,1.);
#688=VECTOR('',#3776,1.);
#689=VECTOR('',#3777,1.);
#690=VECTOR('',#3782,1.);
#691=VECTOR('',#3783,1.);
#692=VECTOR('',#3784,1.);
#693=VECTOR('',#3785,1.);
#694=VECTOR('',#3786,1.);
#695=VECTOR('',#3787,1.);
#696=VECTOR('',#3810,1.);
#697=VECTOR('',#3811,1.);
#698=VECTOR('',#3814,1.);
#699=VECTOR('',#3817,1.);
#700=VECTOR('',#3820,1.);
#701=VECTOR('',#3823,1.);
#702=VECTOR('',#3824,1.);
#703=VECTOR('',#3827,1.);
#704=VECTOR('',#3842,1.);
#705=VECTOR('',#3843,1.);
#706=VECTOR('',#3844,1.);
#707=VECTOR('',#3845,1.);
#708=VECTOR('',#3848,1.);
#709=VECTOR('',#3849,1.);
#710=VECTOR('',#3850,1.);
#711=VECTOR('',#3855,1.);
#712=VECTOR('',#3860,1.);
#713=VECTOR('',#3861,1.);
#714=VECTOR('',#3862,1.);
#715=VECTOR('',#3863,1.);
#716=VECTOR('',#3866,1.);
#717=VECTOR('',#3867,1.);
#718=VECTOR('',#3870,1.);
#719=VECTOR('',#3871,1.);
#720=VECTOR('',#3872,1.);
#721=VECTOR('',#3875,1.);
#722=VECTOR('',#3876,1.);
#723=VECTOR('',#3877,1.);
#724=VECTOR('',#3880,1.);
#725=VECTOR('',#3881,1.);
#726=VECTOR('',#3882,1.);
#727=VECTOR('',#3885,1.);
#728=VECTOR('',#3886,1.);
#729=VECTOR('',#3887,1.);
#730=VECTOR('',#3890,1.);
#731=VECTOR('',#3891,1.);
#732=VECTOR('',#3892,1.);
#733=VECTOR('',#3895,1.);
#734=VECTOR('',#3896,1.);
#735=VECTOR('',#3897,1.);
#736=VECTOR('',#3900,1.);
#737=VECTOR('',#3901,1.);
#738=VECTOR('',#3902,1.);
#739=VECTOR('',#3905,1.);
#740=VECTOR('',#3906,1.);
#741=VECTOR('',#3907,1.);
#742=VECTOR('',#3910,1.);
#743=VECTOR('',#3911,1.);
#744=VECTOR('',#3912,1.);
#745=VECTOR('',#3915,1.);
#746=VECTOR('',#3916,1.);
#747=VECTOR('',#3917,1.);
#748=VECTOR('',#3920,1.);
#749=VECTOR('',#3921,1.);
#750=VECTOR('',#3922,1.);
#751=VECTOR('',#3925,1.);
#752=VECTOR('',#3926,1.);
#753=VECTOR('',#3927,1.);
#754=VECTOR('',#3934,1.);
#755=VECTOR('',#3937,1.);
#756=VECTOR('',#3938,1.);
#757=VECTOR('',#3939,1.);
#758=VECTOR('',#3942,1.);
#759=VECTOR('',#3943,1.);
#760=VECTOR('',#3944,1.);
#761=VECTOR('',#3947,1.);
#762=VECTOR('',#3948,1.);
#763=VECTOR('',#3949,1.);
#764=VECTOR('',#3952,1.);
#765=VECTOR('',#3953,1.);
#766=VECTOR('',#3954,1.);
#767=VECTOR('',#3957,1.);
#768=VECTOR('',#3958,1.);
#769=VECTOR('',#3959,1.);
#770=VECTOR('',#3962,1.);
#771=VECTOR('',#3963,1.);
#772=VECTOR('',#3964,1.);
#773=VECTOR('',#3967,1.);
#774=VECTOR('',#3968,1.);
#775=VECTOR('',#3969,1.);
#776=VECTOR('',#3972,1.);
#777=VECTOR('',#3973,1.);
#778=VECTOR('',#3974,1.);
#779=VECTOR('',#3977,1.);
#780=VECTOR('',#3978,1.);
#781=VECTOR('',#3979,1.);
#782=VECTOR('',#3982,1.);
#783=VECTOR('',#3983,1.);
#784=VECTOR('',#3984,1.);
#785=VECTOR('',#3987,1.);
#786=VECTOR('',#3988,1.);
#787=VECTOR('',#3989,1.);
#788=VECTOR('',#3992,1.);
#789=VECTOR('',#3993,1.);
#790=VECTOR('',#3994,1.);
#791=VECTOR('',#3997,1.);
#792=VECTOR('',#3998,1.);
#793=VECTOR('',#3999,1.);
#794=VECTOR('',#4002,1.);
#795=VECTOR('',#4003,1.);
#796=VECTOR('',#4004,1.);
#797=VECTOR('',#4011,1.);
#798=VECTOR('',#4014,1.);
#799=VECTOR('',#4015,1.);
#800=VECTOR('',#4016,1.);
#801=VECTOR('',#4019,1.);
#802=VECTOR('',#4020,1.);
#803=VECTOR('',#4021,1.);
#804=VECTOR('',#4024,1.);
#805=VECTOR('',#4025,1.);
#806=VECTOR('',#4026,1.);
#807=VECTOR('',#4029,1.);
#808=VECTOR('',#4030,1.);
#809=VECTOR('',#4031,1.);
#810=VECTOR('',#4034,1.);
#811=VECTOR('',#4035,1.);
#812=VECTOR('',#4036,1.);
#813=VECTOR('',#4039,1.);
#814=VECTOR('',#4040,1.);
#815=VECTOR('',#4041,1.);
#816=VECTOR('',#4044,1.);
#817=VECTOR('',#4045,1.);
#818=VECTOR('',#4046,1.);
#819=VECTOR('',#4049,1.);
#820=VECTOR('',#4050,1.);
#821=VECTOR('',#4051,1.);
#822=VECTOR('',#4054,1.);
#823=VECTOR('',#4055,1.);
#824=VECTOR('',#4056,1.);
#825=VECTOR('',#4059,1.);
#826=VECTOR('',#4060,1.);
#827=VECTOR('',#4061,1.);
#828=VECTOR('',#4064,1.);
#829=VECTOR('',#4065,1.);
#830=VECTOR('',#4066,1.);
#831=VECTOR('',#4069,1.);
#832=VECTOR('',#4070,1.);
#833=VECTOR('',#4071,1.);
#834=VECTOR('',#4074,1.);
#835=VECTOR('',#4075,1.);
#836=VECTOR('',#4076,1.);
#837=VECTOR('',#4079,1.);
#838=VECTOR('',#4080,1.);
#839=VECTOR('',#4081,1.);
#840=VECTOR('',#4088,1.);
#841=VECTOR('',#4091,1.);
#842=VECTOR('',#4092,1.);
#843=VECTOR('',#4093,1.);
#844=VECTOR('',#4096,1.);
#845=VECTOR('',#4097,1.);
#846=VECTOR('',#4098,1.);
#847=VECTOR('',#4101,1.);
#848=VECTOR('',#4102,1.);
#849=VECTOR('',#4103,1.);
#850=VECTOR('',#4106,1.);
#851=VECTOR('',#4107,1.);
#852=VECTOR('',#4108,1.);
#853=VECTOR('',#4111,1.);
#854=VECTOR('',#4112,1.);
#855=VECTOR('',#4113,1.);
#856=VECTOR('',#4116,1.);
#857=VECTOR('',#4117,1.);
#858=VECTOR('',#4118,1.);
#859=VECTOR('',#4121,1.);
#860=VECTOR('',#4122,1.);
#861=VECTOR('',#4123,1.);
#862=VECTOR('',#4126,1.);
#863=VECTOR('',#4127,1.);
#864=VECTOR('',#4128,1.);
#865=VECTOR('',#4131,1.);
#866=VECTOR('',#4132,1.);
#867=VECTOR('',#4133,1.);
#868=VECTOR('',#4136,1.);
#869=VECTOR('',#4137,1.);
#870=VECTOR('',#4138,1.);
#871=VECTOR('',#4141,1.);
#872=VECTOR('',#4142,1.);
#873=VECTOR('',#4143,1.);
#874=VECTOR('',#4146,1.);
#875=VECTOR('',#4147,1.);
#876=VECTOR('',#4166,1.);
#877=VECTOR('',#4169,1.);
#878=VECTOR('',#4172,1.);
#879=VECTOR('',#4181,1.);
#880=VECTOR('',#4184,1.);
#881=VECTOR('',#4187,1.);
#882=VECTOR('',#4190,1.);
#883=VECTOR('',#4193,1.);
#884=VECTOR('',#4196,1.);
#885=VECTOR('',#4199,1.);
#886=VECTOR('',#4202,1.);
#887=VECTOR('',#4205,1.);
#888=VECTOR('',#4216,1.);
#889=VECTOR('',#4223,1.);
#890=VECTOR('',#4224,1.);
#891=VECTOR('',#4225,1.);
#892=VECTOR('',#4230,1.);
#893=VECTOR('',#4237,1.);
#894=VECTOR('',#4240,1.);
#895=VECTOR('',#4241,1.);
#896=VECTOR('',#4246,1.);
#897=VECTOR('',#4249,1.);
#898=VECTOR('',#4250,1.);
#899=VECTOR('',#4259,1.);
#900=VECTOR('',#4262,1.);
#901=VECTOR('',#4263,1.);
#902=VECTOR('',#4268,1.);
#903=VECTOR('',#4271,1.);
#904=ORIENTED_EDGE('',*,*,#1748,.F.);
#905=ORIENTED_EDGE('',*,*,#1749,.F.);
#906=ORIENTED_EDGE('',*,*,#1750,.F.);
#907=ORIENTED_EDGE('',*,*,#1751,.T.);
#908=ORIENTED_EDGE('',*,*,#1752,.F.);
#909=ORIENTED_EDGE('',*,*,#1753,.F.);
#910=ORIENTED_EDGE('',*,*,#1754,.F.);
#911=ORIENTED_EDGE('',*,*,#1755,.F.);
#912=ORIENTED_EDGE('',*,*,#1756,.F.);
#913=ORIENTED_EDGE('',*,*,#1757,.F.);
#914=ORIENTED_EDGE('',*,*,#1758,.F.);
#915=ORIENTED_EDGE('',*,*,#1759,.F.);
#916=ORIENTED_EDGE('',*,*,#1760,.F.);
#917=ORIENTED_EDGE('',*,*,#1761,.T.);
#918=ORIENTED_EDGE('',*,*,#1762,.T.);
#919=ORIENTED_EDGE('',*,*,#1763,.T.);
#920=ORIENTED_EDGE('',*,*,#1758,.T.);
#921=ORIENTED_EDGE('',*,*,#1764,.T.);
#922=ORIENTED_EDGE('',*,*,#1752,.T.);
#923=ORIENTED_EDGE('',*,*,#1765,.T.);
#924=ORIENTED_EDGE('',*,*,#1766,.T.);
#925=ORIENTED_EDGE('',*,*,#1767,.T.);
#926=ORIENTED_EDGE('',*,*,#1768,.T.);
#927=ORIENTED_EDGE('',*,*,#1769,.T.);
#928=ORIENTED_EDGE('',*,*,#1770,.T.);
#929=ORIENTED_EDGE('',*,*,#1771,.T.);
#930=ORIENTED_EDGE('',*,*,#1772,.T.);
#931=ORIENTED_EDGE('',*,*,#1773,.T.);
#932=ORIENTED_EDGE('',*,*,#1755,.T.);
#933=ORIENTED_EDGE('',*,*,#1756,.T.);
#934=ORIENTED_EDGE('',*,*,#1774,.T.);
#935=ORIENTED_EDGE('',*,*,#1748,.T.);
#936=ORIENTED_EDGE('',*,*,#1775,.T.);
#937=ORIENTED_EDGE('',*,*,#1774,.F.);
#938=ORIENTED_EDGE('',*,*,#1761,.F.);
#939=ORIENTED_EDGE('',*,*,#1776,.F.);
#940=ORIENTED_EDGE('',*,*,#1749,.T.);
#941=ORIENTED_EDGE('',*,*,#1754,.T.);
#942=ORIENTED_EDGE('',*,*,#1777,.T.);
#943=ORIENTED_EDGE('',*,*,#1778,.F.);
#944=ORIENTED_EDGE('',*,*,#1779,.F.);
#945=ORIENTED_EDGE('',*,*,#1780,.T.);
#946=ORIENTED_EDGE('',*,*,#1770,.F.);
#947=ORIENTED_EDGE('',*,*,#1777,.F.);
#948=ORIENTED_EDGE('',*,*,#1753,.T.);
#949=ORIENTED_EDGE('',*,*,#1764,.F.);
#950=ORIENTED_EDGE('',*,*,#1757,.T.);
#951=ORIENTED_EDGE('',*,*,#1775,.F.);
#952=ORIENTED_EDGE('',*,*,#1781,.F.);
#953=ORIENTED_EDGE('',*,*,#1782,.F.);
#954=ORIENTED_EDGE('',*,*,#1759,.T.);
#955=ORIENTED_EDGE('',*,*,#1763,.F.);
#956=ORIENTED_EDGE('',*,*,#1751,.F.);
#957=ORIENTED_EDGE('',*,*,#1783,.F.);
#958=ORIENTED_EDGE('',*,*,#1784,.T.);
#959=ORIENTED_EDGE('',*,*,#1765,.F.);
#960=ORIENTED_EDGE('',*,*,#1784,.F.);
#961=ORIENTED_EDGE('',*,*,#1785,.F.);
#962=ORIENTED_EDGE('',*,*,#1786,.T.);
#963=ORIENTED_EDGE('',*,*,#1766,.F.);
#964=ORIENTED_EDGE('',*,*,#1786,.F.);
#965=ORIENTED_EDGE('',*,*,#1787,.F.);
#966=ORIENTED_EDGE('',*,*,#1788,.T.);
#967=ORIENTED_EDGE('',*,*,#1767,.F.);
#968=ORIENTED_EDGE('',*,*,#1788,.F.);
#969=ORIENTED_EDGE('',*,*,#1789,.F.);
#970=ORIENTED_EDGE('',*,*,#1790,.T.);
#971=ORIENTED_EDGE('',*,*,#1768,.F.);
#972=ORIENTED_EDGE('',*,*,#1790,.F.);
#973=ORIENTED_EDGE('',*,*,#1791,.F.);
#974=ORIENTED_EDGE('',*,*,#1778,.T.);
#975=ORIENTED_EDGE('',*,*,#1769,.F.);
#976=ORIENTED_EDGE('',*,*,#1780,.F.);
#977=ORIENTED_EDGE('',*,*,#1792,.F.);
#978=ORIENTED_EDGE('',*,*,#1793,.T.);
#979=ORIENTED_EDGE('',*,*,#1771,.F.);
#980=ORIENTED_EDGE('',*,*,#1793,.F.);
#981=ORIENTED_EDGE('',*,*,#1794,.F.);
#982=ORIENTED_EDGE('',*,*,#1795,.T.);
#983=ORIENTED_EDGE('',*,*,#1772,.F.);
#984=ORIENTED_EDGE('',*,*,#1795,.F.);
#985=ORIENTED_EDGE('',*,*,#1796,.F.);
#986=ORIENTED_EDGE('',*,*,#1797,.F.);
#987=ORIENTED_EDGE('',*,*,#1773,.F.);
#988=ORIENTED_EDGE('',*,*,#1797,.T.);
#989=ORIENTED_EDGE('',*,*,#1798,.F.);
#990=ORIENTED_EDGE('',*,*,#1781,.T.);
#991=ORIENTED_EDGE('',*,*,#1762,.F.);
#992=ORIENTED_EDGE('',*,*,#1798,.T.);
#993=ORIENTED_EDGE('',*,*,#1796,.T.);
#994=ORIENTED_EDGE('',*,*,#1794,.T.);
#995=ORIENTED_EDGE('',*,*,#1792,.T.);
#996=ORIENTED_EDGE('',*,*,#1779,.T.);
#997=ORIENTED_EDGE('',*,*,#1791,.T.);
#998=ORIENTED_EDGE('',*,*,#1789,.T.);
#999=ORIENTED_EDGE('',*,*,#1787,.T.);
#1000=ORIENTED_EDGE('',*,*,#1785,.T.);
#1001=ORIENTED_EDGE('',*,*,#1783,.T.);
#1002=ORIENTED_EDGE('',*,*,#1750,.T.);
#1003=ORIENTED_EDGE('',*,*,#1776,.T.);
#1004=ORIENTED_EDGE('',*,*,#1760,.T.);
#1005=ORIENTED_EDGE('',*,*,#1782,.T.);
#1006=ORIENTED_EDGE('',*,*,#1799,.F.);
#1007=ORIENTED_EDGE('',*,*,#1800,.F.);
#1008=ORIENTED_EDGE('',*,*,#1801,.F.);
#1009=ORIENTED_EDGE('',*,*,#1802,.T.);
#1010=ORIENTED_EDGE('',*,*,#1803,.F.);
#1011=ORIENTED_EDGE('',*,*,#1804,.F.);
#1012=ORIENTED_EDGE('',*,*,#1805,.F.);
#1013=ORIENTED_EDGE('',*,*,#1806,.F.);
#1014=ORIENTED_EDGE('',*,*,#1807,.F.);
#1015=ORIENTED_EDGE('',*,*,#1808,.F.);
#1016=ORIENTED_EDGE('',*,*,#1809,.F.);
#1017=ORIENTED_EDGE('',*,*,#1810,.F.);
#1018=ORIENTED_EDGE('',*,*,#1811,.F.);
#1019=ORIENTED_EDGE('',*,*,#1812,.T.);
#1020=ORIENTED_EDGE('',*,*,#1813,.T.);
#1021=ORIENTED_EDGE('',*,*,#1814,.T.);
#1022=ORIENTED_EDGE('',*,*,#1809,.T.);
#1023=ORIENTED_EDGE('',*,*,#1815,.T.);
#1024=ORIENTED_EDGE('',*,*,#1803,.T.);
#1025=ORIENTED_EDGE('',*,*,#1816,.T.);
#1026=ORIENTED_EDGE('',*,*,#1817,.T.);
#1027=ORIENTED_EDGE('',*,*,#1818,.T.);
#1028=ORIENTED_EDGE('',*,*,#1819,.T.);
#1029=ORIENTED_EDGE('',*,*,#1820,.T.);
#1030=ORIENTED_EDGE('',*,*,#1821,.T.);
#1031=ORIENTED_EDGE('',*,*,#1822,.T.);
#1032=ORIENTED_EDGE('',*,*,#1823,.T.);
#1033=ORIENTED_EDGE('',*,*,#1824,.T.);
#1034=ORIENTED_EDGE('',*,*,#1806,.T.);
#1035=ORIENTED_EDGE('',*,*,#1807,.T.);
#1036=ORIENTED_EDGE('',*,*,#1825,.T.);
#1037=ORIENTED_EDGE('',*,*,#1799,.T.);
#1038=ORIENTED_EDGE('',*,*,#1826,.T.);
#1039=ORIENTED_EDGE('',*,*,#1825,.F.);
#1040=ORIENTED_EDGE('',*,*,#1812,.F.);
#1041=ORIENTED_EDGE('',*,*,#1827,.F.);
#1042=ORIENTED_EDGE('',*,*,#1800,.T.);
#1043=ORIENTED_EDGE('',*,*,#1805,.T.);
#1044=ORIENTED_EDGE('',*,*,#1828,.T.);
#1045=ORIENTED_EDGE('',*,*,#1829,.F.);
#1046=ORIENTED_EDGE('',*,*,#1830,.F.);
#1047=ORIENTED_EDGE('',*,*,#1831,.T.);
#1048=ORIENTED_EDGE('',*,*,#1821,.F.);
#1049=ORIENTED_EDGE('',*,*,#1828,.F.);
#1050=ORIENTED_EDGE('',*,*,#1804,.T.);
#1051=ORIENTED_EDGE('',*,*,#1815,.F.);
#1052=ORIENTED_EDGE('',*,*,#1808,.T.);
#1053=ORIENTED_EDGE('',*,*,#1826,.F.);
#1054=ORIENTED_EDGE('',*,*,#1832,.F.);
#1055=ORIENTED_EDGE('',*,*,#1833,.F.);
#1056=ORIENTED_EDGE('',*,*,#1810,.T.);
#1057=ORIENTED_EDGE('',*,*,#1814,.F.);
#1058=ORIENTED_EDGE('',*,*,#1802,.F.);
#1059=ORIENTED_EDGE('',*,*,#1834,.F.);
#1060=ORIENTED_EDGE('',*,*,#1835,.T.);
#1061=ORIENTED_EDGE('',*,*,#1816,.F.);
#1062=ORIENTED_EDGE('',*,*,#1835,.F.);
#1063=ORIENTED_EDGE('',*,*,#1836,.F.);
#1064=ORIENTED_EDGE('',*,*,#1837,.T.);
#1065=ORIENTED_EDGE('',*,*,#1817,.F.);
#1066=ORIENTED_EDGE('',*,*,#1837,.F.);
#1067=ORIENTED_EDGE('',*,*,#1838,.F.);
#1068=ORIENTED_EDGE('',*,*,#1839,.T.);
#1069=ORIENTED_EDGE('',*,*,#1818,.F.);
#1070=ORIENTED_EDGE('',*,*,#1839,.F.);
#1071=ORIENTED_EDGE('',*,*,#1840,.F.);
#1072=ORIENTED_EDGE('',*,*,#1841,.T.);
#1073=ORIENTED_EDGE('',*,*,#1819,.F.);
#1074=ORIENTED_EDGE('',*,*,#1841,.F.);
#1075=ORIENTED_EDGE('',*,*,#1842,.F.);
#1076=ORIENTED_EDGE('',*,*,#1829,.T.);
#1077=ORIENTED_EDGE('',*,*,#1820,.F.);
#1078=ORIENTED_EDGE('',*,*,#1831,.F.);
#1079=ORIENTED_EDGE('',*,*,#1843,.F.);
#1080=ORIENTED_EDGE('',*,*,#1844,.T.);
#1081=ORIENTED_EDGE('',*,*,#1822,.F.);
#1082=ORIENTED_EDGE('',*,*,#1844,.F.);
#1083=ORIENTED_EDGE('',*,*,#1845,.F.);
#1084=ORIENTED_EDGE('',*,*,#1846,.T.);
#1085=ORIENTED_EDGE('',*,*,#1823,.F.);
#1086=ORIENTED_EDGE('',*,*,#1846,.F.);
#1087=ORIENTED_EDGE('',*,*,#1847,.F.);
#1088=ORIENTED_EDGE('',*,*,#1848,.F.);
#1089=ORIENTED_EDGE('',*,*,#1824,.F.);
#1090=ORIENTED_EDGE('',*,*,#1848,.T.);
#1091=ORIENTED_EDGE('',*,*,#1849,.F.);
#1092=ORIENTED_EDGE('',*,*,#1832,.T.);
#1093=ORIENTED_EDGE('',*,*,#1813,.F.);
#1094=ORIENTED_EDGE('',*,*,#1849,.T.);
#1095=ORIENTED_EDGE('',*,*,#1847,.T.);
#1096=ORIENTED_EDGE('',*,*,#1845,.T.);
#1097=ORIENTED_EDGE('',*,*,#1843,.T.);
#1098=ORIENTED_EDGE('',*,*,#1830,.T.);
#1099=ORIENTED_EDGE('',*,*,#1842,.T.);
#1100=ORIENTED_EDGE('',*,*,#1840,.T.);
#1101=ORIENTED_EDGE('',*,*,#1838,.T.);
#1102=ORIENTED_EDGE('',*,*,#1836,.T.);
#1103=ORIENTED_EDGE('',*,*,#1834,.T.);
#1104=ORIENTED_EDGE('',*,*,#1801,.T.);
#1105=ORIENTED_EDGE('',*,*,#1827,.T.);
#1106=ORIENTED_EDGE('',*,*,#1811,.T.);
#1107=ORIENTED_EDGE('',*,*,#1833,.T.);
#1108=ORIENTED_EDGE('',*,*,#1850,.F.);
#1109=ORIENTED_EDGE('',*,*,#1851,.F.);
#1110=ORIENTED_EDGE('',*,*,#1852,.F.);
#1111=ORIENTED_EDGE('',*,*,#1853,.T.);
#1112=ORIENTED_EDGE('',*,*,#1854,.F.);
#1113=ORIENTED_EDGE('',*,*,#1855,.F.);
#1114=ORIENTED_EDGE('',*,*,#1856,.F.);
#1115=ORIENTED_EDGE('',*,*,#1857,.F.);
#1116=ORIENTED_EDGE('',*,*,#1858,.F.);
#1117=ORIENTED_EDGE('',*,*,#1859,.F.);
#1118=ORIENTED_EDGE('',*,*,#1860,.F.);
#1119=ORIENTED_EDGE('',*,*,#1861,.F.);
#1120=ORIENTED_EDGE('',*,*,#1862,.F.);
#1121=ORIENTED_EDGE('',*,*,#1863,.T.);
#1122=ORIENTED_EDGE('',*,*,#1864,.T.);
#1123=ORIENTED_EDGE('',*,*,#1865,.T.);
#1124=ORIENTED_EDGE('',*,*,#1860,.T.);
#1125=ORIENTED_EDGE('',*,*,#1866,.T.);
#1126=ORIENTED_EDGE('',*,*,#1854,.T.);
#1127=ORIENTED_EDGE('',*,*,#1867,.T.);
#1128=ORIENTED_EDGE('',*,*,#1868,.T.);
#1129=ORIENTED_EDGE('',*,*,#1869,.T.);
#1130=ORIENTED_EDGE('',*,*,#1870,.T.);
#1131=ORIENTED_EDGE('',*,*,#1871,.T.);
#1132=ORIENTED_EDGE('',*,*,#1872,.T.);
#1133=ORIENTED_EDGE('',*,*,#1873,.T.);
#1134=ORIENTED_EDGE('',*,*,#1874,.T.);
#1135=ORIENTED_EDGE('',*,*,#1875,.T.);
#1136=ORIENTED_EDGE('',*,*,#1857,.T.);
#1137=ORIENTED_EDGE('',*,*,#1858,.T.);
#1138=ORIENTED_EDGE('',*,*,#1876,.T.);
#1139=ORIENTED_EDGE('',*,*,#1850,.T.);
#1140=ORIENTED_EDGE('',*,*,#1877,.T.);
#1141=ORIENTED_EDGE('',*,*,#1876,.F.);
#1142=ORIENTED_EDGE('',*,*,#1863,.F.);
#1143=ORIENTED_EDGE('',*,*,#1878,.F.);
#1144=ORIENTED_EDGE('',*,*,#1851,.T.);
#1145=ORIENTED_EDGE('',*,*,#1856,.T.);
#1146=ORIENTED_EDGE('',*,*,#1879,.T.);
#1147=ORIENTED_EDGE('',*,*,#1880,.F.);
#1148=ORIENTED_EDGE('',*,*,#1881,.F.);
#1149=ORIENTED_EDGE('',*,*,#1882,.T.);
#1150=ORIENTED_EDGE('',*,*,#1872,.F.);
#1151=ORIENTED_EDGE('',*,*,#1879,.F.);
#1152=ORIENTED_EDGE('',*,*,#1855,.T.);
#1153=ORIENTED_EDGE('',*,*,#1866,.F.);
#1154=ORIENTED_EDGE('',*,*,#1859,.T.);
#1155=ORIENTED_EDGE('',*,*,#1877,.F.);
#1156=ORIENTED_EDGE('',*,*,#1883,.F.);
#1157=ORIENTED_EDGE('',*,*,#1884,.F.);
#1158=ORIENTED_EDGE('',*,*,#1861,.T.);
#1159=ORIENTED_EDGE('',*,*,#1865,.F.);
#1160=ORIENTED_EDGE('',*,*,#1853,.F.);
#1161=ORIENTED_EDGE('',*,*,#1885,.F.);
#1162=ORIENTED_EDGE('',*,*,#1886,.T.);
#1163=ORIENTED_EDGE('',*,*,#1867,.F.);
#1164=ORIENTED_EDGE('',*,*,#1886,.F.);
#1165=ORIENTED_EDGE('',*,*,#1887,.F.);
#1166=ORIENTED_EDGE('',*,*,#1888,.T.);
#1167=ORIENTED_EDGE('',*,*,#1868,.F.);
#1168=ORIENTED_EDGE('',*,*,#1888,.F.);
#1169=ORIENTED_EDGE('',*,*,#1889,.F.);
#1170=ORIENTED_EDGE('',*,*,#1890,.T.);
#1171=ORIENTED_EDGE('',*,*,#1869,.F.);
#1172=ORIENTED_EDGE('',*,*,#1890,.F.);
#1173=ORIENTED_EDGE('',*,*,#1891,.F.);
#1174=ORIENTED_EDGE('',*,*,#1892,.T.);
#1175=ORIENTED_EDGE('',*,*,#1870,.F.);
#1176=ORIENTED_EDGE('',*,*,#1892,.F.);
#1177=ORIENTED_EDGE('',*,*,#1893,.F.);
#1178=ORIENTED_EDGE('',*,*,#1880,.T.);
#1179=ORIENTED_EDGE('',*,*,#1871,.F.);
#1180=ORIENTED_EDGE('',*,*,#1882,.F.);
#1181=ORIENTED_EDGE('',*,*,#1894,.F.);
#1182=ORIENTED_EDGE('',*,*,#1895,.T.);
#1183=ORIENTED_EDGE('',*,*,#1873,.F.);
#1184=ORIENTED_EDGE('',*,*,#1895,.F.);
#1185=ORIENTED_EDGE('',*,*,#1896,.F.);
#1186=ORIENTED_EDGE('',*,*,#1897,.T.);
#1187=ORIENTED_EDGE('',*,*,#1874,.F.);
#1188=ORIENTED_EDGE('',*,*,#1897,.F.);
#1189=ORIENTED_EDGE('',*,*,#1898,.F.);
#1190=ORIENTED_EDGE('',*,*,#1899,.F.);
#1191=ORIENTED_EDGE('',*,*,#1875,.F.);
#1192=ORIENTED_EDGE('',*,*,#1899,.T.);
#1193=ORIENTED_EDGE('',*,*,#1900,.F.);
#1194=ORIENTED_EDGE('',*,*,#1883,.T.);
#1195=ORIENTED_EDGE('',*,*,#1864,.F.);
#1196=ORIENTED_EDGE('',*,*,#1900,.T.);
#1197=ORIENTED_EDGE('',*,*,#1898,.T.);
#1198=ORIENTED_EDGE('',*,*,#1896,.T.);
#1199=ORIENTED_EDGE('',*,*,#1894,.T.);
#1200=ORIENTED_EDGE('',*,*,#1881,.T.);
#1201=ORIENTED_EDGE('',*,*,#1893,.T.);
#1202=ORIENTED_EDGE('',*,*,#1891,.T.);
#1203=ORIENTED_EDGE('',*,*,#1889,.T.);
#1204=ORIENTED_EDGE('',*,*,#1887,.T.);
#1205=ORIENTED_EDGE('',*,*,#1885,.T.);
#1206=ORIENTED_EDGE('',*,*,#1852,.T.);
#1207=ORIENTED_EDGE('',*,*,#1878,.T.);
#1208=ORIENTED_EDGE('',*,*,#1862,.T.);
#1209=ORIENTED_EDGE('',*,*,#1884,.T.);
#1210=ORIENTED_EDGE('',*,*,#1901,.F.);
#1211=ORIENTED_EDGE('',*,*,#1902,.F.);
#1212=ORIENTED_EDGE('',*,*,#1903,.F.);
#1213=ORIENTED_EDGE('',*,*,#1904,.F.);
#1214=ORIENTED_EDGE('',*,*,#1905,.F.);
#1215=ORIENTED_EDGE('',*,*,#1906,.F.);
#1216=ORIENTED_EDGE('',*,*,#1907,.F.);
#1217=ORIENTED_EDGE('',*,*,#1908,.F.);
#1218=ORIENTED_EDGE('',*,*,#1909,.F.);
#1219=ORIENTED_EDGE('',*,*,#1910,.F.);
#1220=ORIENTED_EDGE('',*,*,#1911,.F.);
#1221=ORIENTED_EDGE('',*,*,#1912,.F.);
#1222=ORIENTED_EDGE('',*,*,#1913,.F.);
#1223=ORIENTED_EDGE('',*,*,#1914,.F.);
#1224=ORIENTED_EDGE('',*,*,#1915,.F.);
#1225=ORIENTED_EDGE('',*,*,#1916,.F.);
#1226=ORIENTED_EDGE('',*,*,#1917,.T.);
#1227=ORIENTED_EDGE('',*,*,#1918,.T.);
#1228=ORIENTED_EDGE('',*,*,#1919,.T.);
#1229=ORIENTED_EDGE('',*,*,#1920,.T.);
#1230=ORIENTED_EDGE('',*,*,#1921,.T.);
#1231=ORIENTED_EDGE('',*,*,#1922,.T.);
#1232=ORIENTED_EDGE('',*,*,#1923,.T.);
#1233=ORIENTED_EDGE('',*,*,#1924,.F.);
#1234=ORIENTED_EDGE('',*,*,#1925,.T.);
#1235=ORIENTED_EDGE('',*,*,#1924,.T.);
#1236=ORIENTED_EDGE('',*,*,#1926,.T.);
#1237=ORIENTED_EDGE('',*,*,#1927,.F.);
#1238=ORIENTED_EDGE('',*,*,#1916,.T.);
#1239=ORIENTED_EDGE('',*,*,#1927,.T.);
#1240=ORIENTED_EDGE('',*,*,#1923,.F.);
#1241=ORIENTED_EDGE('',*,*,#1917,.F.);
#1242=ORIENTED_EDGE('',*,*,#1928,.F.);
#1243=ORIENTED_EDGE('',*,*,#1905,.T.);
#1244=ORIENTED_EDGE('',*,*,#1903,.T.);
#1245=ORIENTED_EDGE('',*,*,#1929,.T.);
#1246=ORIENTED_EDGE('',*,*,#1922,.F.);
#1247=ORIENTED_EDGE('',*,*,#1930,.F.);
#1248=ORIENTED_EDGE('',*,*,#1908,.T.);
#1249=ORIENTED_EDGE('',*,*,#1906,.T.);
#1250=ORIENTED_EDGE('',*,*,#1928,.T.);
#1251=ORIENTED_EDGE('',*,*,#1921,.F.);
#1252=ORIENTED_EDGE('',*,*,#1931,.F.);
#1253=ORIENTED_EDGE('',*,*,#1911,.T.);
#1254=ORIENTED_EDGE('',*,*,#1909,.T.);
#1255=ORIENTED_EDGE('',*,*,#1930,.T.);
#1256=ORIENTED_EDGE('',*,*,#1920,.F.);
#1257=ORIENTED_EDGE('',*,*,#1932,.F.);
#1258=ORIENTED_EDGE('',*,*,#1914,.T.);
#1259=ORIENTED_EDGE('',*,*,#1912,.T.);
#1260=ORIENTED_EDGE('',*,*,#1931,.T.);
#1261=ORIENTED_EDGE('',*,*,#1919,.F.);
#1262=ORIENTED_EDGE('',*,*,#1933,.F.);
#1263=ORIENTED_EDGE('',*,*,#1934,.T.);
#1264=ORIENTED_EDGE('',*,*,#1915,.T.);
#1265=ORIENTED_EDGE('',*,*,#1932,.T.);
#1266=ORIENTED_EDGE('',*,*,#1918,.F.);
#1267=ORIENTED_EDGE('',*,*,#1929,.F.);
#1268=ORIENTED_EDGE('',*,*,#1902,.T.);
#1269=ORIENTED_EDGE('',*,*,#1935,.T.);
#1270=ORIENTED_EDGE('',*,*,#1933,.T.);
#1271=ORIENTED_EDGE('',*,*,#1936,.F.);
#1272=ORIENTED_EDGE('',*,*,#1934,.F.);
#1273=ORIENTED_EDGE('',*,*,#1935,.F.);
#1274=ORIENTED_EDGE('',*,*,#1901,.T.);
#1275=ORIENTED_EDGE('',*,*,#1904,.T.);
#1276=ORIENTED_EDGE('',*,*,#1907,.T.);
#1277=ORIENTED_EDGE('',*,*,#1910,.T.);
#1278=ORIENTED_EDGE('',*,*,#1913,.T.);
#1279=ORIENTED_EDGE('',*,*,#1936,.T.);
#1280=ORIENTED_EDGE('',*,*,#1925,.F.);
#1281=ORIENTED_EDGE('',*,*,#1926,.F.);
#1282=ORIENTED_EDGE('',*,*,#1937,.F.);
#1283=ORIENTED_EDGE('',*,*,#1938,.F.);
#1284=ORIENTED_EDGE('',*,*,#1939,.T.);
#1285=ORIENTED_EDGE('',*,*,#1940,.T.);
#1286=ORIENTED_EDGE('',*,*,#1941,.F.);
#1287=ORIENTED_EDGE('',*,*,#1940,.F.);
#1288=ORIENTED_EDGE('',*,*,#1942,.T.);
#1289=ORIENTED_EDGE('',*,*,#1943,.T.);
#1290=ORIENTED_EDGE('',*,*,#1944,.F.);
#1291=ORIENTED_EDGE('',*,*,#1945,.F.);
#1292=ORIENTED_EDGE('',*,*,#1946,.T.);
#1293=ORIENTED_EDGE('',*,*,#1938,.T.);
#1294=ORIENTED_EDGE('',*,*,#1947,.F.);
#1295=ORIENTED_EDGE('',*,*,#1948,.F.);
#1296=ORIENTED_EDGE('',*,*,#1949,.T.);
#1297=ORIENTED_EDGE('',*,*,#1950,.T.);
#1298=ORIENTED_EDGE('',*,*,#1951,.F.);
#1299=ORIENTED_EDGE('',*,*,#1950,.F.);
#1300=ORIENTED_EDGE('',*,*,#1952,.T.);
#1301=ORIENTED_EDGE('',*,*,#1945,.T.);
#1302=ORIENTED_EDGE('',*,*,#1953,.F.);
#1303=ORIENTED_EDGE('',*,*,#1943,.F.);
#1304=ORIENTED_EDGE('',*,*,#1954,.T.);
#1305=ORIENTED_EDGE('',*,*,#1955,.T.);
#1306=ORIENTED_EDGE('',*,*,#1956,.F.);
#1307=ORIENTED_EDGE('',*,*,#1955,.F.);
#1308=ORIENTED_EDGE('',*,*,#1957,.T.);
#1309=ORIENTED_EDGE('',*,*,#1958,.T.);
#1310=ORIENTED_EDGE('',*,*,#1959,.F.);
#1311=ORIENTED_EDGE('',*,*,#1958,.F.);
#1312=ORIENTED_EDGE('',*,*,#1960,.T.);
#1313=ORIENTED_EDGE('',*,*,#1961,.T.);
#1314=ORIENTED_EDGE('',*,*,#1962,.F.);
#1315=ORIENTED_EDGE('',*,*,#1961,.F.);
#1316=ORIENTED_EDGE('',*,*,#1963,.T.);
#1317=ORIENTED_EDGE('',*,*,#1964,.T.);
#1318=ORIENTED_EDGE('',*,*,#1965,.F.);
#1319=ORIENTED_EDGE('',*,*,#1964,.F.);
#1320=ORIENTED_EDGE('',*,*,#1966,.T.);
#1321=ORIENTED_EDGE('',*,*,#1967,.T.);
#1322=ORIENTED_EDGE('',*,*,#1968,.F.);
#1323=ORIENTED_EDGE('',*,*,#1967,.F.);
#1324=ORIENTED_EDGE('',*,*,#1969,.T.);
#1325=ORIENTED_EDGE('',*,*,#1970,.T.);
#1326=ORIENTED_EDGE('',*,*,#1971,.F.);
#1327=ORIENTED_EDGE('',*,*,#1970,.F.);
#1328=ORIENTED_EDGE('',*,*,#1972,.T.);
#1329=ORIENTED_EDGE('',*,*,#1973,.T.);
#1330=ORIENTED_EDGE('',*,*,#1974,.F.);
#1331=ORIENTED_EDGE('',*,*,#1973,.F.);
#1332=ORIENTED_EDGE('',*,*,#1975,.T.);
#1333=ORIENTED_EDGE('',*,*,#1976,.T.);
#1334=ORIENTED_EDGE('',*,*,#1977,.F.);
#1335=ORIENTED_EDGE('',*,*,#1976,.F.);
#1336=ORIENTED_EDGE('',*,*,#1978,.T.);
#1337=ORIENTED_EDGE('',*,*,#1979,.T.);
#1338=ORIENTED_EDGE('',*,*,#1980,.F.);
#1339=ORIENTED_EDGE('',*,*,#1979,.F.);
#1340=ORIENTED_EDGE('',*,*,#1981,.T.);
#1341=ORIENTED_EDGE('',*,*,#1982,.T.);
#1342=ORIENTED_EDGE('',*,*,#1983,.F.);
#1343=ORIENTED_EDGE('',*,*,#1982,.F.);
#1344=ORIENTED_EDGE('',*,*,#1984,.T.);
#1345=ORIENTED_EDGE('',*,*,#1985,.T.);
#1346=ORIENTED_EDGE('',*,*,#1986,.F.);
#1347=ORIENTED_EDGE('',*,*,#1985,.F.);
#1348=ORIENTED_EDGE('',*,*,#1987,.T.);
#1349=ORIENTED_EDGE('',*,*,#1988,.T.);
#1350=ORIENTED_EDGE('',*,*,#1989,.F.);
#1351=ORIENTED_EDGE('',*,*,#1988,.F.);
#1352=ORIENTED_EDGE('',*,*,#1990,.T.);
#1353=ORIENTED_EDGE('',*,*,#1991,.T.);
#1354=ORIENTED_EDGE('',*,*,#1992,.F.);
#1355=ORIENTED_EDGE('',*,*,#1991,.F.);
#1356=ORIENTED_EDGE('',*,*,#1993,.T.);
#1357=ORIENTED_EDGE('',*,*,#1994,.T.);
#1358=ORIENTED_EDGE('',*,*,#1995,.F.);
#1359=ORIENTED_EDGE('',*,*,#1994,.F.);
#1360=ORIENTED_EDGE('',*,*,#1996,.T.);
#1361=ORIENTED_EDGE('',*,*,#1997,.T.);
#1362=ORIENTED_EDGE('',*,*,#1998,.F.);
#1363=ORIENTED_EDGE('',*,*,#1997,.F.);
#1364=ORIENTED_EDGE('',*,*,#1999,.T.);
#1365=ORIENTED_EDGE('',*,*,#2000,.T.);
#1366=ORIENTED_EDGE('',*,*,#2001,.F.);
#1367=ORIENTED_EDGE('',*,*,#2000,.F.);
#1368=ORIENTED_EDGE('',*,*,#2002,.T.);
#1369=ORIENTED_EDGE('',*,*,#2003,.T.);
#1370=ORIENTED_EDGE('',*,*,#2004,.F.);
#1371=ORIENTED_EDGE('',*,*,#2003,.F.);
#1372=ORIENTED_EDGE('',*,*,#2005,.T.);
#1373=ORIENTED_EDGE('',*,*,#2006,.T.);
#1374=ORIENTED_EDGE('',*,*,#2007,.F.);
#1375=ORIENTED_EDGE('',*,*,#2006,.F.);
#1376=ORIENTED_EDGE('',*,*,#2008,.T.);
#1377=ORIENTED_EDGE('',*,*,#2009,.T.);
#1378=ORIENTED_EDGE('',*,*,#2010,.F.);
#1379=ORIENTED_EDGE('',*,*,#2009,.F.);
#1380=ORIENTED_EDGE('',*,*,#2011,.T.);
#1381=ORIENTED_EDGE('',*,*,#2012,.T.);
#1382=ORIENTED_EDGE('',*,*,#2013,.F.);
#1383=ORIENTED_EDGE('',*,*,#2012,.F.);
#1384=ORIENTED_EDGE('',*,*,#2014,.T.);
#1385=ORIENTED_EDGE('',*,*,#2015,.T.);
#1386=ORIENTED_EDGE('',*,*,#2016,.F.);
#1387=ORIENTED_EDGE('',*,*,#2015,.F.);
#1388=ORIENTED_EDGE('',*,*,#2017,.T.);
#1389=ORIENTED_EDGE('',*,*,#2018,.T.);
#1390=ORIENTED_EDGE('',*,*,#2019,.F.);
#1391=ORIENTED_EDGE('',*,*,#2018,.F.);
#1392=ORIENTED_EDGE('',*,*,#2020,.T.);
#1393=ORIENTED_EDGE('',*,*,#2021,.T.);
#1394=ORIENTED_EDGE('',*,*,#2022,.F.);
#1395=ORIENTED_EDGE('',*,*,#2021,.F.);
#1396=ORIENTED_EDGE('',*,*,#2023,.T.);
#1397=ORIENTED_EDGE('',*,*,#2024,.T.);
#1398=ORIENTED_EDGE('',*,*,#2025,.F.);
#1399=ORIENTED_EDGE('',*,*,#2024,.F.);
#1400=ORIENTED_EDGE('',*,*,#2026,.T.);
#1401=ORIENTED_EDGE('',*,*,#2027,.T.);
#1402=ORIENTED_EDGE('',*,*,#2028,.F.);
#1403=ORIENTED_EDGE('',*,*,#2027,.F.);
#1404=ORIENTED_EDGE('',*,*,#2029,.T.);
#1405=ORIENTED_EDGE('',*,*,#2030,.T.);
#1406=ORIENTED_EDGE('',*,*,#2031,.F.);
#1407=ORIENTED_EDGE('',*,*,#2030,.F.);
#1408=ORIENTED_EDGE('',*,*,#2032,.T.);
#1409=ORIENTED_EDGE('',*,*,#2033,.T.);
#1410=ORIENTED_EDGE('',*,*,#2034,.F.);
#1411=ORIENTED_EDGE('',*,*,#2033,.F.);
#1412=ORIENTED_EDGE('',*,*,#2035,.T.);
#1413=ORIENTED_EDGE('',*,*,#2036,.T.);
#1414=ORIENTED_EDGE('',*,*,#2037,.F.);
#1415=ORIENTED_EDGE('',*,*,#2036,.F.);
#1416=ORIENTED_EDGE('',*,*,#2038,.T.);
#1417=ORIENTED_EDGE('',*,*,#2039,.T.);
#1418=ORIENTED_EDGE('',*,*,#2040,.F.);
#1419=ORIENTED_EDGE('',*,*,#2039,.F.);
#1420=ORIENTED_EDGE('',*,*,#2041,.T.);
#1421=ORIENTED_EDGE('',*,*,#2042,.T.);
#1422=ORIENTED_EDGE('',*,*,#2043,.F.);
#1423=ORIENTED_EDGE('',*,*,#2042,.F.);
#1424=ORIENTED_EDGE('',*,*,#2044,.T.);
#1425=ORIENTED_EDGE('',*,*,#2045,.T.);
#1426=ORIENTED_EDGE('',*,*,#2046,.F.);
#1427=ORIENTED_EDGE('',*,*,#2045,.F.);
#1428=ORIENTED_EDGE('',*,*,#2047,.T.);
#1429=ORIENTED_EDGE('',*,*,#2048,.T.);
#1430=ORIENTED_EDGE('',*,*,#2049,.F.);
#1431=ORIENTED_EDGE('',*,*,#2048,.F.);
#1432=ORIENTED_EDGE('',*,*,#2050,.T.);
#1433=ORIENTED_EDGE('',*,*,#2051,.T.);
#1434=ORIENTED_EDGE('',*,*,#2052,.F.);
#1435=ORIENTED_EDGE('',*,*,#2051,.F.);
#1436=ORIENTED_EDGE('',*,*,#2053,.T.);
#1437=ORIENTED_EDGE('',*,*,#2054,.T.);
#1438=ORIENTED_EDGE('',*,*,#2055,.F.);
#1439=ORIENTED_EDGE('',*,*,#2054,.F.);
#1440=ORIENTED_EDGE('',*,*,#2056,.T.);
#1441=ORIENTED_EDGE('',*,*,#2057,.T.);
#1442=ORIENTED_EDGE('',*,*,#2058,.F.);
#1443=ORIENTED_EDGE('',*,*,#2057,.F.);
#1444=ORIENTED_EDGE('',*,*,#2059,.T.);
#1445=ORIENTED_EDGE('',*,*,#2060,.T.);
#1446=ORIENTED_EDGE('',*,*,#2061,.F.);
#1447=ORIENTED_EDGE('',*,*,#2060,.F.);
#1448=ORIENTED_EDGE('',*,*,#2062,.T.);
#1449=ORIENTED_EDGE('',*,*,#2063,.T.);
#1450=ORIENTED_EDGE('',*,*,#2064,.F.);
#1451=ORIENTED_EDGE('',*,*,#2063,.F.);
#1452=ORIENTED_EDGE('',*,*,#2065,.T.);
#1453=ORIENTED_EDGE('',*,*,#2066,.T.);
#1454=ORIENTED_EDGE('',*,*,#2067,.F.);
#1455=ORIENTED_EDGE('',*,*,#2066,.F.);
#1456=ORIENTED_EDGE('',*,*,#2068,.T.);
#1457=ORIENTED_EDGE('',*,*,#2069,.T.);
#1458=ORIENTED_EDGE('',*,*,#2070,.F.);
#1459=ORIENTED_EDGE('',*,*,#2069,.F.);
#1460=ORIENTED_EDGE('',*,*,#2071,.T.);
#1461=ORIENTED_EDGE('',*,*,#2072,.T.);
#1462=ORIENTED_EDGE('',*,*,#2073,.F.);
#1463=ORIENTED_EDGE('',*,*,#2072,.F.);
#1464=ORIENTED_EDGE('',*,*,#2074,.T.);
#1465=ORIENTED_EDGE('',*,*,#2075,.T.);
#1466=ORIENTED_EDGE('',*,*,#2076,.F.);
#1467=ORIENTED_EDGE('',*,*,#2075,.F.);
#1468=ORIENTED_EDGE('',*,*,#2077,.T.);
#1469=ORIENTED_EDGE('',*,*,#2078,.T.);
#1470=ORIENTED_EDGE('',*,*,#2079,.F.);
#1471=ORIENTED_EDGE('',*,*,#2078,.F.);
#1472=ORIENTED_EDGE('',*,*,#2080,.T.);
#1473=ORIENTED_EDGE('',*,*,#2081,.T.);
#1474=ORIENTED_EDGE('',*,*,#2082,.F.);
#1475=ORIENTED_EDGE('',*,*,#2081,.F.);
#1476=ORIENTED_EDGE('',*,*,#2083,.T.);
#1477=ORIENTED_EDGE('',*,*,#2084,.T.);
#1478=ORIENTED_EDGE('',*,*,#2085,.F.);
#1479=ORIENTED_EDGE('',*,*,#2084,.F.);
#1480=ORIENTED_EDGE('',*,*,#2086,.T.);
#1481=ORIENTED_EDGE('',*,*,#2087,.T.);
#1482=ORIENTED_EDGE('',*,*,#2088,.F.);
#1483=ORIENTED_EDGE('',*,*,#2087,.F.);
#1484=ORIENTED_EDGE('',*,*,#2089,.T.);
#1485=ORIENTED_EDGE('',*,*,#2090,.T.);
#1486=ORIENTED_EDGE('',*,*,#2091,.F.);
#1487=ORIENTED_EDGE('',*,*,#2090,.F.);
#1488=ORIENTED_EDGE('',*,*,#2092,.T.);
#1489=ORIENTED_EDGE('',*,*,#2093,.T.);
#1490=ORIENTED_EDGE('',*,*,#2094,.F.);
#1491=ORIENTED_EDGE('',*,*,#2093,.F.);
#1492=ORIENTED_EDGE('',*,*,#2095,.T.);
#1493=ORIENTED_EDGE('',*,*,#2096,.T.);
#1494=ORIENTED_EDGE('',*,*,#2097,.F.);
#1495=ORIENTED_EDGE('',*,*,#2096,.F.);
#1496=ORIENTED_EDGE('',*,*,#2098,.T.);
#1497=ORIENTED_EDGE('',*,*,#2099,.T.);
#1498=ORIENTED_EDGE('',*,*,#2100,.F.);
#1499=ORIENTED_EDGE('',*,*,#2099,.F.);
#1500=ORIENTED_EDGE('',*,*,#2101,.T.);
#1501=ORIENTED_EDGE('',*,*,#2102,.T.);
#1502=ORIENTED_EDGE('',*,*,#2103,.F.);
#1503=ORIENTED_EDGE('',*,*,#2102,.F.);
#1504=ORIENTED_EDGE('',*,*,#2104,.T.);
#1505=ORIENTED_EDGE('',*,*,#2105,.T.);
#1506=ORIENTED_EDGE('',*,*,#2106,.F.);
#1507=ORIENTED_EDGE('',*,*,#2105,.F.);
#1508=ORIENTED_EDGE('',*,*,#2107,.T.);
#1509=ORIENTED_EDGE('',*,*,#2108,.T.);
#1510=ORIENTED_EDGE('',*,*,#2109,.F.);
#1511=ORIENTED_EDGE('',*,*,#2108,.F.);
#1512=ORIENTED_EDGE('',*,*,#2110,.T.);
#1513=ORIENTED_EDGE('',*,*,#2111,.T.);
#1514=ORIENTED_EDGE('',*,*,#2112,.F.);
#1515=ORIENTED_EDGE('',*,*,#2111,.F.);
#1516=ORIENTED_EDGE('',*,*,#2113,.T.);
#1517=ORIENTED_EDGE('',*,*,#2114,.T.);
#1518=ORIENTED_EDGE('',*,*,#2115,.F.);
#1519=ORIENTED_EDGE('',*,*,#2114,.F.);
#1520=ORIENTED_EDGE('',*,*,#2116,.T.);
#1521=ORIENTED_EDGE('',*,*,#1948,.T.);
#1522=ORIENTED_EDGE('',*,*,#1947,.T.);
#1523=ORIENTED_EDGE('',*,*,#1951,.T.);
#1524=ORIENTED_EDGE('',*,*,#1944,.T.);
#1525=ORIENTED_EDGE('',*,*,#1937,.T.);
#1526=ORIENTED_EDGE('',*,*,#1941,.T.);
#1527=ORIENTED_EDGE('',*,*,#1953,.T.);
#1528=ORIENTED_EDGE('',*,*,#1956,.T.);
#1529=ORIENTED_EDGE('',*,*,#1959,.T.);
#1530=ORIENTED_EDGE('',*,*,#1962,.T.);
#1531=ORIENTED_EDGE('',*,*,#1965,.T.);
#1532=ORIENTED_EDGE('',*,*,#1968,.T.);
#1533=ORIENTED_EDGE('',*,*,#1971,.T.);
#1534=ORIENTED_EDGE('',*,*,#1974,.T.);
#1535=ORIENTED_EDGE('',*,*,#1977,.T.);
#1536=ORIENTED_EDGE('',*,*,#1980,.T.);
#1537=ORIENTED_EDGE('',*,*,#1983,.T.);
#1538=ORIENTED_EDGE('',*,*,#1986,.T.);
#1539=ORIENTED_EDGE('',*,*,#1989,.T.);
#1540=ORIENTED_EDGE('',*,*,#1992,.T.);
#1541=ORIENTED_EDGE('',*,*,#1995,.T.);
#1542=ORIENTED_EDGE('',*,*,#1998,.T.);
#1543=ORIENTED_EDGE('',*,*,#2001,.T.);
#1544=ORIENTED_EDGE('',*,*,#2004,.T.);
#1545=ORIENTED_EDGE('',*,*,#2007,.T.);
#1546=ORIENTED_EDGE('',*,*,#2010,.T.);
#1547=ORIENTED_EDGE('',*,*,#2013,.T.);
#1548=ORIENTED_EDGE('',*,*,#2016,.T.);
#1549=ORIENTED_EDGE('',*,*,#2019,.T.);
#1550=ORIENTED_EDGE('',*,*,#2022,.T.);
#1551=ORIENTED_EDGE('',*,*,#2025,.T.);
#1552=ORIENTED_EDGE('',*,*,#2028,.T.);
#1553=ORIENTED_EDGE('',*,*,#2031,.T.);
#1554=ORIENTED_EDGE('',*,*,#2034,.T.);
#1555=ORIENTED_EDGE('',*,*,#2037,.T.);
#1556=ORIENTED_EDGE('',*,*,#2040,.T.);
#1557=ORIENTED_EDGE('',*,*,#2043,.T.);
#1558=ORIENTED_EDGE('',*,*,#2046,.T.);
#1559=ORIENTED_EDGE('',*,*,#2049,.T.);
#1560=ORIENTED_EDGE('',*,*,#2052,.T.);
#1561=ORIENTED_EDGE('',*,*,#2055,.T.);
#1562=ORIENTED_EDGE('',*,*,#2058,.T.);
#1563=ORIENTED_EDGE('',*,*,#2061,.T.);
#1564=ORIENTED_EDGE('',*,*,#2064,.T.);
#1565=ORIENTED_EDGE('',*,*,#2067,.T.);
#1566=ORIENTED_EDGE('',*,*,#2070,.T.);
#1567=ORIENTED_EDGE('',*,*,#2073,.T.);
#1568=ORIENTED_EDGE('',*,*,#2076,.T.);
#1569=ORIENTED_EDGE('',*,*,#2079,.T.);
#1570=ORIENTED_EDGE('',*,*,#2082,.T.);
#1571=ORIENTED_EDGE('',*,*,#2085,.T.);
#1572=ORIENTED_EDGE('',*,*,#2088,.T.);
#1573=ORIENTED_EDGE('',*,*,#2091,.T.);
#1574=ORIENTED_EDGE('',*,*,#2094,.T.);
#1575=ORIENTED_EDGE('',*,*,#2097,.T.);
#1576=ORIENTED_EDGE('',*,*,#2100,.T.);
#1577=ORIENTED_EDGE('',*,*,#2103,.T.);
#1578=ORIENTED_EDGE('',*,*,#2106,.T.);
#1579=ORIENTED_EDGE('',*,*,#2109,.T.);
#1580=ORIENTED_EDGE('',*,*,#2112,.T.);
#1581=ORIENTED_EDGE('',*,*,#2115,.T.);
#1582=ORIENTED_EDGE('',*,*,#2117,.F.);
#1583=ORIENTED_EDGE('',*,*,#1949,.F.);
#1584=ORIENTED_EDGE('',*,*,#2116,.F.);
#1585=ORIENTED_EDGE('',*,*,#2113,.F.);
#1586=ORIENTED_EDGE('',*,*,#2110,.F.);
#1587=ORIENTED_EDGE('',*,*,#2107,.F.);
#1588=ORIENTED_EDGE('',*,*,#2104,.F.);
#1589=ORIENTED_EDGE('',*,*,#2101,.F.);
#1590=ORIENTED_EDGE('',*,*,#2098,.F.);
#1591=ORIENTED_EDGE('',*,*,#2095,.F.);
#1592=ORIENTED_EDGE('',*,*,#2092,.F.);
#1593=ORIENTED_EDGE('',*,*,#2089,.F.);
#1594=ORIENTED_EDGE('',*,*,#2086,.F.);
#1595=ORIENTED_EDGE('',*,*,#2083,.F.);
#1596=ORIENTED_EDGE('',*,*,#2080,.F.);
#1597=ORIENTED_EDGE('',*,*,#2077,.F.);
#1598=ORIENTED_EDGE('',*,*,#2074,.F.);
#1599=ORIENTED_EDGE('',*,*,#2071,.F.);
#1600=ORIENTED_EDGE('',*,*,#2068,.F.);
#1601=ORIENTED_EDGE('',*,*,#2065,.F.);
#1602=ORIENTED_EDGE('',*,*,#2062,.F.);
#1603=ORIENTED_EDGE('',*,*,#2059,.F.);
#1604=ORIENTED_EDGE('',*,*,#2056,.F.);
#1605=ORIENTED_EDGE('',*,*,#2053,.F.);
#1606=ORIENTED_EDGE('',*,*,#2050,.F.);
#1607=ORIENTED_EDGE('',*,*,#2047,.F.);
#1608=ORIENTED_EDGE('',*,*,#2044,.F.);
#1609=ORIENTED_EDGE('',*,*,#2041,.F.);
#1610=ORIENTED_EDGE('',*,*,#2038,.F.);
#1611=ORIENTED_EDGE('',*,*,#2035,.F.);
#1612=ORIENTED_EDGE('',*,*,#2032,.F.);
#1613=ORIENTED_EDGE('',*,*,#2029,.F.);
#1614=ORIENTED_EDGE('',*,*,#2026,.F.);
#1615=ORIENTED_EDGE('',*,*,#2023,.F.);
#1616=ORIENTED_EDGE('',*,*,#2020,.F.);
#1617=ORIENTED_EDGE('',*,*,#2017,.F.);
#1618=ORIENTED_EDGE('',*,*,#2014,.F.);
#1619=ORIENTED_EDGE('',*,*,#2011,.F.);
#1620=ORIENTED_EDGE('',*,*,#2008,.F.);
#1621=ORIENTED_EDGE('',*,*,#2005,.F.);
#1622=ORIENTED_EDGE('',*,*,#2002,.F.);
#1623=ORIENTED_EDGE('',*,*,#1999,.F.);
#1624=ORIENTED_EDGE('',*,*,#1996,.F.);
#1625=ORIENTED_EDGE('',*,*,#1993,.F.);
#1626=ORIENTED_EDGE('',*,*,#1990,.F.);
#1627=ORIENTED_EDGE('',*,*,#1987,.F.);
#1628=ORIENTED_EDGE('',*,*,#1984,.F.);
#1629=ORIENTED_EDGE('',*,*,#1981,.F.);
#1630=ORIENTED_EDGE('',*,*,#1978,.F.);
#1631=ORIENTED_EDGE('',*,*,#1975,.F.);
#1632=ORIENTED_EDGE('',*,*,#1972,.F.);
#1633=ORIENTED_EDGE('',*,*,#1969,.F.);
#1634=ORIENTED_EDGE('',*,*,#1966,.F.);
#1635=ORIENTED_EDGE('',*,*,#1963,.F.);
#1636=ORIENTED_EDGE('',*,*,#1960,.F.);
#1637=ORIENTED_EDGE('',*,*,#1957,.F.);
#1638=ORIENTED_EDGE('',*,*,#1954,.F.);
#1639=ORIENTED_EDGE('',*,*,#1942,.F.);
#1640=ORIENTED_EDGE('',*,*,#1939,.F.);
#1641=ORIENTED_EDGE('',*,*,#1946,.F.);
#1642=ORIENTED_EDGE('',*,*,#1952,.F.);
#1643=ORIENTED_EDGE('',*,*,#2118,.T.);
#1644=ORIENTED_EDGE('',*,*,#2118,.F.);
#1645=ORIENTED_EDGE('',*,*,#2117,.T.);
#1646=ORIENTED_EDGE('',*,*,#2119,.F.);
#1647=ORIENTED_EDGE('',*,*,#2120,.F.);
#1648=ORIENTED_EDGE('',*,*,#2121,.F.);
#1649=ORIENTED_EDGE('',*,*,#2122,.T.);
#1650=ORIENTED_EDGE('',*,*,#2123,.F.);
#1651=ORIENTED_EDGE('',*,*,#2124,.F.);
#1652=ORIENTED_EDGE('',*,*,#2125,.F.);
#1653=ORIENTED_EDGE('',*,*,#2126,.F.);
#1654=ORIENTED_EDGE('',*,*,#2127,.F.);
#1655=ORIENTED_EDGE('',*,*,#2128,.F.);
#1656=ORIENTED_EDGE('',*,*,#2129,.F.);
#1657=ORIENTED_EDGE('',*,*,#2130,.F.);
#1658=ORIENTED_EDGE('',*,*,#2131,.F.);
#1659=ORIENTED_EDGE('',*,*,#2132,.T.);
#1660=ORIENTED_EDGE('',*,*,#2133,.T.);
#1661=ORIENTED_EDGE('',*,*,#2134,.T.);
#1662=ORIENTED_EDGE('',*,*,#2129,.T.);
#1663=ORIENTED_EDGE('',*,*,#2135,.T.);
#1664=ORIENTED_EDGE('',*,*,#2123,.T.);
#1665=ORIENTED_EDGE('',*,*,#2136,.T.);
#1666=ORIENTED_EDGE('',*,*,#2137,.T.);
#1667=ORIENTED_EDGE('',*,*,#2138,.T.);
#1668=ORIENTED_EDGE('',*,*,#2139,.T.);
#1669=ORIENTED_EDGE('',*,*,#2140,.T.);
#1670=ORIENTED_EDGE('',*,*,#2141,.T.);
#1671=ORIENTED_EDGE('',*,*,#2142,.T.);
#1672=ORIENTED_EDGE('',*,*,#2143,.T.);
#1673=ORIENTED_EDGE('',*,*,#2144,.T.);
#1674=ORIENTED_EDGE('',*,*,#2126,.T.);
#1675=ORIENTED_EDGE('',*,*,#2127,.T.);
#1676=ORIENTED_EDGE('',*,*,#2145,.T.);
#1677=ORIENTED_EDGE('',*,*,#2119,.T.);
#1678=ORIENTED_EDGE('',*,*,#2146,.T.);
#1679=ORIENTED_EDGE('',*,*,#2145,.F.);
#1680=ORIENTED_EDGE('',*,*,#2132,.F.);
#1681=ORIENTED_EDGE('',*,*,#2147,.F.);
#1682=ORIENTED_EDGE('',*,*,#2120,.T.);
#1683=ORIENTED_EDGE('',*,*,#2125,.T.);
#1684=ORIENTED_EDGE('',*,*,#2148,.T.);
#1685=ORIENTED_EDGE('',*,*,#2149,.F.);
#1686=ORIENTED_EDGE('',*,*,#2150,.F.);
#1687=ORIENTED_EDGE('',*,*,#2151,.T.);
#1688=ORIENTED_EDGE('',*,*,#2141,.F.);
#1689=ORIENTED_EDGE('',*,*,#2148,.F.);
#1690=ORIENTED_EDGE('',*,*,#2124,.T.);
#1691=ORIENTED_EDGE('',*,*,#2135,.F.);
#1692=ORIENTED_EDGE('',*,*,#2128,.T.);
#1693=ORIENTED_EDGE('',*,*,#2146,.F.);
#1694=ORIENTED_EDGE('',*,*,#2152,.F.);
#1695=ORIENTED_EDGE('',*,*,#2153,.F.);
#1696=ORIENTED_EDGE('',*,*,#2130,.T.);
#1697=ORIENTED_EDGE('',*,*,#2134,.F.);
#1698=ORIENTED_EDGE('',*,*,#2122,.F.);
#1699=ORIENTED_EDGE('',*,*,#2154,.F.);
#1700=ORIENTED_EDGE('',*,*,#2155,.T.);
#1701=ORIENTED_EDGE('',*,*,#2136,.F.);
#1702=ORIENTED_EDGE('',*,*,#2155,.F.);
#1703=ORIENTED_EDGE('',*,*,#2156,.F.);
#1704=ORIENTED_EDGE('',*,*,#2157,.T.);
#1705=ORIENTED_EDGE('',*,*,#2137,.F.);
#1706=ORIENTED_EDGE('',*,*,#2157,.F.);
#1707=ORIENTED_EDGE('',*,*,#2158,.F.);
#1708=ORIENTED_EDGE('',*,*,#2159,.T.);
#1709=ORIENTED_EDGE('',*,*,#2138,.F.);
#1710=ORIENTED_EDGE('',*,*,#2159,.F.);
#1711=ORIENTED_EDGE('',*,*,#2160,.F.);
#1712=ORIENTED_EDGE('',*,*,#2161,.T.);
#1713=ORIENTED_EDGE('',*,*,#2139,.F.);
#1714=ORIENTED_EDGE('',*,*,#2161,.F.);
#1715=ORIENTED_EDGE('',*,*,#2162,.F.);
#1716=ORIENTED_EDGE('',*,*,#2149,.T.);
#1717=ORIENTED_EDGE('',*,*,#2140,.F.);
#1718=ORIENTED_EDGE('',*,*,#2151,.F.);
#1719=ORIENTED_EDGE('',*,*,#2163,.F.);
#1720=ORIENTED_EDGE('',*,*,#2164,.T.);
#1721=ORIENTED_EDGE('',*,*,#2142,.F.);
#1722=ORIENTED_EDGE('',*,*,#2164,.F.);
#1723=ORIENTED_EDGE('',*,*,#2165,.F.);
#1724=ORIENTED_EDGE('',*,*,#2166,.T.);
#1725=ORIENTED_EDGE('',*,*,#2143,.F.);
#1726=ORIENTED_EDGE('',*,*,#2166,.F.);
#1727=ORIENTED_EDGE('',*,*,#2167,.F.);
#1728=ORIENTED_EDGE('',*,*,#2168,.F.);
#1729=ORIENTED_EDGE('',*,*,#2144,.F.);
#1730=ORIENTED_EDGE('',*,*,#2168,.T.);
#1731=ORIENTED_EDGE('',*,*,#2169,.F.);
#1732=ORIENTED_EDGE('',*,*,#2152,.T.);
#1733=ORIENTED_EDGE('',*,*,#2133,.F.);
#1734=ORIENTED_EDGE('',*,*,#2169,.T.);
#1735=ORIENTED_EDGE('',*,*,#2167,.T.);
#1736=ORIENTED_EDGE('',*,*,#2165,.T.);
#1737=ORIENTED_EDGE('',*,*,#2163,.T.);
#1738=ORIENTED_EDGE('',*,*,#2150,.T.);
#1739=ORIENTED_EDGE('',*,*,#2162,.T.);
#1740=ORIENTED_EDGE('',*,*,#2160,.T.);
#1741=ORIENTED_EDGE('',*,*,#2158,.T.);
#1742=ORIENTED_EDGE('',*,*,#2156,.T.);
#1743=ORIENTED_EDGE('',*,*,#2154,.T.);
#1744=ORIENTED_EDGE('',*,*,#2121,.T.);
#1745=ORIENTED_EDGE('',*,*,#2147,.T.);
#1746=ORIENTED_EDGE('',*,*,#2131,.T.);
#1747=ORIENTED_EDGE('',*,*,#2153,.T.);
#1748=EDGE_CURVE('',#2170,#2171,#2457,.T.);
#1749=EDGE_CURVE('',#2172,#2170,#288,.T.);
#1750=EDGE_CURVE('',#2173,#2172,#182,.T.);
#1751=EDGE_CURVE('',#2173,#2174,#289,.T.);
#1752=EDGE_CURVE('',#2175,#2174,#183,.T.);
#1753=EDGE_CURVE('',#2171,#2175,#290,.T.);
#1754=EDGE_CURVE('',#2176,#2176,#184,.T.);
#1755=EDGE_CURVE('',#2177,#2177,#185,.T.);
#1756=EDGE_CURVE('',#2178,#2179,#2458,.T.);
#1757=EDGE_CURVE('',#2180,#2178,#291,.T.);
#1758=EDGE_CURVE('',#2181,#2180,#186,.T.);
#1759=EDGE_CURVE('',#2182,#2181,#292,.T.);
#1760=EDGE_CURVE('',#2183,#2182,#187,.T.);
#1761=EDGE_CURVE('',#2183,#2179,#293,.T.);
#1762=EDGE_CURVE('',#2184,#2185,#294,.T.);
#1763=EDGE_CURVE('',#2185,#2181,#188,.T.);
#1764=EDGE_CURVE('',#2180,#2175,#295,.T.);
#1765=EDGE_CURVE('',#2174,#2186,#189,.T.);
#1766=EDGE_CURVE('',#2186,#2187,#296,.T.);
#1767=EDGE_CURVE('',#2187,#2188,#190,.T.);
#1768=EDGE_CURVE('',#2188,#2189,#297,.T.);
#1769=EDGE_CURVE('',#2189,#2190,#191,.T.);
#1770=EDGE_CURVE('',#2190,#2191,#298,.T.);
#1771=EDGE_CURVE('',#2191,#2192,#192,.T.);
#1772=EDGE_CURVE('',#2192,#2193,#299,.T.);
#1773=EDGE_CURVE('',#2193,#2184,#193,.T.);
#1774=EDGE_CURVE('',#2179,#2170,#194,.T.);
#1775=EDGE_CURVE('',#2171,#2178,#195,.T.);
#1776=EDGE_CURVE('',#2172,#2183,#300,.T.);
#1777=EDGE_CURVE('',#2194,#2194,#196,.T.);
#1778=EDGE_CURVE('',#2195,#2190,#301,.T.);
#1779=EDGE_CURVE('',#2196,#2195,#302,.T.);
#1780=EDGE_CURVE('',#2196,#2191,#303,.T.);
#1781=EDGE_CURVE('',#2197,#2185,#304,.T.);
#1782=EDGE_CURVE('',#2182,#2197,#197,.T.);
#1783=EDGE_CURVE('',#2198,#2173,#198,.T.);
#1784=EDGE_CURVE('',#2198,#2186,#305,.T.);
#1785=EDGE_CURVE('',#2199,#2198,#306,.T.);
#1786=EDGE_CURVE('',#2199,#2187,#307,.T.);
#1787=EDGE_CURVE('',#2200,#2199,#199,.T.);
#1788=EDGE_CURVE('',#2200,#2188,#308,.T.);
#1789=EDGE_CURVE('',#2201,#2200,#309,.T.);
#1790=EDGE_CURVE('',#2201,#2189,#310,.T.);
#1791=EDGE_CURVE('',#2195,#2201,#200,.T.);
#1792=EDGE_CURVE('',#2202,#2196,#201,.T.);
#1793=EDGE_CURVE('',#2202,#2192,#311,.T.);
#1794=EDGE_CURVE('',#2203,#2202,#312,.T.);
#1795=EDGE_CURVE('',#2203,#2193,#313,.T.);
#1796=EDGE_CURVE('',#2204,#2203,#202,.T.);
#1797=EDGE_CURVE('',#2184,#2204,#314,.T.);
#1798=EDGE_CURVE('',#2197,#2204,#315,.T.);
#1799=EDGE_CURVE('',#2205,#2206,#2459,.T.);
#1800=EDGE_CURVE('',#2207,#2205,#316,.T.);
#1801=EDGE_CURVE('',#2208,#2207,#203,.T.);
#1802=EDGE_CURVE('',#2208,#2209,#317,.T.);
#1803=EDGE_CURVE('',#2210,#2209,#204,.T.);
#1804=EDGE_CURVE('',#2206,#2210,#318,.T.);
#1805=EDGE_CURVE('',#2211,#2211,#205,.T.);
#1806=EDGE_CURVE('',#2212,#2212,#206,.T.);
#1807=EDGE_CURVE('',#2213,#2214,#2460,.T.);
#1808=EDGE_CURVE('',#2215,#2213,#319,.T.);
#1809=EDGE_CURVE('',#2216,#2215,#207,.T.);
#1810=EDGE_CURVE('',#2217,#2216,#320,.T.);
#1811=EDGE_CURVE('',#2218,#2217,#208,.T.);
#1812=EDGE_CURVE('',#2218,#2214,#321,.T.);
#1813=EDGE_CURVE('',#2219,#2220,#322,.T.);
#1814=EDGE_CURVE('',#2220,#2216,#209,.T.);
#1815=EDGE_CURVE('',#2215,#2210,#323,.T.);
#1816=EDGE_CURVE('',#2209,#2221,#210,.T.);
#1817=EDGE_CURVE('',#2221,#2222,#324,.T.);
#1818=EDGE_CURVE('',#2222,#2223,#211,.T.);
#1819=EDGE_CURVE('',#2223,#2224,#325,.T.);
#1820=EDGE_CURVE('',#2224,#2225,#212,.T.);
#1821=EDGE_CURVE('',#2225,#2226,#326,.T.);
#1822=EDGE_CURVE('',#2226,#2227,#213,.T.);
#1823=EDGE_CURVE('',#2227,#2228,#327,.T.);
#1824=EDGE_CURVE('',#2228,#2219,#214,.T.);
#1825=EDGE_CURVE('',#2214,#2205,#215,.T.);
#1826=EDGE_CURVE('',#2206,#2213,#216,.T.);
#1827=EDGE_CURVE('',#2207,#2218,#328,.T.);
#1828=EDGE_CURVE('',#2229,#2229,#217,.T.);
#1829=EDGE_CURVE('',#2230,#2225,#329,.T.);
#1830=EDGE_CURVE('',#2231,#2230,#330,.T.);
#1831=EDGE_CURVE('',#2231,#2226,#331,.T.);
#1832=EDGE_CURVE('',#2232,#2220,#332,.T.);
#1833=EDGE_CURVE('',#2217,#2232,#218,.T.);
#1834=EDGE_CURVE('',#2233,#2208,#219,.T.);
#1835=EDGE_CURVE('',#2233,#2221,#333,.T.);
#1836=EDGE_CURVE('',#2234,#2233,#334,.T.);
#1837=EDGE_CURVE('',#2234,#2222,#335,.T.);
#1838=EDGE_CURVE('',#2235,#2234,#220,.T.);
#1839=EDGE_CURVE('',#2235,#2223,#336,.T.);
#1840=EDGE_CURVE('',#2236,#2235,#337,.T.);
#1841=EDGE_CURVE('',#2236,#2224,#338,.T.);
#1842=EDGE_CURVE('',#2230,#2236,#221,.T.);
#1843=EDGE_CURVE('',#2237,#2231,#222,.T.);
#1844=EDGE_CURVE('',#2237,#2227,#339,.T.);
#1845=EDGE_CURVE('',#2238,#2237,#340,.T.);
#1846=EDGE_CURVE('',#2238,#2228,#341,.T.);
#1847=EDGE_CURVE('',#2239,#2238,#223,.T.);
#1848=EDGE_CURVE('',#2219,#2239,#342,.T.);
#1849=EDGE_CURVE('',#2232,#2239,#343,.T.);
#1850=EDGE_CURVE('',#2240,#2241,#2461,.T.);
#1851=EDGE_CURVE('',#2242,#2240,#344,.T.);
#1852=EDGE_CURVE('',#2243,#2242,#224,.T.);
#1853=EDGE_CURVE('',#2243,#2244,#345,.T.);
#1854=EDGE_CURVE('',#2245,#2244,#225,.T.);
#1855=EDGE_CURVE('',#2241,#2245,#346,.T.);
#1856=EDGE_CURVE('',#2246,#2246,#226,.T.);
#1857=EDGE_CURVE('',#2247,#2247,#227,.T.);
#1858=EDGE_CURVE('',#2248,#2249,#2462,.T.);
#1859=EDGE_CURVE('',#2250,#2248,#347,.T.);
#1860=EDGE_CURVE('',#2251,#2250,#228,.T.);
#1861=EDGE_CURVE('',#2252,#2251,#348,.T.);
#1862=EDGE_CURVE('',#2253,#2252,#229,.T.);
#1863=EDGE_CURVE('',#2253,#2249,#349,.T.);
#1864=EDGE_CURVE('',#2254,#2255,#350,.T.);
#1865=EDGE_CURVE('',#2255,#2251,#230,.T.);
#1866=EDGE_CURVE('',#2250,#2245,#351,.T.);
#1867=EDGE_CURVE('',#2244,#2256,#231,.T.);
#1868=EDGE_CURVE('',#2256,#2257,#352,.T.);
#1869=EDGE_CURVE('',#2257,#2258,#232,.T.);
#1870=EDGE_CURVE('',#2258,#2259,#353,.T.);
#1871=EDGE_CURVE('',#2259,#2260,#233,.T.);
#1872=EDGE_CURVE('',#2260,#2261,#354,.T.);
#1873=EDGE_CURVE('',#2261,#2262,#234,.T.);
#1874=EDGE_CURVE('',#2262,#2263,#355,.T.);
#1875=EDGE_CURVE('',#2263,#2254,#235,.T.);
#1876=EDGE_CURVE('',#2249,#2240,#236,.T.);
#1877=EDGE_CURVE('',#2241,#2248,#237,.T.);
#1878=EDGE_CURVE('',#2242,#2253,#356,.T.);
#1879=EDGE_CURVE('',#2264,#2264,#238,.T.);
#1880=EDGE_CURVE('',#2265,#2260,#357,.T.);
#1881=EDGE_CURVE('',#2266,#2265,#358,.T.);
#1882=EDGE_CURVE('',#2266,#2261,#359,.T.);
#1883=EDGE_CURVE('',#2267,#2255,#360,.T.);
#1884=EDGE_CURVE('',#2252,#2267,#239,.T.);
#1885=EDGE_CURVE('',#2268,#2243,#240,.T.);
#1886=EDGE_CURVE('',#2268,#2256,#361,.T.);
#1887=EDGE_CURVE('',#2269,#2268,#362,.T.);
#1888=EDGE_CURVE('',#2269,#2257,#363,.T.);
#1889=EDGE_CURVE('',#2270,#2269,#241,.T.);
#1890=EDGE_CURVE('',#2270,#2258,#364,.T.);
#1891=EDGE_CURVE('',#2271,#2270,#365,.T.);
#1892=EDGE_CURVE('',#2271,#2259,#366,.T.);
#1893=EDGE_CURVE('',#2265,#2271,#242,.T.);
#1894=EDGE_CURVE('',#2272,#2266,#243,.T.);
#1895=EDGE_CURVE('',#2272,#2262,#367,.T.);
#1896=EDGE_CURVE('',#2273,#2272,#368,.T.);
#1897=EDGE_CURVE('',#2273,#2263,#369,.T.);
#1898=EDGE_CURVE('',#2274,#2273,#244,.T.);
#1899=EDGE_CURVE('',#2254,#2274,#370,.T.);
#1900=EDGE_CURVE('',#2267,#2274,#371,.T.);
#1901=EDGE_CURVE('',#2275,#2276,#245,.T.);
#1902=EDGE_CURVE('',#2277,#2275,#372,.T.);
#1903=EDGE_CURVE('',#2276,#2277,#373,.T.);
#1904=EDGE_CURVE('',#2276,#2278,#246,.T.);
#1905=EDGE_CURVE('',#2279,#2276,#374,.T.);
#1906=EDGE_CURVE('',#2278,#2279,#375,.T.);
#1907=EDGE_CURVE('',#2278,#2280,#247,.T.);
#1908=EDGE_CURVE('',#2281,#2278,#376,.T.);
#1909=EDGE_CURVE('',#2280,#2281,#377,.T.);
#1910=EDGE_CURVE('',#2280,#2282,#248,.T.);
#1911=EDGE_CURVE('',#2283,#2280,#378,.T.);
#1912=EDGE_CURVE('',#2282,#2283,#379,.T.);
#1913=EDGE_CURVE('',#2282,#2284,#249,.T.);
#1914=EDGE_CURVE('',#2285,#2282,#380,.T.);
#1915=EDGE_CURVE('',#2284,#2285,#381,.T.);
#1916=EDGE_CURVE('',#2286,#2286,#250,.T.);
#1917=EDGE_CURVE('',#2287,#2288,#382,.T.);
#1918=EDGE_CURVE('',#2288,#2289,#383,.T.);
#1919=EDGE_CURVE('',#2289,#2290,#384,.T.);
#1920=EDGE_CURVE('',#2290,#2291,#385,.T.);
#1921=EDGE_CURVE('',#2291,#2292,#386,.T.);
#1922=EDGE_CURVE('',#2292,#2287,#387,.T.);
#1923=EDGE_CURVE('',#2293,#2293,#251,.T.);
#1924=EDGE_CURVE('',#2294,#2294,#252,.T.);
#1925=EDGE_CURVE('',#2295,#2295,#253,.T.);
#1926=EDGE_CURVE('',#2296,#2296,#254,.F.);
#1927=EDGE_CURVE('',#2297,#2297,#255,.T.);
#1928=EDGE_CURVE('',#2279,#2287,#388,.T.);
#1929=EDGE_CURVE('',#2277,#2288,#389,.T.);
#1930=EDGE_CURVE('',#2281,#2292,#390,.T.);
#1931=EDGE_CURVE('',#2283,#2291,#391,.T.);
#1932=EDGE_CURVE('',#2285,#2290,#392,.T.);
#1933=EDGE_CURVE('',#2298,#2289,#393,.T.);
#1934=EDGE_CURVE('',#2298,#2284,#394,.T.);
#1935=EDGE_CURVE('',#2275,#2298,#395,.T.);
#1936=EDGE_CURVE('',#2284,#2275,#256,.T.);
#1937=EDGE_CURVE('',#2300,#2301,#396,.T.);
#1938=EDGE_CURVE('',#2302,#2300,#397,.T.);
#1939=EDGE_CURVE('',#2302,#2303,#398,.T.);
#1940=EDGE_CURVE('',#2303,#2301,#399,.T.);
#1941=EDGE_CURVE('',#2301,#2304,#400,.T.);
#1942=EDGE_CURVE('',#2303,#2305,#401,.T.);
#1943=EDGE_CURVE('',#2305,#2304,#402,.T.);
#1944=EDGE_CURVE('',#2306,#2300,#257,.T.);
#1945=EDGE_CURVE('',#2307,#2306,#403,.T.);
#1946=EDGE_CURVE('',#2307,#2302,#258,.T.);
#1947=EDGE_CURVE('',#2308,#2309,#404,.T.);
#1948=EDGE_CURVE('',#2310,#2308,#405,.T.);
#1949=EDGE_CURVE('',#2310,#2311,#406,.T.);
#1950=EDGE_CURVE('',#2311,#2309,#407,.T.);
#1951=EDGE_CURVE('',#2309,#2306,#408,.T.);
#1952=EDGE_CURVE('',#2311,#2307,#409,.T.);
#1953=EDGE_CURVE('',#2304,#2312,#410,.T.);
#1954=EDGE_CURVE('',#2305,#2313,#411,.T.);
#1955=EDGE_CURVE('',#2313,#2312,#412,.T.);
#1956=EDGE_CURVE('',#2312,#2314,#413,.T.);
#1957=EDGE_CURVE('',#2313,#2315,#414,.T.);
#1958=EDGE_CURVE('',#2315,#2314,#415,.T.);
#1959=EDGE_CURVE('',#2314,#2316,#416,.T.);
#1960=EDGE_CURVE('',#2315,#2317,#417,.T.);
#1961=EDGE_CURVE('',#2317,#2316,#418,.T.);
#1962=EDGE_CURVE('',#2316,#2318,#419,.T.);
#1963=EDGE_CURVE('',#2317,#2319,#420,.T.);
#1964=EDGE_CURVE('',#2319,#2318,#421,.T.);
#1965=EDGE_CURVE('',#2318,#2320,#422,.T.);
#1966=EDGE_CURVE('',#2319,#2321,#423,.T.);
#1967=EDGE_CURVE('',#2321,#2320,#424,.T.);
#1968=EDGE_CURVE('',#2320,#2322,#425,.T.);
#1969=EDGE_CURVE('',#2321,#2323,#426,.T.);
#1970=EDGE_CURVE('',#2323,#2322,#427,.T.);
#1971=EDGE_CURVE('',#2322,#2324,#428,.T.);
#1972=EDGE_CURVE('',#2323,#2325,#429,.T.);
#1973=EDGE_CURVE('',#2325,#2324,#430,.T.);
#1974=EDGE_CURVE('',#2324,#2326,#431,.T.);
#1975=EDGE_CURVE('',#2325,#2327,#432,.T.);
#1976=EDGE_CURVE('',#2327,#2326,#433,.T.);
#1977=EDGE_CURVE('',#2326,#2328,#434,.T.);
#1978=EDGE_CURVE('',#2327,#2329,#435,.T.);
#1979=EDGE_CURVE('',#2329,#2328,#436,.T.);
#1980=EDGE_CURVE('',#2328,#2330,#437,.T.);
#1981=EDGE_CURVE('',#2329,#2331,#438,.T.);
#1982=EDGE_CURVE('',#2331,#2330,#439,.T.);
#1983=EDGE_CURVE('',#2330,#2332,#440,.T.);
#1984=EDGE_CURVE('',#2331,#2333,#441,.T.);
#1985=EDGE_CURVE('',#2333,#2332,#442,.T.);
#1986=EDGE_CURVE('',#2332,#2334,#443,.T.);
#1987=EDGE_CURVE('',#2333,#2335,#444,.T.);
#1988=EDGE_CURVE('',#2335,#2334,#445,.T.);
#1989=EDGE_CURVE('',#2334,#2336,#259,.T.);
#1990=EDGE_CURVE('',#2335,#2337,#260,.T.);
#1991=EDGE_CURVE('',#2337,#2336,#446,.T.);
#1992=EDGE_CURVE('',#2336,#2338,#447,.T.);
#1993=EDGE_CURVE('',#2337,#2339,#448,.T.);
#1994=EDGE_CURVE('',#2339,#2338,#449,.T.);
#1995=EDGE_CURVE('',#2338,#2340,#450,.T.);
#1996=EDGE_CURVE('',#2339,#2341,#451,.T.);
#1997=EDGE_CURVE('',#2341,#2340,#452,.T.);
#1998=EDGE_CURVE('',#2340,#2342,#453,.T.);
#1999=EDGE_CURVE('',#2341,#2343,#454,.T.);
#2000=EDGE_CURVE('',#2343,#2342,#455,.T.);
#2001=EDGE_CURVE('',#2342,#2344,#456,.T.);
#2002=EDGE_CURVE('',#2343,#2345,#457,.T.);
#2003=EDGE_CURVE('',#2345,#2344,#458,.T.);
#2004=EDGE_CURVE('',#2344,#2346,#459,.T.);
#2005=EDGE_CURVE('',#2345,#2347,#460,.T.);
#2006=EDGE_CURVE('',#2347,#2346,#461,.T.);
#2007=EDGE_CURVE('',#2346,#2348,#462,.T.);
#2008=EDGE_CURVE('',#2347,#2349,#463,.T.);
#2009=EDGE_CURVE('',#2349,#2348,#464,.T.);
#2010=EDGE_CURVE('',#2348,#2350,#465,.T.);
#2011=EDGE_CURVE('',#2349,#2351,#466,.T.);
#2012=EDGE_CURVE('',#2351,#2350,#467,.T.);
#2013=EDGE_CURVE('',#2350,#2352,#468,.T.);
#2014=EDGE_CURVE('',#2351,#2353,#469,.T.);
#2015=EDGE_CURVE('',#2353,#2352,#470,.T.);
#2016=EDGE_CURVE('',#2352,#2354,#471,.T.);
#2017=EDGE_CURVE('',#2353,#2355,#472,.T.);
#2018=EDGE_CURVE('',#2355,#2354,#473,.T.);
#2019=EDGE_CURVE('',#2354,#2356,#474,.T.);
#2020=EDGE_CURVE('',#2355,#2357,#475,.T.);
#2021=EDGE_CURVE('',#2357,#2356,#476,.T.);
#2022=EDGE_CURVE('',#2356,#2358,#477,.T.);
#2023=EDGE_CURVE('',#2357,#2359,#478,.T.);
#2024=EDGE_CURVE('',#2359,#2358,#479,.T.);
#2025=EDGE_CURVE('',#2358,#2360,#480,.T.);
#2026=EDGE_CURVE('',#2359,#2361,#481,.T.);
#2027=EDGE_CURVE('',#2361,#2360,#482,.T.);
#2028=EDGE_CURVE('',#2360,#2362,#483,.T.);
#2029=EDGE_CURVE('',#2361,#2363,#484,.T.);
#2030=EDGE_CURVE('',#2363,#2362,#485,.T.);
#2031=EDGE_CURVE('',#2362,#2364,#486,.T.);
#2032=EDGE_CURVE('',#2363,#2365,#487,.T.);
#2033=EDGE_CURVE('',#2365,#2364,#488,.T.);
#2034=EDGE_CURVE('',#2364,#2366,#261,.T.);
#2035=EDGE_CURVE('',#2365,#2367,#262,.T.);
#2036=EDGE_CURVE('',#2367,#2366,#489,.T.);
#2037=EDGE_CURVE('',#2366,#2368,#490,.T.);
#2038=EDGE_CURVE('',#2367,#2369,#491,.T.);
#2039=EDGE_CURVE('',#2369,#2368,#492,.T.);
#2040=EDGE_CURVE('',#2368,#2370,#493,.T.);
#2041=EDGE_CURVE('',#2369,#2371,#494,.T.);
#2042=EDGE_CURVE('',#2371,#2370,#495,.T.);
#2043=EDGE_CURVE('',#2370,#2372,#496,.T.);
#2044=EDGE_CURVE('',#2371,#2373,#497,.T.);
#2045=EDGE_CURVE('',#2373,#2372,#498,.T.);
#2046=EDGE_CURVE('',#2372,#2374,#499,.T.);
#2047=EDGE_CURVE('',#2373,#2375,#500,.T.);
#2048=EDGE_CURVE('',#2375,#2374,#501,.T.);
#2049=EDGE_CURVE('',#2374,#2376,#502,.T.);
#2050=EDGE_CURVE('',#2375,#2377,#503,.T.);
#2051=EDGE_CURVE('',#2377,#2376,#504,.T.);
#2052=EDGE_CURVE('',#2376,#2378,#505,.T.);
#2053=EDGE_CURVE('',#2377,#2379,#506,.T.);
#2054=EDGE_CURVE('',#2379,#2378,#507,.T.);
#2055=EDGE_CURVE('',#2378,#2380,#508,.T.);
#2056=EDGE_CURVE('',#2379,#2381,#509,.T.);
#2057=EDGE_CURVE('',#2381,#2380,#510,.T.);
#2058=EDGE_CURVE('',#2380,#2382,#511,.T.);
#2059=EDGE_CURVE('',#2381,#2383,#512,.T.);
#2060=EDGE_CURVE('',#2383,#2382,#513,.T.);
#2061=EDGE_CURVE('',#2382,#2384,#514,.T.);
#2062=EDGE_CURVE('',#2383,#2385,#515,.T.);
#2063=EDGE_CURVE('',#2385,#2384,#516,.T.);
#2064=EDGE_CURVE('',#2384,#2386,#517,.T.);
#2065=EDGE_CURVE('',#2385,#2387,#518,.T.);
#2066=EDGE_CURVE('',#2387,#2386,#519,.T.);
#2067=EDGE_CURVE('',#2386,#2388,#520,.T.);
#2068=EDGE_CURVE('',#2387,#2389,#521,.T.);
#2069=EDGE_CURVE('',#2389,#2388,#522,.T.);
#2070=EDGE_CURVE('',#2388,#2390,#523,.T.);
#2071=EDGE_CURVE('',#2389,#2391,#524,.T.);
#2072=EDGE_CURVE('',#2391,#2390,#525,.T.);
#2073=EDGE_CURVE('',#2390,#2392,#526,.T.);
#2074=EDGE_CURVE('',#2391,#2393,#527,.T.);
#2075=EDGE_CURVE('',#2393,#2392,#528,.T.);
#2076=EDGE_CURVE('',#2392,#2394,#529,.T.);
#2077=EDGE_CURVE('',#2393,#2395,#530,.T.);
#2078=EDGE_CURVE('',#2395,#2394,#531,.T.);
#2079=EDGE_CURVE('',#2394,#2396,#263,.T.);
#2080=EDGE_CURVE('',#2395,#2397,#264,.T.);
#2081=EDGE_CURVE('',#2397,#2396,#532,.T.);
#2082=EDGE_CURVE('',#2396,#2398,#533,.T.);
#2083=EDGE_CURVE('',#2397,#2399,#534,.T.);
#2084=EDGE_CURVE('',#2399,#2398,#535,.T.);
#2085=EDGE_CURVE('',#2398,#2400,#536,.T.);
#2086=EDGE_CURVE('',#2399,#2401,#537,.T.);
#2087=EDGE_CURVE('',#2401,#2400,#538,.T.);
#2088=EDGE_CURVE('',#2400,#2402,#539,.T.);
#2089=EDGE_CURVE('',#2401,#2403,#540,.T.);
#2090=EDGE_CURVE('',#2403,#2402,#541,.T.);
#2091=EDGE_CURVE('',#2402,#2404,#542,.T.);
#2092=EDGE_CURVE('',#2403,#2405,#543,.T.);
#2093=EDGE_CURVE('',#2405,#2404,#544,.T.);
#2094=EDGE_CURVE('',#2404,#2406,#545,.T.);
#2095=EDGE_CURVE('',#2405,#2407,#546,.T.);
#2096=EDGE_CURVE('',#2407,#2406,#547,.T.);
#2097=EDGE_CURVE('',#2406,#2408,#548,.T.);
#2098=EDGE_CURVE('',#2407,#2409,#549,.T.);
#2099=EDGE_CURVE('',#2409,#2408,#550,.T.);
#2100=EDGE_CURVE('',#2408,#2410,#551,.T.);
#2101=EDGE_CURVE('',#2409,#2411,#552,.T.);
#2102=EDGE_CURVE('',#2411,#2410,#553,.T.);
#2103=EDGE_CURVE('',#2410,#2412,#554,.T.);
#2104=EDGE_CURVE('',#2411,#2413,#555,.T.);
#2105=EDGE_CURVE('',#2413,#2412,#556,.T.);
#2106=EDGE_CURVE('',#2412,#2414,#557,.T.);
#2107=EDGE_CURVE('',#2413,#2415,#558,.T.);
#2108=EDGE_CURVE('',#2415,#2414,#559,.T.);
#2109=EDGE_CURVE('',#2414,#2416,#560,.T.);
#2110=EDGE_CURVE('',#2415,#2417,#561,.T.);
#2111=EDGE_CURVE('',#2417,#2416,#562,.T.);
#2112=EDGE_CURVE('',#2416,#2418,#563,.T.);
#2113=EDGE_CURVE('',#2417,#2419,#564,.T.);
#2114=EDGE_CURVE('',#2419,#2418,#565,.T.);
#2115=EDGE_CURVE('',#2418,#2308,#566,.T.);
#2116=EDGE_CURVE('',#2419,#2310,#567,.T.);
#2117=EDGE_CURVE('',#2420,#2420,#265,.T.);
#2118=EDGE_CURVE('',#2421,#2421,#266,.T.);
#2119=EDGE_CURVE('',#2422,#2423,#2463,.T.);
#2120=EDGE_CURVE('',#2424,#2422,#568,.T.);
#2121=EDGE_CURVE('',#2425,#2424,#267,.T.);
#2122=EDGE_CURVE('',#2425,#2426,#569,.T.);
#2123=EDGE_CURVE('',#2427,#2426,#268,.T.);
#2124=EDGE_CURVE('',#2423,#2427,#570,.T.);
#2125=EDGE_CURVE('',#2428,#2428,#269,.T.);
#2126=EDGE_CURVE('',#2429,#2429,#270,.T.);
#2127=EDGE_CURVE('',#2430,#2431,#2464,.T.);
#2128=EDGE_CURVE('',#2432,#2430,#571,.T.);
#2129=EDGE_CURVE('',#2433,#2432,#271,.T.);
#2130=EDGE_CURVE('',#2434,#2433,#572,.T.);
#2131=EDGE_CURVE('',#2435,#2434,#272,.T.);
#2132=EDGE_CURVE('',#2435,#2431,#573,.T.);
#2133=EDGE_CURVE('',#2436,#2437,#574,.T.);
#2134=EDGE_CURVE('',#2437,#2433,#273,.T.);
#2135=EDGE_CURVE('',#2432,#2427,#575,.T.);
#2136=EDGE_CURVE('',#2426,#2438,#274,.T.);
#2137=EDGE_CURVE('',#2438,#2439,#576,.T.);
#2138=EDGE_CURVE('',#2439,#2440,#275,.T.);
#2139=EDGE_CURVE('',#2440,#2441,#577,.T.);
#2140=EDGE_CURVE('',#2441,#2442,#276,.T.);
#2141=EDGE_CURVE('',#2442,#2443,#578,.T.);
#2142=EDGE_CURVE('',#2443,#2444,#277,.T.);
#2143=EDGE_CURVE('',#2444,#2445,#579,.T.);
#2144=EDGE_CURVE('',#2445,#2436,#278,.T.);
#2145=EDGE_CURVE('',#2431,#2422,#279,.T.);
#2146=EDGE_CURVE('',#2423,#2430,#280,.T.);
#2147=EDGE_CURVE('',#2424,#2435,#580,.T.);
#2148=EDGE_CURVE('',#2446,#2446,#281,.T.);
#2149=EDGE_CURVE('',#2447,#2442,#581,.T.);
#2150=EDGE_CURVE('',#2448,#2447,#582,.T.);
#2151=EDGE_CURVE('',#2448,#2443,#583,.T.);
#2152=EDGE_CURVE('',#2449,#2437,#584,.T.);
#2153=EDGE_CURVE('',#2434,#2449,#282,.T.);
#2154=EDGE_CURVE('',#2450,#2425,#283,.T.);
#2155=EDGE_CURVE('',#2450,#2438,#585,.T.);
#2156=EDGE_CURVE('',#2451,#2450,#586,.T.);
#2157=EDGE_CURVE('',#2451,#2439,#587,.T.);
#2158=EDGE_CURVE('',#2452,#2451,#284,.T.);
#2159=EDGE_CURVE('',#2452,#2440,#588,.T.);
#2160=EDGE_CURVE('',#2453,#2452,#589,.T.);
#2161=EDGE_CURVE('',#2453,#2441,#590,.T.);
#2162=EDGE_CURVE('',#2447,#2453,#285,.T.);
#2163=EDGE_CURVE('',#2454,#2448,#286,.T.);
#2164=EDGE_CURVE('',#2454,#2444,#591,.T.);
#2165=EDGE_CURVE('',#2455,#2454,#592,.T.);
#2166=EDGE_CURVE('',#2455,#2445,#593,.T.);
#2167=EDGE_CURVE('',#2456,#2455,#287,.T.);
#2168=EDGE_CURVE('',#2436,#2456,#594,.T.);
#2169=EDGE_CURVE('',#2449,#2456,#595,.T.);
#2170=VERTEX_POINT('',#4283);
#2171=VERTEX_POINT('',#4284);
#2172=VERTEX_POINT('',#4286);
#2173=VERTEX_POINT('',#4288);
#2174=VERTEX_POINT('',#4290);
#2175=VERTEX_POINT('',#4292);
#2176=VERTEX_POINT('',#4296);
#2177=VERTEX_POINT('',#4298);
#2178=VERTEX_POINT('',#4305);
#2179=VERTEX_POINT('',#4306);
#2180=VERTEX_POINT('',#4308);
#2181=VERTEX_POINT('',#4310);
#2182=VERTEX_POINT('',#4312);
#2183=VERTEX_POINT('',#4314);
#2184=VERTEX_POINT('',#4318);
#2185=VERTEX_POINT('',#4319);
#2186=VERTEX_POINT('',#4323);
#2187=VERTEX_POINT('',#4325);
#2188=VERTEX_POINT('',#4327);
#2189=VERTEX_POINT('',#4329);
#2190=VERTEX_POINT('',#4331);
#2191=VERTEX_POINT('',#4333);
#2192=VERTEX_POINT('',#4335);
#2193=VERTEX_POINT('',#4337);
#2194=VERTEX_POINT('',#4346);
#2195=VERTEX_POINT('',#4349);
#2196=VERTEX_POINT('',#4351);
#2197=VERTEX_POINT('',#4356);
#2198=VERTEX_POINT('',#4360);
#2199=VERTEX_POINT('',#4364);
#2200=VERTEX_POINT('',#4368);
#2201=VERTEX_POINT('',#4372);
#2202=VERTEX_POINT('',#4378);
#2203=VERTEX_POINT('',#4382);
#2204=VERTEX_POINT('',#4386);
#2205=VERTEX_POINT('',#4398);
#2206=VERTEX_POINT('',#4399);
#2207=VERTEX_POINT('',#4401);
#2208=VERTEX_POINT('',#4403);
#2209=VERTEX_POINT('',#4405);
#2210=VERTEX_POINT('',#4407);
#2211=VERTEX_POINT('',#4411);
#2212=VERTEX_POINT('',#4413);
#2213=VERTEX_POINT('',#4420);
#2214=VERTEX_POINT('',#4421);
#2215=VERTEX_POINT('',#4423);
#2216=VERTEX_POINT('',#4425);
#2217=VERTEX_POINT('',#4427);
#2218=VERTEX_POINT('',#4429);
#2219=VERTEX_POINT('',#4433);
#2220=VERTEX_POINT('',#4434);
#2221=VERTEX_POINT('',#4438);
#2222=VERTEX_POINT('',#4440);
#2223=VERTEX_POINT('',#4442);
#2224=VERTEX_POINT('',#4444);
#2225=VERTEX_POINT('',#4446);
#2226=VERTEX_POINT('',#4448);
#2227=VERTEX_POINT('',#4450);
#2228=VERTEX_POINT('',#4452);
#2229=VERTEX_POINT('',#4461);
#2230=VERTEX_POINT('',#4464);
#2231=VERTEX_POINT('',#4466);
#2232=VERTEX_POINT('',#4471);
#2233=VERTEX_POINT('',#4475);
#2234=VERTEX_POINT('',#4479);
#2235=VERTEX_POINT('',#4483);
#2236=VERTEX_POINT('',#4487);
#2237=VERTEX_POINT('',#4493);
#2238=VERTEX_POINT('',#4497);
#2239=VERTEX_POINT('',#4501);
#2240=VERTEX_POINT('',#4513);
#2241=VERTEX_POINT('',#4514);
#2242=VERTEX_POINT('',#4516);
#2243=VERTEX_POINT('',#4518);
#2244=VERTEX_POINT('',#4520);
#2245=VERTEX_POINT('',#4522);
#2246=VERTEX_POINT('',#4526);
#2247=VERTEX_POINT('',#4528);
#2248=VERTEX_POINT('',#4535);
#2249=VERTEX_POINT('',#4536);
#2250=VERTEX_POINT('',#4538);
#2251=VERTEX_POINT('',#4540);
#2252=VERTEX_POINT('',#4542);
#2253=VERTEX_POINT('',#4544);
#2254=VERTEX_POINT('',#4548);
#2255=VERTEX_POINT('',#4549);
#2256=VERTEX_POINT('',#4553);
#2257=VERTEX_POINT('',#4555);
#2258=VERTEX_POINT('',#4557);
#2259=VERTEX_POINT('',#4559);
#2260=VERTEX_POINT('',#4561);
#2261=VERTEX_POINT('',#4563);
#2262=VERTEX_POINT('',#4565);
#2263=VERTEX_POINT('',#4567);
#2264=VERTEX_POINT('',#4576);
#2265=VERTEX_POINT('',#4579);
#2266=VERTEX_POINT('',#4581);
#2267=VERTEX_POINT('',#4586);
#2268=VERTEX_POINT('',#4590);
#2269=VERTEX_POINT('',#4594);
#2270=VERTEX_POINT('',#4598);
#2271=VERTEX_POINT('',#4602);
#2272=VERTEX_POINT('',#4608);
#2273=VERTEX_POINT('',#4612);
#2274=VERTEX_POINT('',#4616);
#2275=VERTEX_POINT('',#4624);
#2276=VERTEX_POINT('',#4625);
#2277=VERTEX_POINT('',#4627);
#2278=VERTEX_POINT('',#4631);
#2279=VERTEX_POINT('',#4633);
#2280=VERTEX_POINT('',#4637);
#2281=VERTEX_POINT('',#4639);
#2282=VERTEX_POINT('',#4643);
#2283=VERTEX_POINT('',#4645);
#2284=VERTEX_POINT('',#4649);
#2285=VERTEX_POINT('',#4651);
#2286=VERTEX_POINT('',#4655);
#2287=VERTEX_POINT('',#4657);
#2288=VERTEX_POINT('',#4658);
#2289=VERTEX_POINT('',#4660);
#2290=VERTEX_POINT('',#4662);
#2291=VERTEX_POINT('',#4664);
#2292=VERTEX_POINT('',#4666);
#2293=VERTEX_POINT('',#4670);
#2294=VERTEX_POINT('',#4672);
#2295=VERTEX_POINT('',#4675);
#2296=VERTEX_POINT('',#4678);
#2297=VERTEX_POINT('',#4681);
#2298=VERTEX_POINT('',#4694);
#2299=VERTEX_POINT('',#4701);
#2300=VERTEX_POINT('',#4707);
#2301=VERTEX_POINT('',#4708);
#2302=VERTEX_POINT('',#4710);
#2303=VERTEX_POINT('',#4712);
#2304=VERTEX_POINT('',#4716);
#2305=VERTEX_POINT('',#4718);
#2306=VERTEX_POINT('',#4722);
#2307=VERTEX_POINT('',#4724);
#2308=VERTEX_POINT('',#4728);
#2309=VERTEX_POINT('',#4729);
#2310=VERTEX_POINT('',#4731);
#2311=VERTEX_POINT('',#4733);
#2312=VERTEX_POINT('',#4740);
#2313=VERTEX_POINT('',#4742);
#2314=VERTEX_POINT('',#4746);
#2315=VERTEX_POINT('',#4748);
#2316=VERTEX_POINT('',#4752);
#2317=VERTEX_POINT('',#4754);
#2318=VERTEX_POINT('',#4758);
#2319=VERTEX_POINT('',#4760);
#2320=VERTEX_POINT('',#4764);
#2321=VERTEX_POINT('',#4766);
#2322=VERTEX_POINT('',#4770);
#2323=VERTEX_POINT('',#4772);
#2324=VERTEX_POINT('',#4776);
#2325=VERTEX_POINT('',#4778);
#2326=VERTEX_POINT('',#4782);
#2327=VERTEX_POINT('',#4784);
#2328=VERTEX_POINT('',#4788);
#2329=VERTEX_POINT('',#4790);
#2330=VERTEX_POINT('',#4794);
#2331=VERTEX_POINT('',#4796);
#2332=VERTEX_POINT('',#4800);
#2333=VERTEX_POINT('',#4802);
#2334=VERTEX_POINT('',#4806);
#2335=VERTEX_POINT('',#4808);
#2336=VERTEX_POINT('',#4812);
#2337=VERTEX_POINT('',#4814);
#2338=VERTEX_POINT('',#4818);
#2339=VERTEX_POINT('',#4820);
#2340=VERTEX_POINT('',#4824);
#2341=VERTEX_POINT('',#4826);
#2342=VERTEX_POINT('',#4830);
#2343=VERTEX_POINT('',#4832);
#2344=VERTEX_POINT('',#4836);
#2345=VERTEX_POINT('',#4838);
#2346=VERTEX_POINT('',#4842);
#2347=VERTEX_POINT('',#4844);
#2348=VERTEX_POINT('',#4848);
#2349=VERTEX_POINT('',#4850);
#2350=VERTEX_POINT('',#4854);
#2351=VERTEX_POINT('',#4856);
#2352=VERTEX_POINT('',#4860);
#2353=VERTEX_POINT('',#4862);
#2354=VERTEX_POINT('',#4866);
#2355=VERTEX_POINT('',#4868);
#2356=VERTEX_POINT('',#4872);
#2357=VERTEX_POINT('',#4874);
#2358=VERTEX_POINT('',#4878);
#2359=VERTEX_POINT('',#4880);
#2360=VERTEX_POINT('',#4884);
#2361=VERTEX_POINT('',#4886);
#2362=VERTEX_POINT('',#4890);
#2363=VERTEX_POINT('',#4892);
#2364=VERTEX_POINT('',#4896);
#2365=VERTEX_POINT('',#4898);
#2366=VERTEX_POINT('',#4902);
#2367=VERTEX_POINT('',#4904);
#2368=VERTEX_POINT('',#4908);
#2369=VERTEX_POINT('',#4910);
#2370=VERTEX_POINT('',#4914);
#2371=VERTEX_POINT('',#4916);
#2372=VERTEX_POINT('',#4920);
#2373=VERTEX_POINT('',#4922);
#2374=VERTEX_POINT('',#4926);
#2375=VERTEX_POINT('',#4928);
#2376=VERTEX_POINT('',#4932);
#2377=VERTEX_POINT('',#4934);
#2378=VERTEX_POINT('',#4938);
#2379=VERTEX_POINT('',#4940);
#2380=VERTEX_POINT('',#4944);
#2381=VERTEX_POINT('',#4946);
#2382=VERTEX_POINT('',#4950);
#2383=VERTEX_POINT('',#4952);
#2384=VERTEX_POINT('',#4956);
#2385=VERTEX_POINT('',#4958);
#2386=VERTEX_POINT('',#4962);
#2387=VERTEX_POINT('',#4964);
#2388=VERTEX_POINT('',#4968);
#2389=VERTEX_POINT('',#4970);
#2390=VERTEX_POINT('',#4974);
#2391=VERTEX_POINT('',#4976);
#2392=VERTEX_POINT('',#4980);
#2393=VERTEX_POINT('',#4982);
#2394=VERTEX_POINT('',#4986);
#2395=VERTEX_POINT('',#4988);
#2396=VERTEX_POINT('',#4992);
#2397=VERTEX_POINT('',#4994);
#2398=VERTEX_POINT('',#4998);
#2399=VERTEX_POINT('',#5000);
#2400=VERTEX_POINT('',#5004);
#2401=VERTEX_POINT('',#5006);
#2402=VERTEX_POINT('',#5010);
#2403=VERTEX_POINT('',#5012);
#2404=VERTEX_POINT('',#5016);
#2405=VERTEX_POINT('',#5018);
#2406=VERTEX_POINT('',#5022);
#2407=VERTEX_POINT('',#5024);
#2408=VERTEX_POINT('',#5028);
#2409=VERTEX_POINT('',#5030);
#2410=VERTEX_POINT('',#5034);
#2411=VERTEX_POINT('',#5036);
#2412=VERTEX_POINT('',#5040);
#2413=VERTEX_POINT('',#5042);
#2414=VERTEX_POINT('',#5046);
#2415=VERTEX_POINT('',#5048);
#2416=VERTEX_POINT('',#5052);
#2417=VERTEX_POINT('',#5054);
#2418=VERTEX_POINT('',#5058);
#2419=VERTEX_POINT('',#5060);
#2420=VERTEX_POINT('',#5067);
#2421=VERTEX_POINT('',#5070);
#2422=VERTEX_POINT('',#5081);
#2423=VERTEX_POINT('',#5082);
#2424=VERTEX_POINT('',#5084);
#2425=VERTEX_POINT('',#5086);
#2426=VERTEX_POINT('',#5088);
#2427=VERTEX_POINT('',#5090);
#2428=VERTEX_POINT('',#5094);
#2429=VERTEX_POINT('',#5096);
#2430=VERTEX_POINT('',#5103);
#2431=VERTEX_POINT('',#5104);
#2432=VERTEX_POINT('',#5106);
#2433=VERTEX_POINT('',#5108);
#2434=VERTEX_POINT('',#5110);
#2435=VERTEX_POINT('',#5112);
#2436=VERTEX_POINT('',#5116);
#2437=VERTEX_POINT('',#5117);
#2438=VERTEX_POINT('',#5121);
#2439=VERTEX_POINT('',#5123);
#2440=VERTEX_POINT('',#5125);
#2441=VERTEX_POINT('',#5127);
#2442=VERTEX_POINT('',#5129);
#2443=VERTEX_POINT('',#5131);
#2444=VERTEX_POINT('',#5133);
#2445=VERTEX_POINT('',#5135);
#2446=VERTEX_POINT('',#5144);
#2447=VERTEX_POINT('',#5147);
#2448=VERTEX_POINT('',#5149);
#2449=VERTEX_POINT('',#5154);
#2450=VERTEX_POINT('',#5158);
#2451=VERTEX_POINT('',#5162);
#2452=VERTEX_POINT('',#5166);
#2453=VERTEX_POINT('',#5170);
#2454=VERTEX_POINT('',#5176);
#2455=VERTEX_POINT('',#5180);
#2456=VERTEX_POINT('',#5184);
#2457=B_SPLINE_CURVE_WITH_KNOTS('',3,(#4278,#4279,#4280,#4281,#4282),
 .UNSPECIFIED.,.F.,.F.,(4,1,4),(3.84482977898727E-16,0.00131835890356464,
0.00263671780712889),.UNSPECIFIED.);
#2458=B_SPLINE_CURVE_WITH_KNOTS('',3,(#4300,#4301,#4302,#4303,#4304),
 .UNSPECIFIED.,.F.,.F.,(4,1,4),(0.,0.00131835890356432,0.00263671780712864),
 .UNSPECIFIED.);
#2459=B_SPLINE_CURVE_WITH_KNOTS('',3,(#4393,#4394,#4395,#4396,#4397),
 .UNSPECIFIED.,.F.,.F.,(4,1,4),(6.17069816078351E-16,0.00131835890356475,
0.00263671780712889),.UNSPECIFIED.);
#2460=B_SPLINE_CURVE_WITH_KNOTS('',3,(#4415,#4416,#4417,#4418,#4419),
 .UNSPECIFIED.,.F.,.F.,(4,1,4),(0.,0.00131835890356408,0.00263671780712815),
 .UNSPECIFIED.);
#2461=B_SPLINE_CURVE_WITH_KNOTS('',3,(#4508,#4509,#4510,#4511,#4512),
 .UNSPECIFIED.,.F.,.F.,(4,1,4),(4.66559998247136E-16,0.00131835890356467,
0.00263671780712888),.UNSPECIFIED.);
#2462=B_SPLINE_CURVE_WITH_KNOTS('',3,(#4530,#4531,#4532,#4533,#4534),
 .UNSPECIFIED.,.F.,.F.,(4,1,4),(0.,0.00131835890356408,0.00263671780712815),
 .UNSPECIFIED.);
#2463=B_SPLINE_CURVE_WITH_KNOTS('',3,(#5076,#5077,#5078,#5079,#5080),
 .UNSPECIFIED.,.F.,.F.,(4,1,4),(3.84482977898727E-16,0.00131835890356464,
0.0026367178071289),.UNSPECIFIED.);
#2464=B_SPLINE_CURVE_WITH_KNOTS('',3,(#5098,#5099,#5100,#5101,#5102),
 .UNSPECIFIED.,.F.,.F.,(4,1,4),(0.,0.00131835890356432,0.00263671780712863),
 .UNSPECIFIED.);
#2465=EDGE_LOOP('',(#904,#905,#906,#907,#908,#909));
#2466=EDGE_LOOP('',(#910));
#2467=EDGE_LOOP('',(#911));
#2468=EDGE_LOOP('',(#912,#913,#914,#915,#916,#917));
#2469=EDGE_LOOP('',(#918,#919,#920,#921,#922,#923,#924,#925,#926,#927,#928,
#929,#930,#931));
#2470=EDGE_LOOP('',(#932));
#2471=EDGE_LOOP('',(#933,#934,#935,#936));
#2472=EDGE_LOOP('',(#937,#938,#939,#940));
#2473=EDGE_LOOP('',(#941));
#2474=EDGE_LOOP('',(#942));
#2475=EDGE_LOOP('',(#943,#944,#945,#946));
#2476=EDGE_LOOP('',(#947));
#2477=EDGE_LOOP('',(#948,#949,#950,#951));
#2478=EDGE_LOOP('',(#952,#953,#954,#955));
#2479=EDGE_LOOP('',(#956,#957,#958,#959));
#2480=EDGE_LOOP('',(#960,#961,#962,#963));
#2481=EDGE_LOOP('',(#964,#965,#966,#967));
#2482=EDGE_LOOP('',(#968,#969,#970,#971));
#2483=EDGE_LOOP('',(#972,#973,#974,#975));
#2484=EDGE_LOOP('',(#976,#977,#978,#979));
#2485=EDGE_LOOP('',(#980,#981,#982,#983));
#2486=EDGE_LOOP('',(#984,#985,#986,#987));
#2487=EDGE_LOOP('',(#988,#989,#990,#991));
#2488=EDGE_LOOP('',(#992,#993,#994,#995,#996,#997,#998,#999,#1000,#1001,
#1002,#1003,#1004,#1005));
#2489=EDGE_LOOP('',(#1006,#1007,#1008,#1009,#1010,#1011));
#2490=EDGE_LOOP('',(#1012));
#2491=EDGE_LOOP('',(#1013));
#2492=EDGE_LOOP('',(#1014,#1015,#1016,#1017,#1018,#1019));
#2493=EDGE_LOOP('',(#1020,#1021,#1022,#1023,#1024,#1025,#1026,#1027,#1028,
#1029,#1030,#1031,#1032,#1033));
#2494=EDGE_LOOP('',(#1034));
#2495=EDGE_LOOP('',(#1035,#1036,#1037,#1038));
#2496=EDGE_LOOP('',(#1039,#1040,#1041,#1042));
#2497=EDGE_LOOP('',(#1043));
#2498=EDGE_LOOP('',(#1044));
#2499=EDGE_LOOP('',(#1045,#1046,#1047,#1048));
#2500=EDGE_LOOP('',(#1049));
#2501=EDGE_LOOP('',(#1050,#1051,#1052,#1053));
#2502=EDGE_LOOP('',(#1054,#1055,#1056,#1057));
#2503=EDGE_LOOP('',(#1058,#1059,#1060,#1061));
#2504=EDGE_LOOP('',(#1062,#1063,#1064,#1065));
#2505=EDGE_LOOP('',(#1066,#1067,#1068,#1069));
#2506=EDGE_LOOP('',(#1070,#1071,#1072,#1073));
#2507=EDGE_LOOP('',(#1074,#1075,#1076,#1077));
#2508=EDGE_LOOP('',(#1078,#1079,#1080,#1081));
#2509=EDGE_LOOP('',(#1082,#1083,#1084,#1085));
#2510=EDGE_LOOP('',(#1086,#1087,#1088,#1089));
#2511=EDGE_LOOP('',(#1090,#1091,#1092,#1093));
#2512=EDGE_LOOP('',(#1094,#1095,#1096,#1097,#1098,#1099,#1100,#1101,#1102,
#1103,#1104,#1105,#1106,#1107));
#2513=EDGE_LOOP('',(#1108,#1109,#1110,#1111,#1112,#1113));
#2514=EDGE_LOOP('',(#1114));
#2515=EDGE_LOOP('',(#1115));
#2516=EDGE_LOOP('',(#1116,#1117,#1118,#1119,#1120,#1121));
#2517=EDGE_LOOP('',(#1122,#1123,#1124,#1125,#1126,#1127,#1128,#1129,#1130,
#1131,#1132,#1133,#1134,#1135));
#2518=EDGE_LOOP('',(#1136));
#2519=EDGE_LOOP('',(#1137,#1138,#1139,#1140));
#2520=EDGE_LOOP('',(#1141,#1142,#1143,#1144));
#2521=EDGE_LOOP('',(#1145));
#2522=EDGE_LOOP('',(#1146));
#2523=EDGE_LOOP('',(#1147,#1148,#1149,#1150));
#2524=EDGE_LOOP('',(#1151));
#2525=EDGE_LOOP('',(#1152,#1153,#1154,#1155));
#2526=EDGE_LOOP('',(#1156,#1157,#1158,#1159));
#2527=EDGE_LOOP('',(#1160,#1161,#1162,#1163));
#2528=EDGE_LOOP('',(#1164,#1165,#1166,#1167));
#2529=EDGE_LOOP('',(#1168,#1169,#1170,#1171));
#2530=EDGE_LOOP('',(#1172,#1173,#1174,#1175));
#2531=EDGE_LOOP('',(#1176,#1177,#1178,#1179));
#2532=EDGE_LOOP('',(#1180,#1181,#1182,#1183));
#2533=EDGE_LOOP('',(#1184,#1185,#1186,#1187));
#2534=EDGE_LOOP('',(#1188,#1189,#1190,#1191));
#2535=EDGE_LOOP('',(#1192,#1193,#1194,#1195));
#2536=EDGE_LOOP('',(#1196,#1197,#1198,#1199,#1200,#1201,#1202,#1203,#1204,
#1205,#1206,#1207,#1208,#1209));
#2537=EDGE_LOOP('',(#1210,#1211,#1212));
#2538=EDGE_LOOP('',(#1213,#1214,#1215));
#2539=EDGE_LOOP('',(#1216,#1217,#1218));
#2540=EDGE_LOOP('',(#1219,#1220,#1221));
#2541=EDGE_LOOP('',(#1222,#1223,#1224));
#2542=EDGE_LOOP('',(#1225));
#2543=EDGE_LOOP('',(#1226,#1227,#1228,#1229,#1230,#1231));
#2544=EDGE_LOOP('',(#1232));
#2545=EDGE_LOOP('',(#1233));
#2546=EDGE_LOOP('',(#1234));
#2547=EDGE_LOOP('',(#1235));
#2548=EDGE_LOOP('',(#1236));
#2549=EDGE_LOOP('',(#1237));
#2550=EDGE_LOOP('',(#1238));
#2551=EDGE_LOOP('',(#1239));
#2552=EDGE_LOOP('',(#1240));
#2553=EDGE_LOOP('',(#1241,#1242,#1243,#1244,#1245));
#2554=EDGE_LOOP('',(#1246,#1247,#1248,#1249,#1250));
#2555=EDGE_LOOP('',(#1251,#1252,#1253,#1254,#1255));
#2556=EDGE_LOOP('',(#1256,#1257,#1258,#1259,#1260));
#2557=EDGE_LOOP('',(#1261,#1262,#1263,#1264,#1265));
#2558=EDGE_LOOP('',(#1266,#1267,#1268,#1269,#1270));
#2559=EDGE_LOOP('',(#1271,#1272,#1273));
#2560=EDGE_LOOP('',(#1274,#1275,#1276,#1277,#1278,#1279));
#2561=EDGE_LOOP('',(#1280));
#2562=EDGE_LOOP('',(#1281));
#2563=EDGE_LOOP('',(#1282,#1283,#1284,#1285));
#2564=EDGE_LOOP('',(#1286,#1287,#1288,#1289));
#2565=EDGE_LOOP('',(#1290,#1291,#1292,#1293));
#2566=EDGE_LOOP('',(#1294,#1295,#1296,#1297));
#2567=EDGE_LOOP('',(#1298,#1299,#1300,#1301));
#2568=EDGE_LOOP('',(#1302,#1303,#1304,#1305));
#2569=EDGE_LOOP('',(#1306,#1307,#1308,#1309));
#2570=EDGE_LOOP('',(#1310,#1311,#1312,#1313));
#2571=EDGE_LOOP('',(#1314,#1315,#1316,#1317));
#2572=EDGE_LOOP('',(#1318,#1319,#1320,#1321));
#2573=EDGE_LOOP('',(#1322,#1323,#1324,#1325));
#2574=EDGE_LOOP('',(#1326,#1327,#1328,#1329));
#2575=EDGE_LOOP('',(#1330,#1331,#1332,#1333));
#2576=EDGE_LOOP('',(#1334,#1335,#1336,#1337));
#2577=EDGE_LOOP('',(#1338,#1339,#1340,#1341));
#2578=EDGE_LOOP('',(#1342,#1343,#1344,#1345));
#2579=EDGE_LOOP('',(#1346,#1347,#1348,#1349));
#2580=EDGE_LOOP('',(#1350,#1351,#1352,#1353));
#2581=EDGE_LOOP('',(#1354,#1355,#1356,#1357));
#2582=EDGE_LOOP('',(#1358,#1359,#1360,#1361));
#2583=EDGE_LOOP('',(#1362,#1363,#1364,#1365));
#2584=EDGE_LOOP('',(#1366,#1367,#1368,#1369));
#2585=EDGE_LOOP('',(#1370,#1371,#1372,#1373));
#2586=EDGE_LOOP('',(#1374,#1375,#1376,#1377));
#2587=EDGE_LOOP('',(#1378,#1379,#1380,#1381));
#2588=EDGE_LOOP('',(#1382,#1383,#1384,#1385));
#2589=EDGE_LOOP('',(#1386,#1387,#1388,#1389));
#2590=EDGE_LOOP('',(#1390,#1391,#1392,#1393));
#2591=EDGE_LOOP('',(#1394,#1395,#1396,#1397));
#2592=EDGE_LOOP('',(#1398,#1399,#1400,#1401));
#2593=EDGE_LOOP('',(#1402,#1403,#1404,#1405));
#2594=EDGE_LOOP('',(#1406,#1407,#1408,#1409));
#2595=EDGE_LOOP('',(#1410,#1411,#1412,#1413));
#2596=EDGE_LOOP('',(#1414,#1415,#1416,#1417));
#2597=EDGE_LOOP('',(#1418,#1419,#1420,#1421));
#2598=EDGE_LOOP('',(#1422,#1423,#1424,#1425));
#2599=EDGE_LOOP('',(#1426,#1427,#1428,#1429));
#2600=EDGE_LOOP('',(#1430,#1431,#1432,#1433));
#2601=EDGE_LOOP('',(#1434,#1435,#1436,#1437));
#2602=EDGE_LOOP('',(#1438,#1439,#1440,#1441));
#2603=EDGE_LOOP('',(#1442,#1443,#1444,#1445));
#2604=EDGE_LOOP('',(#1446,#1447,#1448,#1449));
#2605=EDGE_LOOP('',(#1450,#1451,#1452,#1453));
#2606=EDGE_LOOP('',(#1454,#1455,#1456,#1457));
#2607=EDGE_LOOP('',(#1458,#1459,#1460,#1461));
#2608=EDGE_LOOP('',(#1462,#1463,#1464,#1465));
#2609=EDGE_LOOP('',(#1466,#1467,#1468,#1469));
#2610=EDGE_LOOP('',(#1470,#1471,#1472,#1473));
#2611=EDGE_LOOP('',(#1474,#1475,#1476,#1477));
#2612=EDGE_LOOP('',(#1478,#1479,#1480,#1481));
#2613=EDGE_LOOP('',(#1482,#1483,#1484,#1485));
#2614=EDGE_LOOP('',(#1486,#1487,#1488,#1489));
#2615=EDGE_LOOP('',(#1490,#1491,#1492,#1493));
#2616=EDGE_LOOP('',(#1494,#1495,#1496,#1497));
#2617=EDGE_LOOP('',(#1498,#1499,#1500,#1501));
#2618=EDGE_LOOP('',(#1502,#1503,#1504,#1505));
#2619=EDGE_LOOP('',(#1506,#1507,#1508,#1509));
#2620=EDGE_LOOP('',(#1510,#1511,#1512,#1513));
#2621=EDGE_LOOP('',(#1514,#1515,#1516,#1517));
#2622=EDGE_LOOP('',(#1518,#1519,#1520,#1521));
#2623=EDGE_LOOP('',(#1522,#1523,#1524,#1525,#1526,#1527,#1528,#1529,#1530,
#1531,#1532,#1533,#1534,#1535,#1536,#1537,#1538,#1539,#1540,#1541,#1542,
#1543,#1544,#1545,#1546,#1547,#1548,#1549,#1550,#1551,#1552,#1553,#1554,
#1555,#1556,#1557,#1558,#1559,#1560,#1561,#1562,#1563,#1564,#1565,#1566,
#1567,#1568,#1569,#1570,#1571,#1572,#1573,#1574,#1575,#1576,#1577,#1578,
#1579,#1580,#1581));
#2624=EDGE_LOOP('',(#1582));
#2625=EDGE_LOOP('',(#1583,#1584,#1585,#1586,#1587,#1588,#1589,#1590,#1591,
#1592,#1593,#1594,#1595,#1596,#1597,#1598,#1599,#1600,#1601,#1602,#1603,
#1604,#1605,#1606,#1607,#1608,#1609,#1610,#1611,#1612,#1613,#1614,#1615,
#1616,#1617,#1618,#1619,#1620,#1621,#1622,#1623,#1624,#1625,#1626,#1627,
#1628,#1629,#1630,#1631,#1632,#1633,#1634,#1635,#1636,#1637,#1638,#1639,
#1640,#1641,#1642));
#2626=EDGE_LOOP('',(#1643));
#2627=EDGE_LOOP('',(#1644));
#2628=EDGE_LOOP('',(#1645));
#2629=EDGE_LOOP('',(#1646,#1647,#1648,#1649,#1650,#1651));
#2630=EDGE_LOOP('',(#1652));
#2631=EDGE_LOOP('',(#1653));
#2632=EDGE_LOOP('',(#1654,#1655,#1656,#1657,#1658,#1659));
#2633=EDGE_LOOP('',(#1660,#1661,#1662,#1663,#1664,#1665,#1666,#1667,#1668,
#1669,#1670,#1671,#1672,#1673));
#2634=EDGE_LOOP('',(#1674));
#2635=EDGE_LOOP('',(#1675,#1676,#1677,#1678));
#2636=EDGE_LOOP('',(#1679,#1680,#1681,#1682));
#2637=EDGE_LOOP('',(#1683));
#2638=EDGE_LOOP('',(#1684));
#2639=EDGE_LOOP('',(#1685,#1686,#1687,#1688));
#2640=EDGE_LOOP('',(#1689));
#2641=EDGE_LOOP('',(#1690,#1691,#1692,#1693));
#2642=EDGE_LOOP('',(#1694,#1695,#1696,#1697));
#2643=EDGE_LOOP('',(#1698,#1699,#1700,#1701));
#2644=EDGE_LOOP('',(#1702,#1703,#1704,#1705));
#2645=EDGE_LOOP('',(#1706,#1707,#1708,#1709));
#2646=EDGE_LOOP('',(#1710,#1711,#1712,#1713));
#2647=EDGE_LOOP('',(#1714,#1715,#1716,#1717));
#2648=EDGE_LOOP('',(#1718,#1719,#1720,#1721));
#2649=EDGE_LOOP('',(#1722,#1723,#1724,#1725));
#2650=EDGE_LOOP('',(#1726,#1727,#1728,#1729));
#2651=EDGE_LOOP('',(#1730,#1731,#1732,#1733));
#2652=EDGE_LOOP('',(#1734,#1735,#1736,#1737,#1738,#1739,#1740,#1741,#1742,
#1743,#1744,#1745,#1746,#1747));
#2653=FACE_BOUND('',#2465,.T.);
#2654=FACE_BOUND('',#2466,.T.);
#2655=FACE_BOUND('',#2467,.T.);
#2656=FACE_BOUND('',#2468,.T.);
#2657=FACE_BOUND('',#2469,.T.);
#2658=FACE_BOUND('',#2470,.T.);
#2659=FACE_BOUND('',#2471,.T.);
#2660=FACE_BOUND('',#2472,.T.);
#2661=FACE_BOUND('',#2473,.T.);
#2662=FACE_BOUND('',#2474,.T.);
#2663=FACE_BOUND('',#2475,.T.);
#2664=FACE_BOUND('',#2476,.T.);
#2665=FACE_BOUND('',#2477,.T.);
#2666=FACE_BOUND('',#2478,.T.);
#2667=FACE_BOUND('',#2479,.T.);
#2668=FACE_BOUND('',#2480,.T.);
#2669=FACE_BOUND('',#2481,.T.);
#2670=FACE_BOUND('',#2482,.T.);
#2671=FACE_BOUND('',#2483,.T.);
#2672=FACE_BOUND('',#2484,.T.);
#2673=FACE_BOUND('',#2485,.T.);
#2674=FACE_BOUND('',#2486,.T.);
#2675=FACE_BOUND('',#2487,.T.);
#2676=FACE_BOUND('',#2488,.T.);
#2677=FACE_BOUND('',#2489,.T.);
#2678=FACE_BOUND('',#2490,.T.);
#2679=FACE_BOUND('',#2491,.T.);
#2680=FACE_BOUND('',#2492,.T.);
#2681=FACE_BOUND('',#2493,.T.);
#2682=FACE_BOUND('',#2494,.T.);
#2683=FACE_BOUND('',#2495,.T.);
#2684=FACE_BOUND('',#2496,.T.);
#2685=FACE_BOUND('',#2497,.T.);
#2686=FACE_BOUND('',#2498,.T.);
#2687=FACE_BOUND('',#2499,.T.);
#2688=FACE_BOUND('',#2500,.T.);
#2689=FACE_BOUND('',#2501,.T.);
#2690=FACE_BOUND('',#2502,.T.);
#2691=FACE_BOUND('',#2503,.T.);
#2692=FACE_BOUND('',#2504,.T.);
#2693=FACE_BOUND('',#2505,.T.);
#2694=FACE_BOUND('',#2506,.T.);
#2695=FACE_BOUND('',#2507,.T.);
#2696=FACE_BOUND('',#2508,.T.);
#2697=FACE_BOUND('',#2509,.T.);
#2698=FACE_BOUND('',#2510,.T.);
#2699=FACE_BOUND('',#2511,.T.);
#2700=FACE_BOUND('',#2512,.T.);
#2701=FACE_BOUND('',#2513,.T.);
#2702=FACE_BOUND('',#2514,.T.);
#2703=FACE_BOUND('',#2515,.T.);
#2704=FACE_BOUND('',#2516,.T.);
#2705=FACE_BOUND('',#2517,.T.);
#2706=FACE_BOUND('',#2518,.T.);
#2707=FACE_BOUND('',#2519,.T.);
#2708=FACE_BOUND('',#2520,.T.);
#2709=FACE_BOUND('',#2521,.T.);
#2710=FACE_BOUND('',#2522,.T.);
#2711=FACE_BOUND('',#2523,.T.);
#2712=FACE_BOUND('',#2524,.T.);
#2713=FACE_BOUND('',#2525,.T.);
#2714=FACE_BOUND('',#2526,.T.);
#2715=FACE_BOUND('',#2527,.T.);
#2716=FACE_BOUND('',#2528,.T.);
#2717=FACE_BOUND('',#2529,.T.);
#2718=FACE_BOUND('',#2530,.T.);
#2719=FACE_BOUND('',#2531,.T.);
#2720=FACE_BOUND('',#2532,.T.);
#2721=FACE_BOUND('',#2533,.T.);
#2722=FACE_BOUND('',#2534,.T.);
#2723=FACE_BOUND('',#2535,.T.);
#2724=FACE_BOUND('',#2536,.T.);
#2725=FACE_BOUND('',#2537,.T.);
#2726=FACE_BOUND('',#2538,.T.);
#2727=FACE_BOUND('',#2539,.T.);
#2728=FACE_BOUND('',#2540,.T.);
#2729=FACE_BOUND('',#2541,.T.);
#2730=FACE_BOUND('',#2542,.T.);
#2731=FACE_BOUND('',#2543,.T.);
#2732=FACE_BOUND('',#2544,.T.);
#2733=FACE_BOUND('',#2545,.T.);
#2734=FACE_BOUND('',#2546,.T.);
#2735=FACE_BOUND('',#2547,.T.);
#2736=FACE_BOUND('',#2548,.T.);
#2737=FACE_BOUND('',#2549,.T.);
#2738=FACE_BOUND('',#2550,.T.);
#2739=FACE_BOUND('',#2551,.T.);
#2740=FACE_BOUND('',#2552,.T.);
#2741=FACE_BOUND('',#2553,.T.);
#2742=FACE_BOUND('',#2554,.T.);
#2743=FACE_BOUND('',#2555,.T.);
#2744=FACE_BOUND('',#2556,.T.);
#2745=FACE_BOUND('',#2557,.T.);
#2746=FACE_BOUND('',#2558,.T.);
#2747=FACE_BOUND('',#2559,.T.);
#2748=FACE_BOUND('',#12,.T.);
#2749=FACE_BOUND('',#2560,.T.);
#2750=FACE_BOUND('',#2561,.T.);
#2751=FACE_BOUND('',#2562,.T.);
#2752=FACE_BOUND('',#2563,.T.);
#2753=FACE_BOUND('',#2564,.T.);
#2754=FACE_BOUND('',#2565,.T.);
#2755=FACE_BOUND('',#2566,.T.);
#2756=FACE_BOUND('',#2567,.T.);
#2757=FACE_BOUND('',#2568,.T.);
#2758=FACE_BOUND('',#2569,.T.);
#2759=FACE_BOUND('',#2570,.T.);
#2760=FACE_BOUND('',#2571,.T.);
#2761=FACE_BOUND('',#2572,.T.);
#2762=FACE_BOUND('',#2573,.T.);
#2763=FACE_BOUND('',#2574,.T.);
#2764=FACE_BOUND('',#2575,.T.);
#2765=FACE_BOUND('',#2576,.T.);
#2766=FACE_BOUND('',#2577,.T.);
#2767=FACE_BOUND('',#2578,.T.);
#2768=FACE_BOUND('',#2579,.T.);
#2769=FACE_BOUND('',#2580,.T.);
#2770=FACE_BOUND('',#2581,.T.);
#2771=FACE_BOUND('',#2582,.T.);
#2772=FACE_BOUND('',#2583,.T.);
#2773=FACE_BOUND('',#2584,.T.);
#2774=FACE_BOUND('',#2585,.T.);
#2775=FACE_BOUND('',#2586,.T.);
#2776=FACE_BOUND('',#2587,.T.);
#2777=FACE_BOUND('',#2588,.T.);
#2778=FACE_BOUND('',#2589,.T.);
#2779=FACE_BOUND('',#2590,.T.);
#2780=FACE_BOUND('',#2591,.T.);
#2781=FACE_BOUND('',#2592,.T.);
#2782=FACE_BOUND('',#2593,.T.);
#2783=FACE_BOUND('',#2594,.T.);
#2784=FACE_BOUND('',#2595,.T.);
#2785=FACE_BOUND('',#2596,.T.);
#2786=FACE_BOUND('',#2597,.T.);
#2787=FACE_BOUND('',#2598,.T.);
#2788=FACE_BOUND('',#2599,.T.);
#2789=FACE_BOUND('',#2600,.T.);
#2790=FACE_BOUND('',#2601,.T.);
#2791=FACE_BOUND('',#2602,.T.);
#2792=FACE_BOUND('',#2603,.T.);
#2793=FACE_BOUND('',#2604,.T.);
#2794=FACE_BOUND('',#2605,.T.);
#2795=FACE_BOUND('',#2606,.T.);
#2796=FACE_BOUND('',#2607,.T.);
#2797=FACE_BOUND('',#2608,.T.);
#2798=FACE_BOUND('',#2609,.T.);
#2799=FACE_BOUND('',#2610,.T.);
#2800=FACE_BOUND('',#2611,.T.);
#2801=FACE_BOUND('',#2612,.T.);
#2802=FACE_BOUND('',#2613,.T.);
#2803=FACE_BOUND('',#2614,.T.);
#2804=FACE_BOUND('',#2615,.T.);
#2805=FACE_BOUND('',#2616,.T.);
#2806=FACE_BOUND('',#2617,.T.);
#2807=FACE_BOUND('',#2618,.T.);
#2808=FACE_BOUND('',#2619,.T.);
#2809=FACE_BOUND('',#2620,.T.);
#2810=FACE_BOUND('',#2621,.T.);
#2811=FACE_BOUND('',#2622,.T.);
#2812=FACE_BOUND('',#2623,.T.);
#2813=FACE_BOUND('',#2624,.T.);
#2814=FACE_BOUND('',#2625,.T.);
#2815=FACE_BOUND('',#2626,.T.);
#2816=FACE_BOUND('',#2627,.T.);
#2817=FACE_BOUND('',#2628,.T.);
#2818=FACE_BOUND('',#2629,.T.);
#2819=FACE_BOUND('',#2630,.T.);
#2820=FACE_BOUND('',#2631,.T.);
#2821=FACE_BOUND('',#2632,.T.);
#2822=FACE_BOUND('',#2633,.T.);
#2823=FACE_BOUND('',#2634,.T.);
#2824=FACE_BOUND('',#2635,.T.);
#2825=FACE_BOUND('',#2636,.T.);
#2826=FACE_BOUND('',#2637,.T.);
#2827=FACE_BOUND('',#2638,.T.);
#2828=FACE_BOUND('',#2639,.T.);
#2829=FACE_BOUND('',#2640,.T.);
#2830=FACE_BOUND('',#2641,.T.);
#2831=FACE_BOUND('',#2642,.T.);
#2832=FACE_BOUND('',#2643,.T.);
#2833=FACE_BOUND('',#2644,.T.);
#2834=FACE_BOUND('',#2645,.T.);
#2835=FACE_BOUND('',#2646,.T.);
#2836=FACE_BOUND('',#2647,.T.);
#2837=FACE_BOUND('',#2648,.T.);
#2838=FACE_BOUND('',#2649,.T.);
#2839=FACE_BOUND('',#2650,.T.);
#2840=FACE_BOUND('',#2651,.T.);
#2841=FACE_BOUND('',#2652,.T.);
#2842=CYLINDRICAL_SURFACE('',#3132,0.007);
#2843=CYLINDRICAL_SURFACE('',#3135,0.001543);
#2844=CYLINDRICAL_SURFACE('',#3138,0.007);
#2845=CYLINDRICAL_SURFACE('',#3156,0.0007);
#2846=CYLINDRICAL_SURFACE('',#3158,0.000699999999998782);
#2847=CYLINDRICAL_SURFACE('',#3161,0.00025);
#2848=CYLINDRICAL_SURFACE('',#3164,0.00025);
#2849=CYLINDRICAL_SURFACE('',#3166,0.00025);
#2850=CYLINDRICAL_SURFACE('',#3169,0.00025);
#2851=CYLINDRICAL_SURFACE('',#3174,0.007);
#2852=CYLINDRICAL_SURFACE('',#3177,0.001543);
#2853=CYLINDRICAL_SURFACE('',#3180,0.007);
#2854=CYLINDRICAL_SURFACE('',#3198,0.0007);
#2855=CYLINDRICAL_SURFACE('',#3200,0.000699999999998782);
#2856=CYLINDRICAL_SURFACE('',#3203,0.00025);
#2857=CYLINDRICAL_SURFACE('',#3206,0.00025);
#2858=CYLINDRICAL_SURFACE('',#3208,0.00025);
#2859=CYLINDRICAL_SURFACE('',#3211,0.00025);
#2860=CYLINDRICAL_SURFACE('',#3216,0.007);
#2861=CYLINDRICAL_SURFACE('',#3219,0.001543);
#2862=CYLINDRICAL_SURFACE('',#3222,0.007);
#2863=CYLINDRICAL_SURFACE('',#3240,0.0007);
#2864=CYLINDRICAL_SURFACE('',#3242,0.000699999999998782);
#2865=CYLINDRICAL_SURFACE('',#3245,0.00025);
#2866=CYLINDRICAL_SURFACE('',#3248,0.00025);
#2867=CYLINDRICAL_SURFACE('',#3250,0.00025);
#2868=CYLINDRICAL_SURFACE('',#3253,0.00025);
#2869=CYLINDRICAL_SURFACE('',#3273,0.0015);
#2870=CYLINDRICAL_SURFACE('',#3294,0.001);
#2871=CYLINDRICAL_SURFACE('',#3311,0.001);
#2872=CYLINDRICAL_SURFACE('',#3328,0.001);
#2873=CYLINDRICAL_SURFACE('',#3345,0.001);
#2874=CYLINDRICAL_SURFACE('',#3364,0.0021);
#2875=CYLINDRICAL_SURFACE('',#3368,0.007);
#2876=CYLINDRICAL_SURFACE('',#3371,0.001543);
#2877=CYLINDRICAL_SURFACE('',#3374,0.007);
#2878=CYLINDRICAL_SURFACE('',#3392,0.0007);
#2879=CYLINDRICAL_SURFACE('',#3394,0.000699999999998782);
#2880=CYLINDRICAL_SURFACE('',#3397,0.00025);
#2881=CYLINDRICAL_SURFACE('',#3400,0.00025);
#2882=CYLINDRICAL_SURFACE('',#3402,0.00025);
#2883=CYLINDRICAL_SURFACE('',#3405,0.00025);
#2884=ADVANCED_FACE('',(#2653),#2842,.T.);
#2885=ADVANCED_FACE('',(#2654,#2655),#2843,.F.);
#2886=ADVANCED_FACE('',(#2656),#2844,.T.);
#2887=ADVANCED_FACE('',(#2657),#73,.T.);
#2888=ADVANCED_FACE('',(#2658,#2659),#63,.F.);
#2889=ADVANCED_FACE('',(#2660),#74,.T.);
#2890=ADVANCED_FACE('',(#2661,#2662),#64,.F.);
#2891=ADVANCED_FACE('',(#2663,#2664),#75,.T.);
#2892=ADVANCED_FACE('',(#2665),#76,.T.);
#2893=ADVANCED_FACE('',(#2666),#2845,.T.);
#2894=ADVANCED_FACE('',(#2667),#2846,.T.);
#2895=ADVANCED_FACE('',(#2668),#77,.T.);
#2896=ADVANCED_FACE('',(#2669),#2847,.F.);
#2897=ADVANCED_FACE('',(#2670),#78,.T.);
#2898=ADVANCED_FACE('',(#2671),#2848,.T.);
#2899=ADVANCED_FACE('',(#2672),#2849,.T.);
#2900=ADVANCED_FACE('',(#2673),#79,.T.);
#2901=ADVANCED_FACE('',(#2674),#2850,.F.);
#2902=ADVANCED_FACE('',(#2675),#80,.T.);
#2903=ADVANCED_FACE('',(#2676),#81,.F.);
#2904=ADVANCED_FACE('',(#2677),#2851,.T.);
#2905=ADVANCED_FACE('',(#2678,#2679),#2852,.F.);
#2906=ADVANCED_FACE('',(#2680),#2853,.T.);
#2907=ADVANCED_FACE('',(#2681),#82,.T.);
#2908=ADVANCED_FACE('',(#2682,#2683),#65,.F.);
#2909=ADVANCED_FACE('',(#2684),#83,.T.);
#2910=ADVANCED_FACE('',(#2685,#2686),#66,.F.);
#2911=ADVANCED_FACE('',(#2687,#2688),#84,.T.);
#2912=ADVANCED_FACE('',(#2689),#85,.T.);
#2913=ADVANCED_FACE('',(#2690),#2854,.T.);
#2914=ADVANCED_FACE('',(#2691),#2855,.T.);
#2915=ADVANCED_FACE('',(#2692),#86,.T.);
#2916=ADVANCED_FACE('',(#2693),#2856,.F.);
#2917=ADVANCED_FACE('',(#2694),#87,.T.);
#2918=ADVANCED_FACE('',(#2695),#2857,.T.);
#2919=ADVANCED_FACE('',(#2696),#2858,.T.);
#2920=ADVANCED_FACE('',(#2697),#88,.T.);
#2921=ADVANCED_FACE('',(#2698),#2859,.F.);
#2922=ADVANCED_FACE('',(#2699),#89,.T.);
#2923=ADVANCED_FACE('',(#2700),#90,.F.);
#2924=ADVANCED_FACE('',(#2701),#2860,.T.);
#2925=ADVANCED_FACE('',(#2702,#2703),#2861,.F.);
#2926=ADVANCED_FACE('',(#2704),#2862,.T.);
#2927=ADVANCED_FACE('',(#2705),#91,.T.);
#2928=ADVANCED_FACE('',(#2706,#2707),#67,.F.);
#2929=ADVANCED_FACE('',(#2708),#92,.T.);
#2930=ADVANCED_FACE('',(#2709,#2710),#68,.F.);
#2931=ADVANCED_FACE('',(#2711,#2712),#93,.T.);
#2932=ADVANCED_FACE('',(#2713),#94,.T.);
#2933=ADVANCED_FACE('',(#2714),#2863,.T.);
#2934=ADVANCED_FACE('',(#2715),#2864,.T.);
#2935=ADVANCED_FACE('',(#2716),#95,.T.);
#2936=ADVANCED_FACE('',(#2717),#2865,.F.);
#2937=ADVANCED_FACE('',(#2718),#96,.T.);
#2938=ADVANCED_FACE('',(#2719),#2866,.T.);
#2939=ADVANCED_FACE('',(#2720),#2867,.T.);
#2940=ADVANCED_FACE('',(#2721),#97,.T.);
#2941=ADVANCED_FACE('',(#2722),#2868,.F.);
#2942=ADVANCED_FACE('',(#2723),#98,.T.);
#2943=ADVANCED_FACE('',(#2724),#99,.F.);
#2944=ADVANCED_FACE('',(#2725),#100,.T.);
#2945=ADVANCED_FACE('',(#2726),#101,.T.);
#2946=ADVANCED_FACE('',(#2727),#102,.T.);
#2947=ADVANCED_FACE('',(#2728),#103,.T.);
#2948=ADVANCED_FACE('',(#2729),#104,.T.);
#2949=ADVANCED_FACE('',(#2730,#2731),#105,.F.);
#2950=ADVANCED_FACE('',(#2732,#2733),#14,.F.);
#2951=ADVANCED_FACE('',(#2734,#2735),#2869,.T.);
#2952=ADVANCED_FACE('',(#2736),#106,.F.);
#2953=ADVANCED_FACE('',(#2737,#2738),#13,.T.);
#2954=ADVANCED_FACE('',(#2739,#2740),#107,.T.);
#2955=ADVANCED_FACE('',(#2741),#108,.T.);
#2956=ADVANCED_FACE('',(#2742),#109,.T.);
#2957=ADVANCED_FACE('',(#2743),#110,.T.);
#2958=ADVANCED_FACE('',(#2744),#111,.T.);
#2959=ADVANCED_FACE('',(#2745),#112,.T.);
#2960=ADVANCED_FACE('',(#2746),#113,.T.);
#2961=ADVANCED_FACE('',(#2747),#114,.T.);
#2962=ADVANCED_FACE('',(#2748,#2749),#69,.F.);
#2963=ADVANCED_FACE('',(#2750,#2751),#70,.T.);
#2964=ADVANCED_FACE('',(#2752),#115,.T.);
#2965=ADVANCED_FACE('',(#2753),#116,.T.);
#2966=ADVANCED_FACE('',(#2754),#2870,.T.);
#2967=ADVANCED_FACE('',(#2755),#117,.T.);
#2968=ADVANCED_FACE('',(#2756),#118,.T.);
#2969=ADVANCED_FACE('',(#2757),#119,.T.);
#2970=ADVANCED_FACE('',(#2758),#120,.T.);
#2971=ADVANCED_FACE('',(#2759),#121,.T.);
#2972=ADVANCED_FACE('',(#2760),#122,.T.);
#2973=ADVANCED_FACE('',(#2761),#123,.T.);
#2974=ADVANCED_FACE('',(#2762),#124,.T.);
#2975=ADVANCED_FACE('',(#2763),#125,.T.);
#2976=ADVANCED_FACE('',(#2764),#126,.T.);
#2977=ADVANCED_FACE('',(#2765),#127,.T.);
#2978=ADVANCED_FACE('',(#2766),#128,.T.);
#2979=ADVANCED_FACE('',(#2767),#129,.T.);
#2980=ADVANCED_FACE('',(#2768),#130,.T.);
#2981=ADVANCED_FACE('',(#2769),#2871,.T.);
#2982=ADVANCED_FACE('',(#2770),#131,.T.);
#2983=ADVANCED_FACE('',(#2771),#132,.T.);
#2984=ADVANCED_FACE('',(#2772),#133,.T.);
#2985=ADVANCED_FACE('',(#2773),#134,.T.);
#2986=ADVANCED_FACE('',(#2774),#135,.T.);
#2987=ADVANCED_FACE('',(#2775),#136,.T.);
#2988=ADVANCED_FACE('',(#2776),#137,.T.);
#2989=ADVANCED_FACE('',(#2777),#138,.T.);
#2990=ADVANCED_FACE('',(#2778),#139,.T.);
#2991=ADVANCED_FACE('',(#2779),#140,.T.);
#2992=ADVANCED_FACE('',(#2780),#141,.T.);
#2993=ADVANCED_FACE('',(#2781),#142,.T.);
#2994=ADVANCED_FACE('',(#2782),#143,.T.);
#2995=ADVANCED_FACE('',(#2783),#144,.T.);
#2996=ADVANCED_FACE('',(#2784),#2872,.T.);
#2997=ADVANCED_FACE('',(#2785),#145,.T.);
#2998=ADVANCED_FACE('',(#2786),#146,.T.);
#2999=ADVANCED_FACE('',(#2787),#147,.T.);
#3000=ADVANCED_FACE('',(#2788),#148,.T.);
#3001=ADVANCED_FACE('',(#2789),#149,.T.);
#3002=ADVANCED_FACE('',(#2790),#150,.T.);
#3003=ADVANCED_FACE('',(#2791),#151,.T.);
#3004=ADVANCED_FACE('',(#2792),#152,.T.);
#3005=ADVANCED_FACE('',(#2793),#153,.T.);
#3006=ADVANCED_FACE('',(#2794),#154,.T.);
#3007=ADVANCED_FACE('',(#2795),#155,.T.);
#3008=ADVANCED_FACE('',(#2796),#156,.T.);
#3009=ADVANCED_FACE('',(#2797),#157,.T.);
#3010=ADVANCED_FACE('',(#2798),#158,.T.);
#3011=ADVANCED_FACE('',(#2799),#2873,.T.);
#3012=ADVANCED_FACE('',(#2800),#159,.T.);
#3013=ADVANCED_FACE('',(#2801),#160,.T.);
#3014=ADVANCED_FACE('',(#2802),#161,.T.);
#3015=ADVANCED_FACE('',(#2803),#162,.T.);
#3016=ADVANCED_FACE('',(#2804),#163,.T.);
#3017=ADVANCED_FACE('',(#2805),#164,.T.);
#3018=ADVANCED_FACE('',(#2806),#165,.T.);
#3019=ADVANCED_FACE('',(#2807),#166,.T.);
#3020=ADVANCED_FACE('',(#2808),#167,.T.);
#3021=ADVANCED_FACE('',(#2809),#168,.T.);
#3022=ADVANCED_FACE('',(#2810),#169,.T.);
#3023=ADVANCED_FACE('',(#2811),#170,.T.);
#3024=ADVANCED_FACE('',(#2812,#2813),#171,.T.);
#3025=ADVANCED_FACE('',(#2814,#2815),#172,.F.);
#3026=ADVANCED_FACE('',(#2816,#2817),#2874,.F.);
#3027=ADVANCED_FACE('',(#2818),#2875,.T.);
#3028=ADVANCED_FACE('',(#2819,#2820),#2876,.F.);
#3029=ADVANCED_FACE('',(#2821),#2877,.T.);
#3030=ADVANCED_FACE('',(#2822),#173,.T.);
#3031=ADVANCED_FACE('',(#2823,#2824),#71,.F.);
#3032=ADVANCED_FACE('',(#2825),#174,.T.);
#3033=ADVANCED_FACE('',(#2826,#2827),#72,.F.);
#3034=ADVANCED_FACE('',(#2828,#2829),#175,.T.);
#3035=ADVANCED_FACE('',(#2830),#176,.T.);
#3036=ADVANCED_FACE('',(#2831),#2878,.T.);
#3037=ADVANCED_FACE('',(#2832),#2879,.T.);
#3038=ADVANCED_FACE('',(#2833),#177,.T.);
#3039=ADVANCED_FACE('',(#2834),#2880,.F.);
#3040=ADVANCED_FACE('',(#2835),#178,.T.);
#3041=ADVANCED_FACE('',(#2836),#2881,.T.);
#3042=ADVANCED_FACE('',(#2837),#2882,.T.);
#3043=ADVANCED_FACE('',(#2838),#179,.T.);
#3044=ADVANCED_FACE('',(#2839),#2883,.F.);
#3045=ADVANCED_FACE('',(#2840),#180,.T.);
#3046=ADVANCED_FACE('',(#2841),#181,.F.);
#3047=CLOSED_SHELL('',(#2884,#2885,#2886,#2887,#2888,#2889,#2890,#2891,
#2892,#2893,#2894,#2895,#2896,#2897,#2898,#2899,#2900,#2901,#2902,#2903));
#3048=CLOSED_SHELL('',(#2904,#2905,#2906,#2907,#2908,#2909,#2910,#2911,
#2912,#2913,#2914,#2915,#2916,#2917,#2918,#2919,#2920,#2921,#2922,#2923));
#3049=CLOSED_SHELL('',(#2924,#2925,#2926,#2927,#2928,#2929,#2930,#2931,
#2932,#2933,#2934,#2935,#2936,#2937,#2938,#2939,#2940,#2941,#2942,#2943));
#3050=CLOSED_SHELL('',(#2944,#2945,#2946,#2947,#2948,#2949,#2950,#2951,
#2952,#2953,#2954,#2955,#2956,#2957,#2958,#2959,#2960,#2961,#2962,#2963));
#3051=CLOSED_SHELL('',(#2964,#2965,#2966,#2967,#2968,#2969,#2970,#2971,
#2972,#2973,#2974,#2975,#2976,#2977,#2978,#2979,#2980,#2981,#2982,#2983,
#2984,#2985,#2986,#2987,#2988,#2989,#2990,#2991,#2992,#2993,#2994,#2995,
#2996,#2997,#2998,#2999,#3000,#3001,#3002,#3003,#3004,#3005,#3006,#3007,
#3008,#3009,#3010,#3011,#3012,#3013,#3014,#3015,#3016,#3017,#3018,#3019,
#3020,#3021,#3022,#3023,#3024,#3025,#3026));
#3052=CLOSED_SHELL('',(#3027,#3028,#3029,#3030,#3031,#3032,#3033,#3034,
#3035,#3036,#3037,#3038,#3039,#3040,#3041,#3042,#3043,#3044,#3045,#3046));
#3053=STYLED_ITEM('',(#3059),#3111);
#3054=STYLED_ITEM('',(#3060),#3112);
#3055=STYLED_ITEM('',(#3061),#3113);
#3056=STYLED_ITEM('',(#3062),#3114);
#3057=STYLED_ITEM('',(#3063),#3115);
#3058=STYLED_ITEM('',(#3066),#3116);
#3059=PRESENTATION_STYLE_ASSIGNMENT((#3067));
#3060=PRESENTATION_STYLE_ASSIGNMENT((#3068));
#3061=PRESENTATION_STYLE_ASSIGNMENT((#3069));
#3062=PRESENTATION_STYLE_ASSIGNMENT((#3070));
#3063=PRESENTATION_STYLE_ASSIGNMENT((#3071));
#3064=PRESENTATION_STYLE_ASSIGNMENT((#3072));
#3065=PRESENTATION_STYLE_ASSIGNMENT((#3073));
#3066=PRESENTATION_STYLE_ASSIGNMENT((#3074));
#3067=SURFACE_STYLE_USAGE(.BOTH.,#3075);
#3068=SURFACE_STYLE_USAGE(.BOTH.,#3076);
#3069=SURFACE_STYLE_USAGE(.BOTH.,#3077);
#3070=SURFACE_STYLE_USAGE(.BOTH.,#3078);
#3071=SURFACE_STYLE_USAGE(.BOTH.,#3079);
#3072=SURFACE_STYLE_USAGE(.BOTH.,#3080);
#3073=SURFACE_STYLE_USAGE(.BOTH.,#3081);
#3074=SURFACE_STYLE_USAGE(.BOTH.,#3082);
#3075=SURFACE_SIDE_STYLE('',(#3083));
#3076=SURFACE_SIDE_STYLE('',(#3084));
#3077=SURFACE_SIDE_STYLE('',(#3085));
#3078=SURFACE_SIDE_STYLE('',(#3086));
#3079=SURFACE_SIDE_STYLE('',(#3087));
#3080=SURFACE_SIDE_STYLE('',(#3088));
#3081=SURFACE_SIDE_STYLE('',(#3089));
#3082=SURFACE_SIDE_STYLE('',(#3090));
#3083=SURFACE_STYLE_FILL_AREA(#3091);
#3084=SURFACE_STYLE_FILL_AREA(#3092);
#3085=SURFACE_STYLE_FILL_AREA(#3093);
#3086=SURFACE_STYLE_FILL_AREA(#3094);
#3087=SURFACE_STYLE_FILL_AREA(#3095);
#3088=SURFACE_STYLE_FILL_AREA(#3096);
#3089=SURFACE_STYLE_FILL_AREA(#3097);
#3090=SURFACE_STYLE_FILL_AREA(#3098);
#3091=FILL_AREA_STYLE('',(#3099));
#3092=FILL_AREA_STYLE('',(#3100));
#3093=FILL_AREA_STYLE('',(#3101));
#3094=FILL_AREA_STYLE('',(#3102));
#3095=FILL_AREA_STYLE('',(#3103));
#3096=FILL_AREA_STYLE('',(#3104));
#3097=FILL_AREA_STYLE('',(#3105));
#3098=FILL_AREA_STYLE('',(#3106));
#3099=FILL_AREA_STYLE_COLOUR('',#3107);
#3100=FILL_AREA_STYLE_COLOUR('',#3107);
#3101=FILL_AREA_STYLE_COLOUR('',#3107);
#3102=FILL_AREA_STYLE_COLOUR('',#3108);
#3103=FILL_AREA_STYLE_COLOUR('',#3109);
#3104=FILL_AREA_STYLE_COLOUR('',#3110);
#3105=FILL_AREA_STYLE_COLOUR('',#3110);
#3106=FILL_AREA_STYLE_COLOUR('',#3107);
#3107=COLOUR_RGB('',0.627450980392157,0.627450980392157,0.627450980392157);
#3108=COLOUR_RGB('',0.603921568627451,0.647058823529412,0.686274509803922);
#3109=COLOUR_RGB('',0.196078431372549,0.196078431372549,0.196078431372549);
#3110=COLOUR_RGB('',0.96078431372549,0.96078431372549,0.964705882352941);
#3111=MANIFOLD_SOLID_BREP('M3 2020 drop-in T-nut_3',#3047);
#3112=MANIFOLD_SOLID_BREP('M3 2020 drop-in T-nut_2',#3048);
#3113=MANIFOLD_SOLID_BREP('M3 2020 drop-in T-nut_2',#3049);
#3114=MANIFOLD_SOLID_BREP('Socket button head screw M3x0.5 x 8',#3050);
#3115=MANIFOLD_SOLID_BREP('_HFSB5-2020-300',#3051);
#3116=MANIFOLD_SOLID_BREP('M3 2020 drop-in T-nut_3',#3052);
#3117=SHAPE_DEFINITION_REPRESENTATION(#5208,#3124);
#3118=SHAPE_DEFINITION_REPRESENTATION(#5209,#3125);
#3119=SHAPE_DEFINITION_REPRESENTATION(#5211,#3126);
#3120=SHAPE_DEFINITION_REPRESENTATION(#5213,#3127);
#3121=SHAPE_DEFINITION_REPRESENTATION(#5215,#3128);
#3122=SHAPE_DEFINITION_REPRESENTATION(#5218,#3129);
#3123=SHAPE_DEFINITION_REPRESENTATION(#5222,#3130);
#3124=SHAPE_REPRESENTATION('Assembly 1',(#3131,#3173,#3215,#3257,#3290,
#3291,#3365,#3366,#3367,#3409),#5191);
#3125=SHAPE_REPRESENTATION('M3 2020 drop-in T-nut_3',(#3131),#5192);
#3126=SHAPE_REPRESENTATION('M3 2020 drop-in T-nut_2',(#3131),#5193);
#3127=SHAPE_REPRESENTATION('M3 2020 drop-in T-nut_2',(#3131),#5194);
#3128=SHAPE_REPRESENTATION('Socket button head screw M3x0.5 x 8',(#3131),
#5195);
#3129=SHAPE_REPRESENTATION('_HFSB5-2020-300',(#3131),#5196);
#3130=SHAPE_REPRESENTATION('M3 2020 drop-in T-nut_3',(#3131),#5197);
#3131=AXIS2_PLACEMENT_3D('',#4276,#3410,#3411);
#3132=AXIS2_PLACEMENT_3D('',#4277,#3412,#3413);
#3133=AXIS2_PLACEMENT_3D('',#4287,#3415,#3416);
#3134=AXIS2_PLACEMENT_3D('',#4291,#3418,#3419);
#3135=AXIS2_PLACEMENT_3D('',#4294,#3421,#3422);
#3136=AXIS2_PLACEMENT_3D('',#4295,#3423,#3424);
#3137=AXIS2_PLACEMENT_3D('',#4297,#3425,#3426);
#3138=AXIS2_PLACEMENT_3D('',#4299,#3427,#3428);
#3139=AXIS2_PLACEMENT_3D('',#4309,#3430,#3431);
#3140=AXIS2_PLACEMENT_3D('',#4313,#3433,#3434);
#3141=AXIS2_PLACEMENT_3D('',#4316,#3436,#3437);
#3142=AXIS2_PLACEMENT_3D('',#4320,#3439,#3440);
#3143=AXIS2_PLACEMENT_3D('',#4322,#3442,#3443);
#3144=AXIS2_PLACEMENT_3D('',#4326,#3445,#3446);
#3145=AXIS2_PLACEMENT_3D('',#4330,#3448,#3449);
#3146=AXIS2_PLACEMENT_3D('',#4334,#3451,#3452);
#3147=AXIS2_PLACEMENT_3D('',#4338,#3454,#3455);
#3148=AXIS2_PLACEMENT_3D('',#4339,#3456,#3457);
#3149=AXIS2_PLACEMENT_3D('',#4340,#3458,#3459);
#3150=AXIS2_PLACEMENT_3D('',#4341,#3460,#3461);
#3151=AXIS2_PLACEMENT_3D('',#4342,#3462,#3463);
#3152=AXIS2_PLACEMENT_3D('',#4344,#3465,#3466);
#3153=AXIS2_PLACEMENT_3D('',#4345,#3467,#3468);
#3154=AXIS2_PLACEMENT_3D('',#4347,#3469,#3470);
#3155=AXIS2_PLACEMENT_3D('',#4353,#3474,#3475);
#3156=AXIS2_PLACEMENT_3D('',#4354,#3476,#3477);
#3157=AXIS2_PLACEMENT_3D('',#4357,#3479,#3480);
#3158=AXIS2_PLACEMENT_3D('',#4358,#3481,#3482);
#3159=AXIS2_PLACEMENT_3D('',#4359,#3483,#3484);
#3160=AXIS2_PLACEMENT_3D('',#4362,#3486,#3487);
#3161=AXIS2_PLACEMENT_3D('',#4366,#3490,#3491);
#3162=AXIS2_PLACEMENT_3D('',#4367,#3492,#3493);
#3163=AXIS2_PLACEMENT_3D('',#4370,#3495,#3496);
#3164=AXIS2_PLACEMENT_3D('',#4374,#3499,#3500);
#3165=AXIS2_PLACEMENT_3D('',#4375,#3501,#3502);
#3166=AXIS2_PLACEMENT_3D('',#4376,#3503,#3504);
#3167=AXIS2_PLACEMENT_3D('',#4377,#3505,#3506);
#3168=AXIS2_PLACEMENT_3D('',#4380,#3508,#3509);
#3169=AXIS2_PLACEMENT_3D('',#4384,#3512,#3513);
#3170=AXIS2_PLACEMENT_3D('',#4385,#3514,#3515);
#3171=AXIS2_PLACEMENT_3D('',#4388,#3517,#3518);
#3172=AXIS2_PLACEMENT_3D('',#4390,#3520,#3521);
#3173=AXIS2_PLACEMENT_3D('',#4391,#3522,#3523);
#3174=AXIS2_PLACEMENT_3D('',#4392,#3524,#3525);
#3175=AXIS2_PLACEMENT_3D('',#4402,#3527,#3528);
#3176=AXIS2_PLACEMENT_3D('',#4406,#3530,#3531);
#3177=AXIS2_PLACEMENT_3D('',#4409,#3533,#3534);
#3178=AXIS2_PLACEMENT_3D('',#4410,#3535,#3536);
#3179=AXIS2_PLACEMENT_3D('',#4412,#3537,#3538);
#3180=AXIS2_PLACEMENT_3D('',#4414,#3539,#3540);
#3181=AXIS2_PLACEMENT_3D('',#4424,#3542,#3543);
#3182=AXIS2_PLACEMENT_3D('',#4428,#3545,#3546);
#3183=AXIS2_PLACEMENT_3D('',#4431,#3548,#3549);
#3184=AXIS2_PLACEMENT_3D('',#4435,#3551,#3552);
#3185=AXIS2_PLACEMENT_3D('',#4437,#3554,#3555);
#3186=AXIS2_PLACEMENT_3D('',#4441,#3557,#3558);
#3187=AXIS2_PLACEMENT_3D('',#4445,#3560,#3561);
#3188=AXIS2_PLACEMENT_3D('',#4449,#3563,#3564);
#3189=AXIS2_PLACEMENT_3D('',#4453,#3566,#3567);
#3190=AXIS2_PLACEMENT_3D('',#4454,#3568,#3569);
#3191=AXIS2_PLACEMENT_3D('',#4455,#3570,#3571);
#3192=AXIS2_PLACEMENT_3D('',#4456,#3572,#3573);
#3193=AXIS2_PLACEMENT_3D('',#4457,#3574,#3575);
#3194=AXIS2_PLACEMENT_3D('',#4459,#3577,#3578);
#3195=AXIS2_PLACEMENT_3D('',#4460,#3579,#3580);
#3196=AXIS2_PLACEMENT_3D('',#4462,#3581,#3582);
#3197=AXIS2_PLACEMENT_3D('',#4468,#3586,#3587);
#3198=AXIS2_PLACEMENT_3D('',#4469,#3588,#3589);
#3199=AXIS2_PLACEMENT_3D('',#4472,#3591,#3592);
#3200=AXIS2_PLACEMENT_3D('',#4473,#3593,#3594);
#3201=AXIS2_PLACEMENT_3D('',#4474,#3595,#3596);
#3202=AXIS2_PLACEMENT_3D('',#4477,#3598,#3599);
#3203=AXIS2_PLACEMENT_3D('',#4481,#3602,#3603);
#3204=AXIS2_PLACEMENT_3D('',#4482,#3604,#3605);
#3205=AXIS2_PLACEMENT_3D('',#4485,#3607,#3608);
#3206=AXIS2_PLACEMENT_3D('',#4489,#3611,#3612);
#3207=AXIS2_PLACEMENT_3D('',#4490,#3613,#3614);
#3208=AXIS2_PLACEMENT_3D('',#4491,#3615,#3616);
#3209=AXIS2_PLACEMENT_3D('',#4492,#3617,#3618);
#3210=AXIS2_PLACEMENT_3D('',#4495,#3620,#3621);
#3211=AXIS2_PLACEMENT_3D('',#4499,#3624,#3625);
#3212=AXIS2_PLACEMENT_3D('',#4500,#3626,#3627);
#3213=AXIS2_PLACEMENT_3D('',#4503,#3629,#3630);
#3214=AXIS2_PLACEMENT_3D('',#4505,#3632,#3633);
#3215=AXIS2_PLACEMENT_3D('',#4506,#3634,#3635);
#3216=AXIS2_PLACEMENT_3D('',#4507,#3636,#3637);
#3217=AXIS2_PLACEMENT_3D('',#4517,#3639,#3640);
#3218=AXIS2_PLACEMENT_3D('',#4521,#3642,#3643);
#3219=AXIS2_PLACEMENT_3D('',#4524,#3645,#3646);
#3220=AXIS2_PLACEMENT_3D('',#4525,#3647,#3648);
#3221=AXIS2_PLACEMENT_3D('',#4527,#3649,#3650);
#3222=AXIS2_PLACEMENT_3D('',#4529,#3651,#3652);
#3223=AXIS2_PLACEMENT_3D('',#4539,#3654,#3655);
#3224=AXIS2_PLACEMENT_3D('',#4543,#3657,#3658);
#3225=AXIS2_PLACEMENT_3D('',#4546,#3660,#3661);
#3226=AXIS2_PLACEMENT_3D('',#4550,#3663,#3664);
#3227=AXIS2_PLACEMENT_3D('',#4552,#3666,#3667);
#3228=AXIS2_PLACEMENT_3D('',#4556,#3669,#3670);
#3229=AXIS2_PLACEMENT_3D('',#4560,#3672,#3673);
#3230=AXIS2_PLACEMENT_3D('',#4564,#3675,#3676);
#3231=AXIS2_PLACEMENT_3D('',#4568,#3678,#3679);
#3232=AXIS2_PLACEMENT_3D('',#4569,#3680,#3681);
#3233=AXIS2_PLACEMENT_3D('',#4570,#3682,#3683);
#3234=AXIS2_PLACEMENT_3D('',#4571,#3684,#3685);
#3235=AXIS2_PLACEMENT_3D('',#4572,#3686,#3687);
#3236=AXIS2_PLACEMENT_3D('',#4574,#3689,#3690);
#3237=AXIS2_PLACEMENT_3D('',#4575,#3691,#3692);
#3238=AXIS2_PLACEMENT_3D('',#4577,#3693,#3694);
#3239=AXIS2_PLACEMENT_3D('',#4583,#3698,#3699);
#3240=AXIS2_PLACEMENT_3D('',#4584,#3700,#3701);
#3241=AXIS2_PLACEMENT_3D('',#4587,#3703,#3704);
#3242=AXIS2_PLACEMENT_3D('',#4588,#3705,#3706);
#3243=AXIS2_PLACEMENT_3D('',#4589,#3707,#3708);
#3244=AXIS2_PLACEMENT_3D('',#4592,#3710,#3711);
#3245=AXIS2_PLACEMENT_3D('',#4596,#3714,#3715);
#3246=AXIS2_PLACEMENT_3D('',#4597,#3716,#3717);
#3247=AXIS2_PLACEMENT_3D('',#4600,#3719,#3720);
#3248=AXIS2_PLACEMENT_3D('',#4604,#3723,#3724);
#3249=AXIS2_PLACEMENT_3D('',#4605,#3725,#3726);
#3250=AXIS2_PLACEMENT_3D('',#4606,#3727,#3728);
#3251=AXIS2_PLACEMENT_3D('',#4607,#3729,#3730);
#3252=AXIS2_PLACEMENT_3D('',#4610,#3732,#3733);
#3253=AXIS2_PLACEMENT_3D('',#4614,#3736,#3737);
#3254=AXIS2_PLACEMENT_3D('',#4615,#3738,#3739);
#3255=AXIS2_PLACEMENT_3D('',#4618,#3741,#3742);
#3256=AXIS2_PLACEMENT_3D('',#4620,#3744,#3745);
#3257=AXIS2_PLACEMENT_3D('',#4621,#3746,#3747);
#3258=AXIS2_PLACEMENT_3D('',#4622,#3748,#3749);
#3259=AXIS2_PLACEMENT_3D('',#4623,#3750,#3751);
#3260=AXIS2_PLACEMENT_3D('',#4629,#3754,#3755);
#3261=AXIS2_PLACEMENT_3D('',#4630,#3756,#3757);
#3262=AXIS2_PLACEMENT_3D('',#4635,#3760,#3761);
#3263=AXIS2_PLACEMENT_3D('',#4636,#3762,#3763);
#3264=AXIS2_PLACEMENT_3D('',#4641,#3766,#3767);
#3265=AXIS2_PLACEMENT_3D('',#4642,#3768,#3769);
#3266=AXIS2_PLACEMENT_3D('',#4647,#3772,#3773);
#3267=AXIS2_PLACEMENT_3D('',#4648,#3774,#3775);
#3268=AXIS2_PLACEMENT_3D('',#4653,#3778,#3779);
#3269=AXIS2_PLACEMENT_3D('',#4654,#3780,#3781);
#3270=AXIS2_PLACEMENT_3D('',#4668,#3788,#3789);
#3271=AXIS2_PLACEMENT_3D('',#4669,#3790,#3791);
#3272=AXIS2_PLACEMENT_3D('',#4671,#3792,#3793);
#3273=AXIS2_PLACEMENT_3D('',#4673,#3794,#3795);
#3274=AXIS2_PLACEMENT_3D('',#4674,#3796,#3797);
#3275=AXIS2_PLACEMENT_3D('',#4676,#3798,#3799);
#3276=AXIS2_PLACEMENT_3D('',#4677,#3800,#3801);
#3277=AXIS2_PLACEMENT_3D('',#4679,#3802,#3803);
#3278=AXIS2_PLACEMENT_3D('',#4680,#3804,#3805);
#3279=AXIS2_PLACEMENT_3D('',#4682,#3806,#3807);
#3280=AXIS2_PLACEMENT_3D('',#4683,#3808,#3809);
#3281=AXIS2_PLACEMENT_3D('',#4686,#3812,#3813);
#3282=AXIS2_PLACEMENT_3D('',#4688,#3815,#3816);
#3283=AXIS2_PLACEMENT_3D('',#4690,#3818,#3819);
#3284=AXIS2_PLACEMENT_3D('',#4692,#3821,#3822);
#3285=AXIS2_PLACEMENT_3D('',#4696,#3825,#3826);
#3286=AXIS2_PLACEMENT_3D('',#4698,#3828,#3829);
#3287=AXIS2_PLACEMENT_3D('',#4699,#3830,#3831);
#3288=AXIS2_PLACEMENT_3D('',#4700,#3832,#3833);
#3289=AXIS2_PLACEMENT_3D('',#4702,#3834,#3835);
#3290=AXIS2_PLACEMENT_3D('',#4703,#3836,#3837);
#3291=AXIS2_PLACEMENT_3D('',#4704,#3838,#3839);
#3292=AXIS2_PLACEMENT_3D('',#4705,#3840,#3841);
#3293=AXIS2_PLACEMENT_3D('',#4714,#3846,#3847);
#3294=AXIS2_PLACEMENT_3D('',#4720,#3851,#3852);
#3295=AXIS2_PLACEMENT_3D('',#4721,#3853,#3854);
#3296=AXIS2_PLACEMENT_3D('',#4725,#3856,#3857);
#3297=AXIS2_PLACEMENT_3D('',#4726,#3858,#3859);
#3298=AXIS2_PLACEMENT_3D('',#4735,#3864,#3865);
#3299=AXIS2_PLACEMENT_3D('',#4738,#3868,#3869);
#3300=AXIS2_PLACEMENT_3D('',#4744,#3873,#3874);
#3301=AXIS2_PLACEMENT_3D('',#4750,#3878,#3879);
#3302=AXIS2_PLACEMENT_3D('',#4756,#3883,#3884);
#3303=AXIS2_PLACEMENT_3D('',#4762,#3888,#3889);
#3304=AXIS2_PLACEMENT_3D('',#4768,#3893,#3894);
#3305=AXIS2_PLACEMENT_3D('',#4774,#3898,#3899);
#3306=AXIS2_PLACEMENT_3D('',#4780,#3903,#3904);
#3307=AXIS2_PLACEMENT_3D('',#4786,#3908,#3909);
#3308=AXIS2_PLACEMENT_3D('',#4792,#3913,#3914);
#3309=AXIS2_PLACEMENT_3D('',#4798,#3918,#3919);
#3310=AXIS2_PLACEMENT_3D('',#4804,#3923,#3924);
#3311=AXIS2_PLACEMENT_3D('',#4810,#3928,#3929);
#3312=AXIS2_PLACEMENT_3D('',#4811,#3930,#3931);
#3313=AXIS2_PLACEMENT_3D('',#4813,#3932,#3933);
#3314=AXIS2_PLACEMENT_3D('',#4816,#3935,#3936);
#3315=AXIS2_PLACEMENT_3D('',#4822,#3940,#3941);
#3316=AXIS2_PLACEMENT_3D('',#4828,#3945,#3946);
#3317=AXIS2_PLACEMENT_3D('',#4834,#3950,#3951);
#3318=AXIS2_PLACEMENT_3D('',#4840,#3955,#3956);
#3319=AXIS2_PLACEMENT_3D('',#4846,#3960,#3961);
#3320=AXIS2_PLACEMENT_3D('',#4852,#3965,#3966);
#3321=AXIS2_PLACEMENT_3D('',#4858,#3970,#3971);
#3322=AXIS2_PLACEMENT_3D('',#4864,#3975,#3976);
#3323=AXIS2_PLACEMENT_3D('',#4870,#3980,#3981);
#3324=AXIS2_PLACEMENT_3D('',#4876,#3985,#3986);
#3325=AXIS2_PLACEMENT_3D('',#4882,#3990,#3991);
#3326=AXIS2_PLACEMENT_3D('',#4888,#3995,#3996);
#3327=AXIS2_PLACEMENT_3D('',#4894,#4000,#4001);
#3328=AXIS2_PLACEMENT_3D('',#4900,#4005,#4006);
#3329=AXIS2_PLACEMENT_3D('',#4901,#4007,#4008);
#3330=AXIS2_PLACEMENT_3D('',#4903,#4009,#4010);
#3331=AXIS2_PLACEMENT_3D('',#4906,#4012,#4013);
#3332=AXIS2_PLACEMENT_3D('',#4912,#4017,#4018);
#3333=AXIS2_PLACEMENT_3D('',#4918,#4022,#4023);
#3334=AXIS2_PLACEMENT_3D('',#4924,#4027,#4028);
#3335=AXIS2_PLACEMENT_3D('',#4930,#4032,#4033);
#3336=AXIS2_PLACEMENT_3D('',#4936,#4037,#4038);
#3337=AXIS2_PLACEMENT_3D('',#4942,#4042,#4043);
#3338=AXIS2_PLACEMENT_3D('',#4948,#4047,#4048);
#3339=AXIS2_PLACEMENT_3D('',#4954,#4052,#4053);
#3340=AXIS2_PLACEMENT_3D('',#4960,#4057,#4058);
#3341=AXIS2_PLACEMENT_3D('',#4966,#4062,#4063);
#3342=AXIS2_PLACEMENT_3D('',#4972,#4067,#4068);
#3343=AXIS2_PLACEMENT_3D('',#4978,#4072,#4073);
#3344=AXIS2_PLACEMENT_3D('',#4984,#4077,#4078);
#3345=AXIS2_PLACEMENT_3D('',#4990,#4082,#4083);
#3346=AXIS2_PLACEMENT_3D('',#4991,#4084,#4085);
#3347=AXIS2_PLACEMENT_3D('',#4993,#4086,#4087);
#3348=AXIS2_PLACEMENT_3D('',#4996,#4089,#4090);
#3349=AXIS2_PLACEMENT_3D('',#5002,#4094,#4095);
#3350=AXIS2_PLACEMENT_3D('',#5008,#4099,#4100);
#3351=AXIS2_PLACEMENT_3D('',#5014,#4104,#4105);
#3352=AXIS2_PLACEMENT_3D('',#5020,#4109,#4110);
#3353=AXIS2_PLACEMENT_3D('',#5026,#4114,#4115);
#3354=AXIS2_PLACEMENT_3D('',#5032,#4119,#4120);
#3355=AXIS2_PLACEMENT_3D('',#5038,#4124,#4125);
#3356=AXIS2_PLACEMENT_3D('',#5044,#4129,#4130);
#3357=AXIS2_PLACEMENT_3D('',#5050,#4134,#4135);
#3358=AXIS2_PLACEMENT_3D('',#5056,#4139,#4140);
#3359=AXIS2_PLACEMENT_3D('',#5062,#4144,#4145);
#3360=AXIS2_PLACEMENT_3D('',#5065,#4148,#4149);
#3361=AXIS2_PLACEMENT_3D('',#5066,#4150,#4151);
#3362=AXIS2_PLACEMENT_3D('',#5068,#4152,#4153);
#3363=AXIS2_PLACEMENT_3D('',#5069,#4154,#4155);
#3364=AXIS2_PLACEMENT_3D('',#5071,#4156,#4157);
#3365=AXIS2_PLACEMENT_3D('',#5072,#4158,#4159);
#3366=AXIS2_PLACEMENT_3D('',#5073,#4160,#4161);
#3367=AXIS2_PLACEMENT_3D('',#5074,#4162,#4163);
#3368=AXIS2_PLACEMENT_3D('',#5075,#4164,#4165);
#3369=AXIS2_PLACEMENT_3D('',#5085,#4167,#4168);
#3370=AXIS2_PLACEMENT_3D('',#5089,#4170,#4171);
#3371=AXIS2_PLACEMENT_3D('',#5092,#4173,#4174);
#3372=AXIS2_PLACEMENT_3D('',#5093,#4175,#4176);
#3373=AXIS2_PLACEMENT_3D('',#5095,#4177,#4178);
#3374=AXIS2_PLACEMENT_3D('',#5097,#4179,#4180);
#3375=AXIS2_PLACEMENT_3D('',#5107,#4182,#4183);
#3376=AXIS2_PLACEMENT_3D('',#5111,#4185,#4186);
#3377=AXIS2_PLACEMENT_3D('',#5114,#4188,#4189);
#3378=AXIS2_PLACEMENT_3D('',#5118,#4191,#4192);
#3379=AXIS2_PLACEMENT_3D('',#5120,#4194,#4195);
#3380=AXIS2_PLACEMENT_3D('',#5124,#4197,#4198);
#3381=AXIS2_PLACEMENT_3D('',#5128,#4200,#4201);
#3382=AXIS2_PLACEMENT_3D('',#5132,#4203,#4204);
#3383=AXIS2_PLACEMENT_3D('',#5136,#4206,#4207);
#3384=AXIS2_PLACEMENT_3D('',#5137,#4208,#4209);
#3385=AXIS2_PLACEMENT_3D('',#5138,#4210,#4211);
#3386=AXIS2_PLACEMENT_3D('',#5139,#4212,#4213);
#3387=AXIS2_PLACEMENT_3D('',#5140,#4214,#4215);
#3388=AXIS2_PLACEMENT_3D('',#5142,#4217,#4218);
#3389=AXIS2_PLACEMENT_3D('',#5143,#4219,#4220);
#3390=AXIS2_PLACEMENT_3D('',#5145,#4221,#4222);
#3391=AXIS2_PLACEMENT_3D('',#5151,#4226,#4227);
#3392=AXIS2_PLACEMENT_3D('',#5152,#4228,#4229);
#3393=AXIS2_PLACEMENT_3D('',#5155,#4231,#4232);
#3394=AXIS2_PLACEMENT_3D('',#5156,#4233,#4234);
#3395=AXIS2_PLACEMENT_3D('',#5157,#4235,#4236);
#3396=AXIS2_PLACEMENT_3D('',#5160,#4238,#4239);
#3397=AXIS2_PLACEMENT_3D('',#5164,#4242,#4243);
#3398=AXIS2_PLACEMENT_3D('',#5165,#4244,#4245);
#3399=AXIS2_PLACEMENT_3D('',#5168,#4247,#4248);
#3400=AXIS2_PLACEMENT_3D('',#5172,#4251,#4252);
#3401=AXIS2_PLACEMENT_3D('',#5173,#4253,#4254);
#3402=AXIS2_PLACEMENT_3D('',#5174,#4255,#4256);
#3403=AXIS2_PLACEMENT_3D('',#5175,#4257,#4258);
#3404=AXIS2_PLACEMENT_3D('',#5178,#4260,#4261);
#3405=AXIS2_PLACEMENT_3D('',#5182,#4264,#4265);
#3406=AXIS2_PLACEMENT_3D('',#5183,#4266,#4267);
#3407=AXIS2_PLACEMENT_3D('',#5186,#4269,#4270);
#3408=AXIS2_PLACEMENT_3D('',#5188,#4272,#4273);
#3409=AXIS2_PLACEMENT_3D('',#5189,#4274,#4275);
#3410=DIRECTION('',(0.,0.,1.));
#3411=DIRECTION('',(1.,0.,0.));
#3412=DIRECTION('',(-1.,-2.19442367855006E-14,2.77555756151318E-16));
#3413=DIRECTION('',(1.11592364642748E-14,-0.502424793404665,0.864620915183226));
#3414=DIRECTION('',(1.,2.19442367855006E-14,-2.77555756151318E-16));
#3415=DIRECTION('',(-1.,-2.19442367855006E-14,2.77555756151318E-16));
#3416=DIRECTION('',(1.11592364642748E-14,-0.502424793404665,0.864620915183226));
#3417=DIRECTION('',(1.,2.19442367855006E-14,-2.77555756151318E-16));
#3418=DIRECTION('',(1.,2.19442367855006E-14,-2.77555756151318E-16));
#3419=DIRECTION('',(1.11592364642748E-14,-0.502424793404665,0.864620915183226));
#3420=DIRECTION('',(1.,2.19442367855006E-14,-2.77555756151318E-16));
#3421=DIRECTION('',(2.77555756151318E-16,-2.10602227472862E-16,1.));
#3422=DIRECTION('',(1.,6.84969715587764E-14,-2.77555756151319E-16));
#3423=DIRECTION('',(2.77555756151318E-16,-2.10602227472862E-16,1.));
#3424=DIRECTION('',(1.,6.84969715587764E-14,-2.77555756151319E-16));
#3425=DIRECTION('',(-2.77555756151318E-16,2.10602227472862E-16,-1.));
#3426=DIRECTION('',(1.,6.84969715587764E-14,-2.77555756151319E-16));
#3427=DIRECTION('',(-1.,-2.19442367855006E-14,2.77555756151318E-16));
#3428=DIRECTION('',(-1.94281047493875E-14,0.899519611719295,0.436880381949532));
#3429=DIRECTION('',(-1.,-2.19442367855006E-14,2.77555756151318E-16));
#3430=DIRECTION('',(1.,2.19442367855006E-14,-2.77555756151318E-16));
#3431=DIRECTION('',(-1.94281047493875E-14,0.899519611719295,0.436880381949532));
#3432=DIRECTION('',(1.,2.19442367855006E-14,-2.77555756151318E-16));
#3433=DIRECTION('',(-1.,-2.19442367855006E-14,2.77555756151318E-16));
#3434=DIRECTION('',(-1.94281047493875E-14,0.899519611719295,0.436880381949532));
#3435=DIRECTION('',(1.,2.19442367855006E-14,-2.77555756151318E-16));
#3436=DIRECTION('',(1.,2.19442367855006E-14,-2.77555756151318E-16));
#3437=DIRECTION('',(2.17331152755875E-14,-1.,-2.10602227472868E-16));
#3438=DIRECTION('',(-2.17331152755876E-14,1.,-9.77930571452305E-17));
#3439=DIRECTION('',(1.,2.19442367855006E-14,-2.77555756151318E-16));
#3440=DIRECTION('',(-2.77555756151318E-16,2.10602227472862E-16,-1.));
#3441=DIRECTION('',(2.17331152755875E-14,-1.,-2.10602227472868E-16));
#3442=DIRECTION('',(1.,2.19442367855006E-14,-2.77555756151318E-16));
#3443=DIRECTION('',(1.96706220789069E-14,-0.899519611719295,0.436880381949532));
#3444=DIRECTION('',(-2.17331152755876E-14,1.,-9.77930571452305E-17));
#3445=DIRECTION('',(-1.,-2.19442367855006E-14,2.77555756151318E-16));
#3446=DIRECTION('',(-2.17331152755876E-14,1.,-3.4450928483971E-16));
#3447=DIRECTION('',(-2.77555756151318E-16,2.10602227472862E-16,-1.));
#3448=DIRECTION('',(1.,2.19442367855006E-14,-2.77555756151318E-16));
#3449=DIRECTION('',(2.17331152755876E-14,-1.,-7.65713739785447E-16));
#3450=DIRECTION('',(-2.17331152755875E-14,1.,2.10602227472868E-16));
#3451=DIRECTION('',(1.,2.19442367855006E-14,-2.77555756151318E-16));
#3452=DIRECTION('',(-2.7755575615142E-16,1.32082525209802E-15,-1.));
#3453=DIRECTION('',(2.77555756151318E-16,-2.10602227472862E-16,1.));
#3454=DIRECTION('',(-1.,-2.19442367855006E-14,2.77555756151318E-16));
#3455=DIRECTION('',(2.77555756151318E-16,-2.10602227472862E-16,1.));
#3456=DIRECTION('',(2.77555756151318E-16,-2.10602227472862E-16,1.));
#3457=DIRECTION('',(1.,6.84969715587764E-14,-2.77555756151319E-16));
#3458=DIRECTION('',(2.77555756151318E-16,-2.10602227472862E-16,1.));
#3459=DIRECTION('',(-1.,-6.84969715587764E-14,2.77555756151319E-16));
#3460=DIRECTION('',(2.77555756151318E-16,-2.10602227472862E-16,1.));
#3461=DIRECTION('',(1.,6.84969715587764E-14,-2.77555756151319E-16));
#3462=DIRECTION('',(2.77555756151318E-16,-2.10602227472862E-16,1.));
#3463=DIRECTION('',(-2.17331152755875E-14,1.,2.10602227472868E-16));
#3464=DIRECTION('',(-2.17331152755875E-14,1.,2.10602227472868E-16));
#3465=DIRECTION('',(-2.77555756151318E-16,2.10602227472862E-16,-1.));
#3466=DIRECTION('',(1.,6.84969715587764E-14,-2.77555756151319E-16));
#3467=DIRECTION('',(-2.77555756151318E-16,2.10602227472862E-16,-1.));
#3468=DIRECTION('',(1.,6.84969715587764E-14,-2.77555756151319E-16));
#3469=DIRECTION('',(-2.77555756151318E-16,2.10602227472862E-16,-1.));
#3470=DIRECTION('',(2.17331152755875E-14,-1.,-2.10602227472868E-16));
#3471=DIRECTION('',(1.,2.19442367855006E-14,-2.77555756151318E-16));
#3472=DIRECTION('',(2.17331152755875E-14,-1.,-2.10602227472868E-16));
#3473=DIRECTION('',(1.,2.19442367855006E-14,-2.77555756151318E-16));
#3474=DIRECTION('',(2.77555756151318E-16,-2.10602227472862E-16,1.));
#3475=DIRECTION('',(-2.17331152755875E-14,1.,2.10602227472868E-16));
#3476=DIRECTION('',(-1.,-2.19442367855006E-14,2.77555756151318E-16));
#3477=DIRECTION('',(-2.77555756151318E-16,2.10602227472862E-16,-1.));
#3478=DIRECTION('',(1.,2.19442367855006E-14,-2.77555756151318E-16));
#3479=DIRECTION('',(-1.,-2.19442367855006E-14,2.77555756151318E-16));
#3480=DIRECTION('',(-2.77555756151318E-16,2.10602227472862E-16,-1.));
#3481=DIRECTION('',(-1.,-2.19442367855006E-14,2.77555756151318E-16));
#3482=DIRECTION('',(1.96706220789069E-14,-0.899519611719295,0.436880381949532));
#3483=DIRECTION('',(-1.,-2.19442367855006E-14,2.77555756151318E-16));
#3484=DIRECTION('',(1.96706220789069E-14,-0.899519611719295,0.436880381949532));
#3485=DIRECTION('',(1.,2.19442367855006E-14,-2.77555756151318E-16));
#3486=DIRECTION('',(-2.77555756151318E-16,-9.77930571452364E-17,-1.));
#3487=DIRECTION('',(2.17331152755876E-14,-1.,9.77930571452305E-17));
#3488=DIRECTION('',(2.17331152755876E-14,-1.,9.77930571452305E-17));
#3489=DIRECTION('',(1.,2.19442367855006E-14,-2.77555756151318E-16));
#3490=DIRECTION('',(-1.,-2.19442367855006E-14,2.77555756151318E-16));
#3491=DIRECTION('',(-2.17331152755876E-14,1.,-3.4450928483971E-16));
#3492=DIRECTION('',(1.,2.19442367855006E-14,-2.77555756151318E-16));
#3493=DIRECTION('',(-2.17331152755876E-14,1.,-3.4450928483971E-16));
#3494=DIRECTION('',(1.,2.19442367855006E-14,-2.77555756151318E-16));
#3495=DIRECTION('',(2.17331152755875E-14,-1.,-2.10602227472868E-16));
#3496=DIRECTION('',(2.77555756151318E-16,-2.10602227472862E-16,1.));
#3497=DIRECTION('',(2.77555756151318E-16,-2.10602227472862E-16,1.));
#3498=DIRECTION('',(1.,2.19442367855006E-14,-2.77555756151318E-16));
#3499=DIRECTION('',(-1.,-2.19442367855006E-14,2.77555756151318E-16));
#3500=DIRECTION('',(2.17331152755876E-14,-1.,-7.65713739785447E-16));
#3501=DIRECTION('',(-1.,-2.19442367855006E-14,2.77555756151318E-16));
#3502=DIRECTION('',(2.17331152755876E-14,-1.,-7.65713739785447E-16));
#3503=DIRECTION('',(-1.,-2.19442367855006E-14,2.77555756151318E-16));
#3504=DIRECTION('',(-2.7755575615142E-16,1.32082525209802E-15,-1.));
#3505=DIRECTION('',(-1.,-2.19442367855006E-14,2.77555756151318E-16));
#3506=DIRECTION('',(-2.7755575615142E-16,1.32082525209802E-15,-1.));
#3507=DIRECTION('',(1.,2.19442367855006E-14,-2.77555756151318E-16));
#3508=DIRECTION('',(-2.17331152755875E-14,1.,2.10602227472868E-16));
#3509=DIRECTION('',(-2.77555756151318E-16,2.10602227472862E-16,-1.));
#3510=DIRECTION('',(-2.77555756151318E-16,2.10602227472862E-16,-1.));
#3511=DIRECTION('',(1.,2.19442367855006E-14,-2.77555756151318E-16));
#3512=DIRECTION('',(-1.,-2.19442367855006E-14,2.77555756151318E-16));
#3513=DIRECTION('',(2.77555756151318E-16,-2.10602227472862E-16,1.));
#3514=DIRECTION('',(1.,2.19442367855006E-14,-2.77555756151318E-16));
#3515=DIRECTION('',(2.77555756151318E-16,-2.10602227472862E-16,1.));
#3516=DIRECTION('',(-1.,-2.19442367855006E-14,2.77555756151318E-16));
#3517=DIRECTION('',(-2.77555756151318E-16,-9.77930571452364E-17,-1.));
#3518=DIRECTION('',(2.17331152755876E-14,-1.,9.77930571452305E-17));
#3519=DIRECTION('',(2.17331152755876E-14,-1.,9.77930571452305E-17));
#3520=DIRECTION('',(1.,2.19442367855006E-14,-2.77555756151318E-16));
#3521=DIRECTION('',(2.17331152755875E-14,-1.,-2.10602227472868E-16));
#3522=DIRECTION('',(2.00810199998934E-6,3.39911025260172E-9,0.999999999997984));
#3523=DIRECTION('',(0.999999999997984,-5.55111496944605E-17,-2.00810199998934E-6));
#3524=DIRECTION('',(1.,2.19442367855006E-14,-2.77555756151305E-16));
#3525=DIRECTION('',(-1.06792754404789E-14,0.502424793404664,0.864620915183226));
#3526=DIRECTION('',(-1.,-2.19442367855006E-14,2.77555756151305E-16));
#3527=DIRECTION('',(1.,2.19442367855006E-14,-2.77555756151305E-16));
#3528=DIRECTION('',(-1.06792754404789E-14,0.502424793404664,0.864620915183226));
#3529=DIRECTION('',(-1.,-2.19442367855006E-14,2.77555756151305E-16));
#3530=DIRECTION('',(-1.,-2.19442367855006E-14,2.77555756151305E-16));
#3531=DIRECTION('',(-1.06792754404789E-14,0.502424793404664,0.864620915183226));
#3532=DIRECTION('',(-1.,-2.19442367855006E-14,2.77555756151305E-16));
#3533=DIRECTION('',(2.77555756151318E-16,-2.10602227472862E-16,1.));
#3534=DIRECTION('',(-1.,-6.84969715587765E-14,2.77555756151276E-16));
#3535=DIRECTION('',(2.77555756151318E-16,-2.10602227472862E-16,1.));
#3536=DIRECTION('',(-1.,-6.84969715587765E-14,2.77555756151276E-16));
#3537=DIRECTION('',(-2.77555756151318E-16,2.10602227472862E-16,-1.));
#3538=DIRECTION('',(-1.,-6.84969715587765E-14,2.77555756151276E-16));
#3539=DIRECTION('',(1.,2.19442367855006E-14,-2.77555756151305E-16));
#3540=DIRECTION('',(1.96706220789069E-14,-0.899519611719295,0.436880381949531));
#3541=DIRECTION('',(1.,2.19442367855006E-14,-2.77555756151305E-16));
#3542=DIRECTION('',(-1.,-2.19442367855006E-14,2.77555756151305E-16));
#3543=DIRECTION('',(1.96706220789069E-14,-0.899519611719295,0.436880381949531));
#3544=DIRECTION('',(-1.,-2.19442367855006E-14,2.77555756151305E-16));
#3545=DIRECTION('',(1.,2.19442367855006E-14,-2.77555756151305E-16));
#3546=DIRECTION('',(1.96706220789069E-14,-0.899519611719295,0.436880381949531));
#3547=DIRECTION('',(-1.,-2.19442367855006E-14,2.77555756151305E-16));
#3548=DIRECTION('',(-1.,-2.19442367855006E-14,2.77555756151305E-16));
#3549=DIRECTION('',(-2.17331152755875E-14,1.,2.10602227472869E-16));
#3550=DIRECTION('',(2.17331152755876E-14,-1.,-5.18997512090968E-16));
#3551=DIRECTION('',(-1.,-2.19442367855006E-14,2.77555756151305E-16));
#3552=DIRECTION('',(-2.77555756151318E-16,2.10602227472862E-16,-1.));
#3553=DIRECTION('',(-2.17331152755875E-14,1.,2.10602227472869E-16));
#3554=DIRECTION('',(-1.,-2.19442367855006E-14,2.77555756151305E-16));
#3555=DIRECTION('',(-1.94281047493874E-14,0.899519611719295,0.436880381949531));
#3556=DIRECTION('',(2.17331152755876E-14,-1.,-5.18997512090968E-16));
#3557=DIRECTION('',(1.,2.19442367855006E-14,-2.77555756151305E-16));
#3558=DIRECTION('',(2.17331152755876E-14,-1.,-7.65713739785448E-16));
#3559=DIRECTION('',(-2.77555756151318E-16,2.10602227472862E-16,-1.));
#3560=DIRECTION('',(-1.,-2.19442367855006E-14,2.77555756151305E-16));
#3561=DIRECTION('',(-2.17331152755876E-14,1.,-3.4450928483971E-16));
#3562=DIRECTION('',(2.17331152755875E-14,-1.,-2.10602227472869E-16));
#3563=DIRECTION('',(-1.,-2.19442367855006E-14,2.77555756151305E-16));
#3564=DIRECTION('',(-2.77555756151217E-16,-8.99620797152301E-16,-1.));
#3565=DIRECTION('',(2.77555756151318E-16,-2.10602227472862E-16,1.));
#3566=DIRECTION('',(1.,2.19442367855006E-14,-2.77555756151305E-16));
#3567=DIRECTION('',(2.77555756151318E-16,-2.10602227472862E-16,1.));
#3568=DIRECTION('',(2.77555756151318E-16,-2.10602227472862E-16,1.));
#3569=DIRECTION('',(-1.,-6.84969715587765E-14,2.77555756151276E-16));
#3570=DIRECTION('',(2.77555756151318E-16,-2.10602227472862E-16,1.));
#3571=DIRECTION('',(1.,6.84969715587765E-14,-2.77555756151276E-16));
#3572=DIRECTION('',(2.77555756151318E-16,-2.10602227472862E-16,1.));
#3573=DIRECTION('',(-1.,-6.84969715587765E-14,2.77555756151276E-16));
#3574=DIRECTION('',(2.77555756151318E-16,-2.10602227472862E-16,1.));
#3575=DIRECTION('',(2.17331152755875E-14,-1.,-2.10602227472869E-16));
#3576=DIRECTION('',(2.17331152755875E-14,-1.,-2.10602227472869E-16));
#3577=DIRECTION('',(-2.77555756151318E-16,2.10602227472862E-16,-1.));
#3578=DIRECTION('',(-1.,-6.84969715587765E-14,2.77555756151276E-16));
#3579=DIRECTION('',(-2.77555756151318E-16,2.10602227472862E-16,-1.));
#3580=DIRECTION('',(-1.,-6.84969715587765E-14,2.77555756151276E-16));
#3581=DIRECTION('',(-2.77555756151318E-16,2.10602227472862E-16,-1.));
#3582=DIRECTION('',(-2.17331152755875E-14,1.,2.10602227472869E-16));
#3583=DIRECTION('',(-1.,-2.19442367855006E-14,2.77555756151305E-16));
#3584=DIRECTION('',(-2.17331152755875E-14,1.,2.10602227472869E-16));
#3585=DIRECTION('',(-1.,-2.19442367855006E-14,2.77555756151305E-16));
#3586=DIRECTION('',(2.77555756151318E-16,-2.10602227472862E-16,1.));
#3587=DIRECTION('',(2.17331152755875E-14,-1.,-2.10602227472869E-16));
#3588=DIRECTION('',(1.,2.19442367855006E-14,-2.77555756151305E-16));
#3589=DIRECTION('',(-2.77555756151318E-16,2.10602227472862E-16,-1.));
#3590=DIRECTION('',(-1.,-2.19442367855006E-14,2.77555756151305E-16));
#3591=DIRECTION('',(1.,2.19442367855006E-14,-2.77555756151305E-16));
#3592=DIRECTION('',(-2.77555756151318E-16,2.10602227472862E-16,-1.));
#3593=DIRECTION('',(1.,2.19442367855006E-14,-2.77555756151305E-16));
#3594=DIRECTION('',(-1.94281047493874E-14,0.899519611719295,0.436880381949531));
#3595=DIRECTION('',(1.,2.19442367855006E-14,-2.77555756151305E-16));
#3596=DIRECTION('',(-1.94281047493874E-14,0.899519611719295,0.436880381949531));
#3597=DIRECTION('',(-1.,-2.19442367855006E-14,2.77555756151305E-16));
#3598=DIRECTION('',(-2.77555756151319E-16,5.18997512090962E-16,-1.));
#3599=DIRECTION('',(-2.17331152755876E-14,1.,5.18997512090968E-16));
#3600=DIRECTION('',(-2.17331152755876E-14,1.,5.18997512090968E-16));
#3601=DIRECTION('',(-1.,-2.19442367855006E-14,2.77555756151305E-16));
#3602=DIRECTION('',(1.,2.19442367855006E-14,-2.77555756151305E-16));
#3603=DIRECTION('',(2.17331152755876E-14,-1.,-7.65713739785448E-16));
#3604=DIRECTION('',(-1.,-2.19442367855006E-14,2.77555756151305E-16));
#3605=DIRECTION('',(2.17331152755876E-14,-1.,-7.65713739785448E-16));
#3606=DIRECTION('',(-1.,-2.19442367855006E-14,2.77555756151305E-16));
#3607=DIRECTION('',(-2.17331152755875E-14,1.,2.10602227472869E-16));
#3608=DIRECTION('',(2.77555756151318E-16,-2.10602227472862E-16,1.));
#3609=DIRECTION('',(2.77555756151318E-16,-2.10602227472862E-16,1.));
#3610=DIRECTION('',(-1.,-2.19442367855006E-14,2.77555756151305E-16));
#3611=DIRECTION('',(1.,2.19442367855006E-14,-2.77555756151305E-16));
#3612=DIRECTION('',(-2.17331152755876E-14,1.,-3.4450928483971E-16));
#3613=DIRECTION('',(1.,2.19442367855006E-14,-2.77555756151305E-16));
#3614=DIRECTION('',(-2.17331152755876E-14,1.,-3.4450928483971E-16));
#3615=DIRECTION('',(1.,2.19442367855006E-14,-2.77555756151305E-16));
#3616=DIRECTION('',(-2.77555756151217E-16,-8.99620797152301E-16,-1.));
#3617=DIRECTION('',(1.,2.19442367855006E-14,-2.77555756151305E-16));
#3618=DIRECTION('',(-2.77555756151217E-16,-8.99620797152301E-16,-1.));
#3619=DIRECTION('',(-1.,-2.19442367855006E-14,2.77555756151305E-16));
#3620=DIRECTION('',(2.17331152755875E-14,-1.,-2.10602227472869E-16));
#3621=DIRECTION('',(-2.77555756151318E-16,2.10602227472862E-16,-1.));
#3622=DIRECTION('',(-2.77555756151318E-16,2.10602227472862E-16,-1.));
#3623=DIRECTION('',(-1.,-2.19442367855006E-14,2.77555756151305E-16));
#3624=DIRECTION('',(1.,2.19442367855006E-14,-2.77555756151305E-16));
#3625=DIRECTION('',(2.77555756151318E-16,-2.10602227472862E-16,1.));
#3626=DIRECTION('',(-1.,-2.19442367855006E-14,2.77555756151305E-16));
#3627=DIRECTION('',(2.77555756151318E-16,-2.10602227472862E-16,1.));
#3628=DIRECTION('',(1.,2.19442367855006E-14,-2.77555756151305E-16));
#3629=DIRECTION('',(-2.77555756151319E-16,5.18997512090962E-16,-1.));
#3630=DIRECTION('',(-2.17331152755876E-14,1.,5.18997512090968E-16));
#3631=DIRECTION('',(-2.17331152755876E-14,1.,5.18997512090968E-16));
#3632=DIRECTION('',(-1.,-2.19442367855006E-14,2.77555756151305E-16));
#3633=DIRECTION('',(-2.17331152755875E-14,1.,2.10602227472869E-16));
#3634=DIRECTION('',(2.00810199998934E-6,3.39911025260172E-9,0.999999999997984));
#3635=DIRECTION('',(0.999999999997984,-5.55111496944605E-17,-2.00810199998934E-6));
#3636=DIRECTION('',(1.,-2.12779504761718E-14,-2.7755575616148E-16));
#3637=DIRECTION('',(-1.08244777029706E-14,-0.502424793404664,-0.864620915183226));
#3638=DIRECTION('',(-1.,2.12779504761718E-14,2.7755575616148E-16));
#3639=DIRECTION('',(1.,-2.12779504761718E-14,-2.7755575616148E-16));
#3640=DIRECTION('',(-1.08244777029706E-14,-0.502424793404664,-0.864620915183226));
#3641=DIRECTION('',(-1.,2.12779504761718E-14,2.7755575616148E-16));
#3642=DIRECTION('',(-1.,2.12779504761718E-14,2.7755575616148E-16));
#3643=DIRECTION('',(-1.08244777029706E-14,-0.502424793404664,-0.864620915183226));
#3644=DIRECTION('',(-1.,2.12779504761718E-14,2.7755575616148E-16));
#3645=DIRECTION('',(-2.77555756161464E-16,3.33066907387598E-16,-1.));
#3646=DIRECTION('',(-1.,6.78306852494476E-14,2.77555756161514E-16));
#3647=DIRECTION('',(-2.77555756161464E-16,3.33066907387598E-16,-1.));
#3648=DIRECTION('',(-1.,6.78306852494476E-14,2.77555756161514E-16));
#3649=DIRECTION('',(2.77555756161464E-16,-3.33066907387598E-16,1.));
#3650=DIRECTION('',(-1.,6.78306852494476E-14,2.77555756161514E-16));
#3651=DIRECTION('',(1.,-2.12779504761718E-14,-2.7755575616148E-16));
#3652=DIRECTION('',(1.88287671471218E-14,0.899519611719295,-0.436880381949531));
#3653=DIRECTION('',(1.,-2.12779504761718E-14,-2.7755575616148E-16));
#3654=DIRECTION('',(-1.,2.12779504761718E-14,2.7755575616148E-16));
#3655=DIRECTION('',(1.88287671471218E-14,0.899519611719295,-0.436880381949531));
#3656=DIRECTION('',(-1.,2.12779504761718E-14,2.7755575616148E-16));
#3657=DIRECTION('',(1.,-2.12779504761718E-14,-2.7755575616148E-16));
#3658=DIRECTION('',(1.88287671471218E-14,0.899519611719295,-0.436880381949531));
#3659=DIRECTION('',(-1.,2.12779504761718E-14,2.7755575616148E-16));
#3660=DIRECTION('',(-1.,2.12779504761718E-14,2.7755575616148E-16));
#3661=DIRECTION('',(-2.10668289662587E-14,-1.,-3.33066907387592E-16));
#3662=DIRECTION('',(2.10668289662588E-14,1.,6.41462192005691E-16));
#3663=DIRECTION('',(-1.,2.12779504761718E-14,2.7755575616148E-16));
#3664=DIRECTION('',(2.77555756161464E-16,-3.33066907387598E-16,1.));
#3665=DIRECTION('',(-2.10668289662587E-14,-1.,-3.33066907387592E-16));
#3666=DIRECTION('',(-1.,2.12779504761718E-14,2.7755575616148E-16));
#3667=DIRECTION('',(-1.90712844766499E-14,-0.899519611719295,-0.436880381949531));
#3668=DIRECTION('',(2.10668289662588E-14,1.,6.41462192005691E-16));
#3669=DIRECTION('',(1.,-2.12779504761718E-14,-2.7755575616148E-16));
#3670=DIRECTION('',(2.10668289662588E-14,1.,8.88178419700171E-16));
#3671=DIRECTION('',(2.77555756161464E-16,-3.33066907387598E-16,1.));
#3672=DIRECTION('',(-1.,2.12779504761718E-14,2.7755575616148E-16));
#3673=DIRECTION('',(-2.10668289662588E-14,-1.,2.22044604924986E-16));
#3674=DIRECTION('',(2.10668289662587E-14,1.,3.33066907387592E-16));
#3675=DIRECTION('',(-1.,2.12779504761718E-14,2.7755575616148E-16));
#3676=DIRECTION('',(2.77555756161565E-16,7.77156117237565E-16,1.));
#3677=DIRECTION('',(-2.77555756161464E-16,3.33066907387598E-16,-1.));
#3678=DIRECTION('',(1.,-2.12779504761718E-14,-2.7755575616148E-16));
#3679=DIRECTION('',(-2.77555756161464E-16,3.33066907387598E-16,-1.));
#3680=DIRECTION('',(-2.77555756161464E-16,3.33066907387598E-16,-1.));
#3681=DIRECTION('',(-1.,6.78306852494476E-14,2.77555756161514E-16));
#3682=DIRECTION('',(-2.77555756161464E-16,3.33066907387598E-16,-1.));
#3683=DIRECTION('',(1.,-6.78306852494476E-14,-2.77555756161514E-16));
#3684=DIRECTION('',(-2.77555756161464E-16,3.33066907387598E-16,-1.));
#3685=DIRECTION('',(-1.,6.78306852494476E-14,2.77555756161514E-16));
#3686=DIRECTION('',(-2.77555756161464E-16,3.33066907387598E-16,-1.));
#3687=DIRECTION('',(2.10668289662587E-14,1.,3.33066907387592E-16));
#3688=DIRECTION('',(2.10668289662587E-14,1.,3.33066907387592E-16));
#3689=DIRECTION('',(2.77555756161464E-16,-3.33066907387598E-16,1.));
#3690=DIRECTION('',(-1.,6.78306852494476E-14,2.77555756161514E-16));
#3691=DIRECTION('',(2.77555756161464E-16,-3.33066907387598E-16,1.));
#3692=DIRECTION('',(-1.,6.78306852494476E-14,2.77555756161514E-16));
#3693=DIRECTION('',(2.77555756161464E-16,-3.33066907387598E-16,1.));
#3694=DIRECTION('',(-2.10668289662587E-14,-1.,-3.33066907387592E-16));
#3695=DIRECTION('',(-1.,2.12779504761718E-14,2.7755575616148E-16));
#3696=DIRECTION('',(-2.10668289662587E-14,-1.,-3.33066907387592E-16));
#3697=DIRECTION('',(-1.,2.12779504761718E-14,2.7755575616148E-16));
#3698=DIRECTION('',(-2.77555756161464E-16,3.33066907387598E-16,-1.));
#3699=DIRECTION('',(2.10668289662587E-14,1.,3.33066907387592E-16));
#3700=DIRECTION('',(1.,-2.12779504761718E-14,-2.7755575616148E-16));
#3701=DIRECTION('',(2.77555756161464E-16,-3.33066907387598E-16,1.));
#3702=DIRECTION('',(-1.,2.12779504761718E-14,2.7755575616148E-16));
#3703=DIRECTION('',(1.,-2.12779504761718E-14,-2.7755575616148E-16));
#3704=DIRECTION('',(2.77555756161464E-16,-3.33066907387598E-16,1.));
#3705=DIRECTION('',(1.,-2.12779504761718E-14,-2.7755575616148E-16));
#3706=DIRECTION('',(-1.90712844766499E-14,-0.899519611719295,-0.436880381949531));
#3707=DIRECTION('',(1.,-2.12779504761718E-14,-2.7755575616148E-16));
#3708=DIRECTION('',(-1.90712844766499E-14,-0.899519611719295,-0.436880381949531));
#3709=DIRECTION('',(-1.,2.12779504761718E-14,2.7755575616148E-16));
#3710=DIRECTION('',(2.77555756161464E-16,-6.41462192005697E-16,1.));
#3711=DIRECTION('',(-2.10668289662588E-14,-1.,-6.41462192005691E-16));
#3712=DIRECTION('',(-2.10668289662588E-14,-1.,-6.41462192005691E-16));
#3713=DIRECTION('',(-1.,2.12779504761718E-14,2.7755575616148E-16));
#3714=DIRECTION('',(1.,-2.12779504761718E-14,-2.7755575616148E-16));
#3715=DIRECTION('',(2.10668289662588E-14,1.,8.88178419700171E-16));
#3716=DIRECTION('',(-1.,2.12779504761718E-14,2.7755575616148E-16));
#3717=DIRECTION('',(2.10668289662588E-14,1.,8.88178419700171E-16));
#3718=DIRECTION('',(-1.,2.12779504761718E-14,2.7755575616148E-16));
#3719=DIRECTION('',(-2.10668289662587E-14,-1.,-3.33066907387592E-16));
#3720=DIRECTION('',(-2.77555756161464E-16,3.33066907387598E-16,-1.));
#3721=DIRECTION('',(-2.77555756161464E-16,3.33066907387598E-16,-1.));
#3722=DIRECTION('',(-1.,2.12779504761718E-14,2.7755575616148E-16));
#3723=DIRECTION('',(1.,-2.12779504761718E-14,-2.7755575616148E-16));
#3724=DIRECTION('',(-2.10668289662588E-14,-1.,2.22044604924986E-16));
#3725=DIRECTION('',(1.,-2.12779504761718E-14,-2.7755575616148E-16));
#3726=DIRECTION('',(-2.10668289662588E-14,-1.,2.22044604924986E-16));
#3727=DIRECTION('',(1.,-2.12779504761718E-14,-2.7755575616148E-16));
#3728=DIRECTION('',(2.77555756161565E-16,7.77156117237565E-16,1.));
#3729=DIRECTION('',(1.,-2.12779504761718E-14,-2.7755575616148E-16));
#3730=DIRECTION('',(2.77555756161565E-16,7.77156117237565E-16,1.));
#3731=DIRECTION('',(-1.,2.12779504761718E-14,2.7755575616148E-16));
#3732=DIRECTION('',(2.10668289662587E-14,1.,3.33066907387592E-16));
#3733=DIRECTION('',(2.77555756161464E-16,-3.33066907387598E-16,1.));
#3734=DIRECTION('',(2.77555756161464E-16,-3.33066907387598E-16,1.));
#3735=DIRECTION('',(-1.,2.12779504761718E-14,2.7755575616148E-16));
#3736=DIRECTION('',(1.,-2.12779504761718E-14,-2.7755575616148E-16));
#3737=DIRECTION('',(-2.77555756161464E-16,3.33066907387598E-16,-1.));
#3738=DIRECTION('',(-1.,2.12779504761718E-14,2.7755575616148E-16));
#3739=DIRECTION('',(-2.77555756161464E-16,3.33066907387598E-16,-1.));
#3740=DIRECTION('',(1.,-2.12779504761718E-14,-2.7755575616148E-16));
#3741=DIRECTION('',(2.77555756161464E-16,-6.41462192005697E-16,1.));
#3742=DIRECTION('',(-2.10668289662588E-14,-1.,-6.41462192005691E-16));
#3743=DIRECTION('',(-2.10668289662588E-14,-1.,-6.41462192005691E-16));
#3744=DIRECTION('',(-1.,2.12779504761718E-14,2.7755575616148E-16));
#3745=DIRECTION('',(-2.10668289662587E-14,-1.,-3.33066907387592E-16));
#3746=DIRECTION('',(2.00810199998934E-6,3.39911025260172E-9,0.999999999997984));
#3747=DIRECTION('',(0.999999999997984,-5.55111496944605E-17,-2.00810199998934E-6));
#3748=DIRECTION('',(0.,0.,1.));
#3749=DIRECTION('',(1.,0.,0.));
#3750=DIRECTION('',(2.15648373013998E-16,0.,1.));
#3751=DIRECTION('',(1.,0.,-2.15648373013998E-16));
#3752=DIRECTION('',(0.,-1.,0.));
#3753=DIRECTION('',(0.866025403784439,-0.5,0.));
#3754=DIRECTION('',(0.,0.,1.));
#3755=DIRECTION('',(1.,0.,0.));
#3756=DIRECTION('',(2.15648373013998E-16,0.,1.));
#3757=DIRECTION('',(1.,0.,-2.15648373013998E-16));
#3758=DIRECTION('',(0.866025403784439,-0.5,0.));
#3759=DIRECTION('',(0.866025403784438,0.5,0.));
#3760=DIRECTION('',(0.,0.,1.));
#3761=DIRECTION('',(1.,0.,0.));
#3762=DIRECTION('',(2.15648373013998E-16,0.,1.));
#3763=DIRECTION('',(1.,0.,-2.15648373013998E-16));
#3764=DIRECTION('',(0.866025403784438,0.5,0.));
#3765=DIRECTION('',(-6.10330130122145E-16,1.,0.));
#3766=DIRECTION('',(0.,0.,1.));
#3767=DIRECTION('',(1.,0.,0.));
#3768=DIRECTION('',(2.15648373013998E-16,0.,1.));
#3769=DIRECTION('',(1.,0.,-2.15648373013998E-16));
#3770=DIRECTION('',(-6.10330130122145E-16,1.,0.));
#3771=DIRECTION('',(-0.866025403784439,0.5,0.));
#3772=DIRECTION('',(0.,0.,1.));
#3773=DIRECTION('',(1.,0.,0.));
#3774=DIRECTION('',(2.15648373013998E-16,0.,1.));
#3775=DIRECTION('',(1.,0.,-2.15648373013998E-16));
#3776=DIRECTION('',(-0.866025403784439,0.5,0.));
#3777=DIRECTION('',(-0.866025403784439,-0.5,0.));
#3778=DIRECTION('',(0.,0.,-1.));
#3779=DIRECTION('',(-1.,0.,0.));
#3780=DIRECTION('',(0.,0.,-1.));
#3781=DIRECTION('',(-1.,0.,0.));
#3782=DIRECTION('',(0.866025403784439,-0.5,0.));
#3783=DIRECTION('',(0.,-1.,0.));
#3784=DIRECTION('',(-0.866025403784439,-0.5,0.));
#3785=DIRECTION('',(-0.866025403784439,0.5,0.));
#3786=DIRECTION('',(-6.10330130122145E-16,1.,0.));
#3787=DIRECTION('',(0.866025403784438,0.5,0.));
#3788=DIRECTION('',(0.,0.,-1.));
#3789=DIRECTION('',(-1.,0.,0.));
#3790=DIRECTION('',(0.,0.,-1.));
#3791=DIRECTION('',(-1.,0.,0.));
#3792=DIRECTION('',(0.,0.,-1.));
#3793=DIRECTION('',(-1.,0.,0.));
#3794=DIRECTION('',(0.,0.,-1.));
#3795=DIRECTION('',(-1.,0.,0.));
#3796=DIRECTION('',(0.,0.,1.));
#3797=DIRECTION('',(1.,0.,0.));
#3798=DIRECTION('',(0.,0.,1.));
#3799=DIRECTION('',(1.,0.,0.));
#3800=DIRECTION('',(0.,0.,1.));
#3801=DIRECTION('',(1.,0.,0.));
#3802=DIRECTION('',(0.,0.,-1.));
#3803=DIRECTION('',(-1.,0.,0.));
#3804=DIRECTION('',(0.,0.,-1.));
#3805=DIRECTION('',(-1.,0.,0.));
#3806=DIRECTION('',(0.,0.,-1.));
#3807=DIRECTION('',(-1.,0.,0.));
#3808=DIRECTION('',(-0.5,-0.866025403784439,0.));
#3809=DIRECTION('',(0.866025403784439,-0.5,0.));
#3810=DIRECTION('',(0.,0.,1.));
#3811=DIRECTION('',(0.,0.,1.));
#3812=DIRECTION('',(0.5,-0.866025403784438,0.));
#3813=DIRECTION('',(0.866025403784438,0.5,0.));
#3814=DIRECTION('',(0.,0.,1.));
#3815=DIRECTION('',(1.,6.10330130122145E-16,0.));
#3816=DIRECTION('',(-6.10330130122145E-16,1.,0.));
#3817=DIRECTION('',(0.,0.,1.));
#3818=DIRECTION('',(0.5,0.866025403784439,0.));
#3819=DIRECTION('',(-0.866025403784439,0.5,0.));
#3820=DIRECTION('',(0.,0.,1.));
#3821=DIRECTION('',(-0.5,0.866025403784439,0.));
#3822=DIRECTION('',(-0.866025403784439,-0.5,0.));
#3823=DIRECTION('',(0.,0.,1.));
#3824=DIRECTION('',(-0.866025403784439,-0.5,0.));
#3825=DIRECTION('',(-1.,0.,0.));
#3826=DIRECTION('',(0.,0.,1.));
#3827=DIRECTION('',(0.,-1.,0.));
#3828=DIRECTION('',(0.,0.,1.));
#3829=DIRECTION('',(1.,0.,0.));
#3830=DIRECTION('',(2.15648373013998E-16,0.,1.));
#3831=DIRECTION('',(1.,0.,-2.15648373013998E-16));
#3832=DIRECTION('',(2.15648373013998E-16,0.,1.));
#3833=DIRECTION('',(1.,0.,-2.15648373013998E-16));
#3834=DIRECTION('',(0.,0.,1.));
#3835=DIRECTION('',(1.,0.,0.));
#3836=DIRECTION('',(-2.00810200038936E-6,-3.39910978769582E-9,-0.999999999997984));
#3837=DIRECTION('',(0.999999999997984,-5.55111510541726E-17,-2.00810200038936E-6));
#3838=DIRECTION('',(-2.00810200044141E-6,-3.39910985361532E-9,-0.999999999997984));
#3839=DIRECTION('',(0.999999999997984,-5.5511151231068E-17,-2.00810200044141E-6));
#3840=DIRECTION('',(3.33143154664407E-16,-1.,-3.33066907387598E-16));
#3841=DIRECTION('',(1.,3.33143154664407E-16,-2.77555756156391E-16));
#3842=DIRECTION('',(2.77555756161465E-16,-3.33066907387598E-16,1.));
#3843=DIRECTION('',(-1.,-3.33143154664407E-16,2.77555756156391E-16));
#3844=DIRECTION('',(2.77555756156391E-16,-3.33066907387598E-16,1.));
#3845=DIRECTION('',(-1.,-3.33143154664407E-16,2.77555756156391E-16));
#3846=DIRECTION('',(2.77555756161465E-16,-1.16226472890497E-16,1.));
#3847=DIRECTION('',(-3.33143154664407E-16,1.,1.16226472890497E-16));
#3848=DIRECTION('',(-3.33143154664407E-16,1.,1.16226472890497E-16));
#3849=DIRECTION('',(-3.33143154664407E-16,1.,1.16226472890497E-16));
#3850=DIRECTION('',(-1.,-3.33143154664407E-16,2.77555756156391E-16));
#3851=DIRECTION('',(1.,3.33143154664407E-16,-2.77555756156391E-16));
#3852=DIRECTION('',(2.77555756161465E-16,-3.33066907387598E-16,1.));
#3853=DIRECTION('',(-1.,-3.33143154664407E-16,2.77555756156391E-16));
#3854=DIRECTION('',(2.77555756161465E-16,-3.33066907387598E-16,1.));
#3855=DIRECTION('',(-1.,-3.33143154664407E-16,2.77555756156391E-16));
#3856=DIRECTION('',(-1.,-3.33143154664407E-16,2.77555756156391E-16));
#3857=DIRECTION('',(3.33143154664407E-16,-1.,0.));
#3858=DIRECTION('',(-3.33143154664407E-16,1.,3.33066907387598E-16));
#3859=DIRECTION('',(-1.,-3.33143154664407E-16,2.77555756156391E-16));
#3860=DIRECTION('',(-2.77555756161465E-16,3.33066907387598E-16,-1.));
#3861=DIRECTION('',(-1.,-3.33143154664407E-16,2.77555756156391E-16));
#3862=DIRECTION('',(-2.77555756156391E-16,3.33066907387598E-16,-1.));
#3863=DIRECTION('',(-1.,-3.33143154664407E-16,2.77555756156391E-16));
#3864=DIRECTION('',(-2.77555756161465E-16,3.33066907387598E-16,-1.));
#3865=DIRECTION('',(-1.,-3.33143154664407E-16,2.77555756156391E-16));
#3866=DIRECTION('',(3.33143154664407E-16,-1.,-3.33066907387598E-16));
#3867=DIRECTION('',(3.33143154664407E-16,-1.,-3.33066907387598E-16));
#3868=DIRECTION('',(-3.33143154664407E-16,1.,3.33066907387598E-16));
#3869=DIRECTION('',(-1.,-3.33143154664407E-16,2.77555756156391E-16));
#3870=DIRECTION('',(-2.77555756161465E-16,3.33066907387598E-16,-1.));
#3871=DIRECTION('',(-2.77555756156391E-16,3.33066907387598E-16,-1.));
#3872=DIRECTION('',(-1.,-3.33143154664407E-16,2.77555756156391E-16));
#3873=DIRECTION('',(2.77555756161465E-16,-1.25644065555693E-15,1.));
#3874=DIRECTION('',(-3.33143154664407E-16,1.,1.25644065555693E-15));
#3875=DIRECTION('',(-3.33143154664407E-16,1.,1.25644065555693E-15));
#3876=DIRECTION('',(-3.33143154664407E-16,1.,1.25644065555693E-15));
#3877=DIRECTION('',(-1.,-3.33143154664407E-16,2.77555756156391E-16));
#3878=DIRECTION('',(4.31829341108212E-16,-0.707106781186548,0.707106781186548));
#3879=DIRECTION('',(-3.93062264299492E-17,0.707106781186548,0.707106781186548));
#3880=DIRECTION('',(-3.93062264299492E-17,0.707106781186548,0.707106781186548));
#3881=DIRECTION('',(-3.93062264335371E-17,0.707106781186548,0.707106781186548));
#3882=DIRECTION('',(-1.,-3.33143154664407E-16,2.77555756156391E-16));
#3883=DIRECTION('',(3.33143154664407E-16,-1.,-3.33066907387598E-16));
#3884=DIRECTION('',(1.,3.33143154664407E-16,-2.77555756156391E-16));
#3885=DIRECTION('',(2.77555756161465E-16,-3.33066907387598E-16,1.));
#3886=DIRECTION('',(2.77555756156391E-16,-3.33066907387598E-16,1.));
#3887=DIRECTION('',(-1.,-3.33143154664407E-16,2.77555756156391E-16));
#3888=DIRECTION('',(4.27288313116997E-16,-0.866025403784439,0.5));
#3889=DIRECTION('',(7.37987584702245E-17,0.5,0.866025403784439));
#3890=DIRECTION('',(7.37987584702245E-17,0.5,0.866025403784439));
#3891=DIRECTION('',(7.37987584658302E-17,0.5,0.866025403784439));
#3892=DIRECTION('',(-1.,-3.33143154664407E-16,2.77555756156391E-16));
#3893=DIRECTION('',(1.49732556955532E-16,-0.866025403784439,-0.5));
#3894=DIRECTION('',(4.06941913134632E-16,-0.5,0.866025403784439));
#3895=DIRECTION('',(4.06941913134632E-16,-0.5,0.866025403784439));
#3896=DIRECTION('',(4.06941913130237E-16,-0.5,0.866025403784439));
#3897=DIRECTION('',(-1.,-3.33143154664407E-16,2.77555756156391E-16));
#3898=DIRECTION('',(3.33143154664407E-16,-1.,-3.33066907387598E-16));
#3899=DIRECTION('',(1.,3.33143154664407E-16,-2.77555756156391E-16));
#3900=DIRECTION('',(2.77555756161465E-16,-3.33066907387598E-16,1.));
#3901=DIRECTION('',(2.77555756156391E-16,-3.33066907387598E-16,1.));
#3902=DIRECTION('',(-1.,-3.33143154664407E-16,2.77555756156391E-16));
#3903=DIRECTION('',(3.93062264299489E-17,-0.707106781186547,-0.707106781186548));
#3904=DIRECTION('',(4.31829341108212E-16,-0.707106781186548,0.707106781186547));
#3905=DIRECTION('',(4.31829341108212E-16,-0.707106781186548,0.707106781186547));
#3906=DIRECTION('',(4.31829341104625E-16,-0.707106781186548,0.707106781186547));
#3907=DIRECTION('',(-1.,-3.33143154664407E-16,2.77555756156391E-16));
#3908=DIRECTION('',(-2.77555756161465E-16,2.1798144037263E-15,-1.));
#3909=DIRECTION('',(3.33143154664407E-16,-1.,-2.1798144037263E-15));
#3910=DIRECTION('',(3.33143154664407E-16,-1.,-2.1798144037263E-15));
#3911=DIRECTION('',(3.33143154664407E-16,-1.,-2.1798144037263E-15));
#3912=DIRECTION('',(-1.,-3.33143154664407E-16,2.77555756156391E-16));
#3913=DIRECTION('',(-3.33143154664407E-16,1.,3.33066907387598E-16));
#3914=DIRECTION('',(-1.,-3.33143154664407E-16,2.77555756156391E-16));
#3915=DIRECTION('',(-2.77555756161465E-16,3.33066907387598E-16,-1.));
#3916=DIRECTION('',(-2.77555756156391E-16,3.33066907387598E-16,-1.));
#3917=DIRECTION('',(-1.,-3.33143154664407E-16,2.77555756156391E-16));
#3918=DIRECTION('',(-2.77555756161465E-16,3.33066907387598E-16,-1.));
#3919=DIRECTION('',(-1.,-3.33143154664407E-16,2.77555756156391E-16));
#3920=DIRECTION('',(3.33143154664407E-16,-1.,-3.33066907387598E-16));
#3921=DIRECTION('',(3.33143154664407E-16,-1.,-3.33066907387598E-16));
#3922=DIRECTION('',(-1.,-3.33143154664407E-16,2.77555756156391E-16));
#3923=DIRECTION('',(3.33143154664407E-16,-1.,-3.33066907387598E-16));
#3924=DIRECTION('',(1.,3.33143154664407E-16,-2.77555756156391E-16));
#3925=DIRECTION('',(2.77555756161465E-16,-3.33066907387598E-16,1.));
#3926=DIRECTION('',(2.77555756156391E-16,-3.33066907387598E-16,1.));
#3927=DIRECTION('',(-1.,-3.33143154664407E-16,2.77555756156391E-16));
#3928=DIRECTION('',(1.,3.33143154664407E-16,-2.77555756156391E-16));
#3929=DIRECTION('',(2.77555756161465E-16,-3.33066907387598E-16,1.));
#3930=DIRECTION('',(-1.,-3.33143154664407E-16,2.77555756156391E-16));
#3931=DIRECTION('',(2.77555756161465E-16,-3.33066907387598E-16,1.));
#3932=DIRECTION('',(-1.,-3.33143154664407E-16,2.77555756156391E-16));
#3933=DIRECTION('',(3.33143154664407E-16,-1.,0.));
#3934=DIRECTION('',(-1.,-3.33143154664407E-16,2.77555756156391E-16));
#3935=DIRECTION('',(2.77555756161465E-16,-3.33066907387598E-16,1.));
#3936=DIRECTION('',(1.,3.33143154664407E-16,-2.77555756156391E-16));
#3937=DIRECTION('',(-3.33143154664407E-16,1.,3.33066907387598E-16));
#3938=DIRECTION('',(-3.33143154664407E-16,1.,3.33066907387598E-16));
#3939=DIRECTION('',(-1.,-3.33143154664407E-16,2.77555756156391E-16));
#3940=DIRECTION('',(-3.33143154664407E-16,1.,3.33066907387598E-16));
#3941=DIRECTION('',(-1.,-3.33143154664407E-16,2.77555756156391E-16));
#3942=DIRECTION('',(-2.77555756161465E-16,3.33066907387598E-16,-1.));
#3943=DIRECTION('',(-2.77555756156391E-16,3.33066907387598E-16,-1.));
#3944=DIRECTION('',(-1.,-3.33143154664407E-16,2.77555756156391E-16));
#3945=DIRECTION('',(-2.77555756161465E-16,3.33066907387598E-16,-1.));
#3946=DIRECTION('',(-1.,-3.33143154664407E-16,2.77555756156391E-16));
#3947=DIRECTION('',(3.33143154664407E-16,-1.,-3.33066907387598E-16));
#3948=DIRECTION('',(3.33143154664407E-16,-1.,-3.33066907387598E-16));
#3949=DIRECTION('',(-1.,-3.33143154664407E-16,2.77555756156391E-16));
#3950=DIRECTION('',(-3.33143154664407E-16,1.,1.25644065555695E-15));
#3951=DIRECTION('',(-2.77555756161465E-16,1.25644065555695E-15,-1.));
#3952=DIRECTION('',(-2.77555756161465E-16,1.25644065555695E-15,-1.));
#3953=DIRECTION('',(-2.77555756156391E-16,1.25644065555695E-15,-1.));
#3954=DIRECTION('',(-1.,-3.33143154664407E-16,2.77555756156391E-16));
#3955=DIRECTION('',(-3.93062264299495E-17,0.707106781186548,0.707106781186547));
#3956=DIRECTION('',(-4.31829341108212E-16,0.707106781186547,-0.707106781186548));
#3957=DIRECTION('',(-4.31829341108212E-16,0.707106781186547,-0.707106781186548));
#3958=DIRECTION('',(-4.31829341104625E-16,0.707106781186547,-0.707106781186548));
#3959=DIRECTION('',(-1.,-3.33143154664407E-16,2.77555756156391E-16));
#3960=DIRECTION('',(2.77555756161465E-16,-3.33066907387598E-16,1.));
#3961=DIRECTION('',(1.,3.33143154664407E-16,-2.77555756156391E-16));
#3962=DIRECTION('',(-3.33143154664407E-16,1.,3.33066907387598E-16));
#3963=DIRECTION('',(-3.33143154664407E-16,1.,3.33066907387598E-16));
#3964=DIRECTION('',(-1.,-3.33143154664407E-16,2.77555756156391E-16));
#3965=DIRECTION('',(7.37987584702245E-17,0.5,0.866025403784439));
#3966=DIRECTION('',(-4.27288313116997E-16,0.866025403784439,-0.5));
#3967=DIRECTION('',(-4.27288313116997E-16,0.866025403784439,-0.5));
#3968=DIRECTION('',(-4.27288313114461E-16,0.866025403784439,-0.5));
#3969=DIRECTION('',(-1.,-3.33143154664407E-16,2.77555756156391E-16));
#3970=DIRECTION('',(4.06941913134632E-16,-0.5,0.866025403784439));
#3971=DIRECTION('',(-1.49732556955532E-16,0.866025403784439,0.5));
#3972=DIRECTION('',(-1.49732556955532E-16,0.866025403784439,0.5));
#3973=DIRECTION('',(-1.49732556958069E-16,0.866025403784439,0.5));
#3974=DIRECTION('',(-1.,-3.33143154664407E-16,2.77555756156391E-16));
#3975=DIRECTION('',(2.77555756161465E-16,-3.33066907387598E-16,1.));
#3976=DIRECTION('',(1.,3.33143154664407E-16,-2.77555756156391E-16));
#3977=DIRECTION('',(-3.33143154664407E-16,1.,3.33066907387598E-16));
#3978=DIRECTION('',(-3.33143154664407E-16,1.,3.33066907387598E-16));
#3979=DIRECTION('',(-1.,-3.33143154664407E-16,2.77555756156391E-16));
#3980=DIRECTION('',(4.31829341108212E-16,-0.707106781186548,0.707106781186548));
#3981=DIRECTION('',(-3.93062264299492E-17,0.707106781186548,0.707106781186548));
#3982=DIRECTION('',(-3.93062264299492E-17,0.707106781186548,0.707106781186548));
#3983=DIRECTION('',(-3.93062264335371E-17,0.707106781186548,0.707106781186548));
#3984=DIRECTION('',(-1.,-3.33143154664407E-16,2.77555756156391E-16));
#3985=DIRECTION('',(3.33143154664407E-16,-1.,-3.33066907387598E-16));
#3986=DIRECTION('',(1.,3.33143154664407E-16,-2.77555756156391E-16));
#3987=DIRECTION('',(2.77555756161465E-16,-3.33066907387598E-16,1.));
#3988=DIRECTION('',(2.77555756156391E-16,-3.33066907387598E-16,1.));
#3989=DIRECTION('',(-1.,-3.33143154664407E-16,2.77555756156391E-16));
#3990=DIRECTION('',(-2.77555756161465E-16,3.33066907387598E-16,-1.));
#3991=DIRECTION('',(-1.,-3.33143154664407E-16,2.77555756156391E-16));
#3992=DIRECTION('',(3.33143154664407E-16,-1.,-3.33066907387598E-16));
#3993=DIRECTION('',(3.33143154664407E-16,-1.,-3.33066907387598E-16));
#3994=DIRECTION('',(-1.,-3.33143154664407E-16,2.77555756156391E-16));
#3995=DIRECTION('',(3.33143154664407E-16,-1.,-3.33066907387598E-16));
#3996=DIRECTION('',(1.,3.33143154664407E-16,-2.77555756156391E-16));
#3997=DIRECTION('',(2.77555756161465E-16,-3.33066907387598E-16,1.));
#3998=DIRECTION('',(2.77555756156391E-16,-3.33066907387598E-16,1.));
#3999=DIRECTION('',(-1.,-3.33143154664407E-16,2.77555756156391E-16));
#4000=DIRECTION('',(2.77555756161465E-16,-3.33066907387598E-16,1.));
#4001=DIRECTION('',(1.,3.33143154664407E-16,-2.77555756156391E-16));
#4002=DIRECTION('',(-3.33143154664407E-16,1.,3.33066907387598E-16));
#4003=DIRECTION('',(-3.33143154664407E-16,1.,3.33066907387598E-16));
#4004=DIRECTION('',(-1.,-3.33143154664407E-16,2.77555756156391E-16));
#4005=DIRECTION('',(1.,3.33143154664407E-16,-2.77555756156391E-16));
#4006=DIRECTION('',(2.77555756161465E-16,-3.33066907387598E-16,1.));
#4007=DIRECTION('',(-1.,-3.33143154664407E-16,2.77555756156391E-16));
#4008=DIRECTION('',(2.77555756161465E-16,-3.33066907387598E-16,1.));
#4009=DIRECTION('',(-1.,-3.33143154664407E-16,2.77555756156391E-16));
#4010=DIRECTION('',(3.33143154664407E-16,-1.,0.));
#4011=DIRECTION('',(-1.,-3.33143154664407E-16,2.77555756156391E-16));
#4012=DIRECTION('',(-3.33143154664407E-16,1.,3.33066907387598E-16));
#4013=DIRECTION('',(-1.,-3.33143154664407E-16,2.77555756156391E-16));
#4014=DIRECTION('',(-2.77555756161465E-16,3.33066907387598E-16,-1.));
#4015=DIRECTION('',(-2.77555756156391E-16,3.33066907387598E-16,-1.));
#4016=DIRECTION('',(-1.,-3.33143154664407E-16,2.77555756156391E-16));
#4017=DIRECTION('',(-2.77555756161465E-16,3.33066907387598E-16,-1.));
#4018=DIRECTION('',(-1.,-3.33143154664407E-16,2.77555756156391E-16));
#4019=DIRECTION('',(3.33143154664407E-16,-1.,-3.33066907387598E-16));
#4020=DIRECTION('',(3.33143154664407E-16,-1.,-3.33066907387598E-16));
#4021=DIRECTION('',(-1.,-3.33143154664407E-16,2.77555756156391E-16));
#4022=DIRECTION('',(3.33143154664408E-16,-1.,1.97989772724814E-15));
#4023=DIRECTION('',(2.77555756161464E-16,1.97989772724814E-15,1.));
#4024=DIRECTION('',(2.77555756161464E-16,1.97989772724814E-15,1.));
#4025=DIRECTION('',(2.77555756156391E-16,1.97989772724814E-15,1.));
#4026=DIRECTION('',(-1.,-3.33143154664407E-16,2.77555756156391E-16));
#4027=DIRECTION('',(-2.77555756161465E-16,2.1798144037263E-15,-1.));
#4028=DIRECTION('',(3.33143154664407E-16,-1.,-2.1798144037263E-15));
#4029=DIRECTION('',(3.33143154664407E-16,-1.,-2.1798144037263E-15));
#4030=DIRECTION('',(3.33143154664407E-16,-1.,-2.1798144037263E-15));
#4031=DIRECTION('',(-1.,-3.33143154664407E-16,2.77555756156391E-16));
#4032=DIRECTION('',(-4.31829341108212E-16,0.707106781186548,-0.707106781186547));
#4033=DIRECTION('',(3.93062264299489E-17,-0.707106781186547,-0.707106781186548));
#4034=DIRECTION('',(3.93062264299489E-17,-0.707106781186547,-0.707106781186548));
#4035=DIRECTION('',(3.93062264335368E-17,-0.707106781186547,-0.707106781186548));
#4036=DIRECTION('',(-1.,-3.33143154664407E-16,2.77555756156391E-16));
#4037=DIRECTION('',(-3.33143154664407E-16,1.,3.33066907387598E-16));
#4038=DIRECTION('',(-1.,-3.33143154664407E-16,2.77555756156391E-16));
#4039=DIRECTION('',(-2.77555756161465E-16,3.33066907387598E-16,-1.));
#4040=DIRECTION('',(-2.77555756156391E-16,3.33066907387598E-16,-1.));
#4041=DIRECTION('',(-1.,-3.33143154664407E-16,2.77555756156391E-16));
#4042=DIRECTION('',(-4.27288313116997E-16,0.866025403784439,-0.5));
#4043=DIRECTION('',(-7.37987584702245E-17,-0.5,-0.866025403784439));
#4044=DIRECTION('',(-7.37987584702245E-17,-0.5,-0.866025403784439));
#4045=DIRECTION('',(-7.37987584658302E-17,-0.5,-0.866025403784439));
#4046=DIRECTION('',(-1.,-3.33143154664407E-16,2.77555756156391E-16));
#4047=DIRECTION('',(-1.49732556955532E-16,0.866025403784439,0.5));
#4048=DIRECTION('',(-4.06941913134632E-16,0.5,-0.866025403784439));
#4049=DIRECTION('',(-4.06941913134632E-16,0.5,-0.866025403784439));
#4050=DIRECTION('',(-4.06941913130237E-16,0.5,-0.866025403784439));
#4051=DIRECTION('',(-1.,-3.33143154664407E-16,2.77555756156391E-16));
#4052=DIRECTION('',(-3.33143154664407E-16,1.,3.33066907387598E-16));
#4053=DIRECTION('',(-1.,-3.33143154664407E-16,2.77555756156391E-16));
#4054=DIRECTION('',(-2.77555756161465E-16,3.33066907387598E-16,-1.));
#4055=DIRECTION('',(-2.77555756156391E-16,3.33066907387598E-16,-1.));
#4056=DIRECTION('',(-1.,-3.33143154664407E-16,2.77555756156391E-16));
#4057=DIRECTION('',(-3.93062264299495E-17,0.707106781186548,0.707106781186547));
#4058=DIRECTION('',(-4.31829341108212E-16,0.707106781186547,-0.707106781186548));
#4059=DIRECTION('',(-4.31829341108212E-16,0.707106781186547,-0.707106781186548));
#4060=DIRECTION('',(-4.31829341104625E-16,0.707106781186547,-0.707106781186548));
#4061=DIRECTION('',(-1.,-3.33143154664407E-16,2.77555756156391E-16));
#4062=DIRECTION('',(2.77555756161465E-16,-1.25644065555693E-15,1.));
#4063=DIRECTION('',(-3.33143154664407E-16,1.,1.25644065555693E-15));
#4064=DIRECTION('',(-3.33143154664407E-16,1.,1.25644065555693E-15));
#4065=DIRECTION('',(-3.33143154664407E-16,1.,1.25644065555693E-15));
#4066=DIRECTION('',(-1.,-3.33143154664407E-16,2.77555756156391E-16));
#4067=DIRECTION('',(3.33143154664408E-16,-1.,1.97989772724814E-15));
#4068=DIRECTION('',(2.77555756161464E-16,1.97989772724814E-15,1.));
#4069=DIRECTION('',(2.77555756161464E-16,1.97989772724814E-15,1.));
#4070=DIRECTION('',(2.77555756156391E-16,1.97989772724814E-15,1.));
#4071=DIRECTION('',(-1.,-3.33143154664407E-16,2.77555756156391E-16));
#4072=DIRECTION('',(2.77555756161465E-16,-1.16226472890497E-16,1.));
#4073=DIRECTION('',(-3.33143154664407E-16,1.,1.16226472890497E-16));
#4074=DIRECTION('',(-3.33143154664407E-16,1.,1.16226472890497E-16));
#4075=DIRECTION('',(-3.33143154664407E-16,1.,1.16226472890497E-16));
#4076=DIRECTION('',(-1.,-3.33143154664407E-16,2.77555756156391E-16));
#4077=DIRECTION('',(-3.33143154664407E-16,1.,3.33066907387598E-16));
#4078=DIRECTION('',(-1.,-3.33143154664407E-16,2.77555756156391E-16));
#4079=DIRECTION('',(-2.77555756161465E-16,3.33066907387598E-16,-1.));
#4080=DIRECTION('',(-2.77555756156391E-16,3.33066907387598E-16,-1.));
#4081=DIRECTION('',(-1.,-3.33143154664407E-16,2.77555756156391E-16));
#4082=DIRECTION('',(1.,3.33143154664407E-16,-2.77555756156391E-16));
#4083=DIRECTION('',(2.77555756161465E-16,-3.33066907387598E-16,1.));
#4084=DIRECTION('',(-1.,-3.33143154664407E-16,2.77555756156391E-16));
#4085=DIRECTION('',(2.77555756161465E-16,-3.33066907387598E-16,1.));
#4086=DIRECTION('',(-1.,-3.33143154664407E-16,2.77555756156391E-16));
#4087=DIRECTION('',(3.33143154664407E-16,-1.,0.));
#4088=DIRECTION('',(-1.,-3.33143154664407E-16,2.77555756156391E-16));
#4089=DIRECTION('',(-2.77555756161465E-16,3.33066907387598E-16,-1.));
#4090=DIRECTION('',(-1.,-3.33143154664407E-16,2.77555756156391E-16));
#4091=DIRECTION('',(3.33143154664407E-16,-1.,-3.33066907387598E-16));
#4092=DIRECTION('',(3.33143154664407E-16,-1.,-3.33066907387598E-16));
#4093=DIRECTION('',(-1.,-3.33143154664407E-16,2.77555756156391E-16));
#4094=DIRECTION('',(3.33143154664407E-16,-1.,-3.33066907387598E-16));
#4095=DIRECTION('',(1.,3.33143154664407E-16,-2.77555756156391E-16));
#4096=DIRECTION('',(2.77555756161465E-16,-3.33066907387598E-16,1.));
#4097=DIRECTION('',(2.77555756156391E-16,-3.33066907387598E-16,1.));
#4098=DIRECTION('',(-1.,-3.33143154664407E-16,2.77555756156391E-16));
#4099=DIRECTION('',(2.77555756161464E-16,1.97989772724814E-15,1.));
#4100=DIRECTION('',(-3.33143154664408E-16,1.,-1.97989772724814E-15));
#4101=DIRECTION('',(-3.33143154664408E-16,1.,-1.97989772724814E-15));
#4102=DIRECTION('',(-3.33143154664408E-16,1.,-1.97989772724814E-15));
#4103=DIRECTION('',(-1.,-3.33143154664407E-16,2.77555756156391E-16));
#4104=DIRECTION('',(3.33143154664407E-16,-1.,-3.33066907387598E-16));
#4105=DIRECTION('',(1.,3.33143154664407E-16,-2.77555756156391E-16));
#4106=DIRECTION('',(2.77555756161465E-16,-3.33066907387598E-16,1.));
#4107=DIRECTION('',(2.77555756156391E-16,-3.33066907387598E-16,1.));
#4108=DIRECTION('',(-1.,-3.33143154664407E-16,2.77555756156391E-16));
#4109=DIRECTION('',(3.93062264299489E-17,-0.707106781186547,-0.707106781186548));
#4110=DIRECTION('',(4.31829341108212E-16,-0.707106781186548,0.707106781186547));
#4111=DIRECTION('',(4.31829341108212E-16,-0.707106781186548,0.707106781186547));
#4112=DIRECTION('',(4.31829341104625E-16,-0.707106781186548,0.707106781186547));
#4113=DIRECTION('',(-1.,-3.33143154664407E-16,2.77555756156391E-16));
#4114=DIRECTION('',(-2.77555756161465E-16,3.33066907387598E-16,-1.));
#4115=DIRECTION('',(-1.,-3.33143154664407E-16,2.77555756156391E-16));
#4116=DIRECTION('',(3.33143154664407E-16,-1.,-3.33066907387598E-16));
#4117=DIRECTION('',(3.33143154664407E-16,-1.,-3.33066907387598E-16));
#4118=DIRECTION('',(-1.,-3.33143154664407E-16,2.77555756156391E-16));
#4119=DIRECTION('',(-7.37987584702245E-17,-0.5,-0.866025403784439));
#4120=DIRECTION('',(4.27288313116997E-16,-0.866025403784439,0.5));
#4121=DIRECTION('',(4.27288313116997E-16,-0.866025403784439,0.5));
#4122=DIRECTION('',(4.27288313114461E-16,-0.866025403784439,0.5));
#4123=DIRECTION('',(-1.,-3.33143154664407E-16,2.77555756156391E-16));
#4124=DIRECTION('',(-4.06941913134632E-16,0.5,-0.866025403784439));
#4125=DIRECTION('',(1.49732556955532E-16,-0.866025403784439,-0.5));
#4126=DIRECTION('',(1.49732556955532E-16,-0.866025403784439,-0.5));
#4127=DIRECTION('',(1.49732556958069E-16,-0.866025403784439,-0.5));
#4128=DIRECTION('',(-1.,-3.33143154664407E-16,2.77555756156391E-16));
#4129=DIRECTION('',(-2.77555756161465E-16,3.33066907387598E-16,-1.));
#4130=DIRECTION('',(-1.,-3.33143154664407E-16,2.77555756156391E-16));
#4131=DIRECTION('',(3.33143154664407E-16,-1.,-3.33066907387598E-16));
#4132=DIRECTION('',(3.33143154664407E-16,-1.,-3.33066907387598E-16));
#4133=DIRECTION('',(-1.,-3.33143154664407E-16,2.77555756156391E-16));
#4134=DIRECTION('',(-4.31829341108212E-16,0.707106781186548,-0.707106781186547));
#4135=DIRECTION('',(3.93062264299489E-17,-0.707106781186547,-0.707106781186548));
#4136=DIRECTION('',(3.93062264299489E-17,-0.707106781186547,-0.707106781186548));
#4137=DIRECTION('',(3.93062264335368E-17,-0.707106781186547,-0.707106781186548));
#4138=DIRECTION('',(-1.,-3.33143154664407E-16,2.77555756156391E-16));
#4139=DIRECTION('',(-3.33143154664407E-16,1.,1.25644065555695E-15));
#4140=DIRECTION('',(-2.77555756161465E-16,1.25644065555695E-15,-1.));
#4141=DIRECTION('',(-2.77555756161465E-16,1.25644065555695E-15,-1.));
#4142=DIRECTION('',(-2.77555756156391E-16,1.25644065555695E-15,-1.));
#4143=DIRECTION('',(-1.,-3.33143154664407E-16,2.77555756156391E-16));
#4144=DIRECTION('',(2.77555756161464E-16,1.97989772724814E-15,1.));
#4145=DIRECTION('',(-3.33143154664408E-16,1.,-1.97989772724814E-15));
#4146=DIRECTION('',(-3.33143154664408E-16,1.,-1.97989772724814E-15));
#4147=DIRECTION('',(-3.33143154664408E-16,1.,-1.97989772724814E-15));
#4148=DIRECTION('',(-1.,-3.33143154664407E-16,2.77555756156391E-16));
#4149=DIRECTION('',(2.77555756161465E-16,-3.33066907387598E-16,1.));
#4150=DIRECTION('',(-1.,-3.33143154664407E-16,2.77555756156391E-16));
#4151=DIRECTION('',(-2.77555756161465E-16,3.33066907387598E-16,-1.));
#4152=DIRECTION('',(-1.,-3.33143154664407E-16,2.77555756156391E-16));
#4153=DIRECTION('',(2.77555756161465E-16,-3.33066907387598E-16,1.));
#4154=DIRECTION('',(-1.,-3.33143154664407E-16,2.77555756156391E-16));
#4155=DIRECTION('',(3.33143154664407E-16,-1.,0.));
#4156=DIRECTION('',(-1.,-3.33143154664407E-16,2.77555756156391E-16));
#4157=DIRECTION('',(-2.77555756161465E-16,3.33066907387598E-16,-1.));
#4158=DIRECTION('',(2.00810199998934E-6,3.39911025260172E-9,0.999999999997984));
#4159=DIRECTION('',(0.999999999997984,-5.55111496944605E-17,-2.00810199998934E-6));
#4160=DIRECTION('',(2.00810200038936E-6,3.39910978769582E-9,0.999999999997984));
#4161=DIRECTION('',(0.999999999997984,-5.55111510541726E-17,-2.00810200038936E-6));
#4162=DIRECTION('',(2.0081020003792E-6,3.39910991953479E-9,0.999999999997984));
#4163=DIRECTION('',(0.999999999997984,-5.55113629894946E-17,-2.0081020003792E-6));
#4164=DIRECTION('',(-1.,2.12779504761718E-14,2.77555756161467E-16));
#4165=DIRECTION('',(1.03445166791573E-14,0.502424793404665,-0.864620915183226));
#4166=DIRECTION('',(1.,-2.12779504761718E-14,-2.77555756161467E-16));
#4167=DIRECTION('',(-1.,2.12779504761718E-14,2.77555756161467E-16));
#4168=DIRECTION('',(1.03445166791573E-14,0.502424793404665,-0.864620915183226));
#4169=DIRECTION('',(1.,-2.12779504761718E-14,-2.77555756161467E-16));
#4170=DIRECTION('',(1.,-2.12779504761718E-14,-2.77555756161467E-16));
#4171=DIRECTION('',(1.03445166791573E-14,0.502424793404665,-0.864620915183226));
#4172=DIRECTION('',(1.,-2.12779504761718E-14,-2.77555756161467E-16));
#4173=DIRECTION('',(-2.77555756161464E-16,3.33066907387598E-16,-1.));
#4174=DIRECTION('',(1.,-6.78306852494476E-14,-2.77555756161472E-16));
#4175=DIRECTION('',(-2.77555756161464E-16,3.33066907387598E-16,-1.));
#4176=DIRECTION('',(1.,-6.78306852494476E-14,-2.77555756161472E-16));
#4177=DIRECTION('',(2.77555756161464E-16,-3.33066907387598E-16,1.));
#4178=DIRECTION('',(1.,-6.78306852494476E-14,-2.77555756161472E-16));
#4179=DIRECTION('',(-1.,2.12779504761718E-14,2.77555756161467E-16));
#4180=DIRECTION('',(-1.90712844766499E-14,-0.899519611719295,-0.436880381949532));
#4181=DIRECTION('',(-1.,2.12779504761718E-14,2.77555756161467E-16));
#4182=DIRECTION('',(1.,-2.12779504761718E-14,-2.77555756161467E-16));
#4183=DIRECTION('',(-1.90712844766499E-14,-0.899519611719295,-0.436880381949532));
#4184=DIRECTION('',(1.,-2.12779504761718E-14,-2.77555756161467E-16));
#4185=DIRECTION('',(-1.,2.12779504761718E-14,2.77555756161467E-16));
#4186=DIRECTION('',(-1.90712844766499E-14,-0.899519611719295,-0.436880381949532));
#4187=DIRECTION('',(1.,-2.12779504761718E-14,-2.77555756161467E-16));
#4188=DIRECTION('',(1.,-2.12779504761718E-14,-2.77555756161467E-16));
#4189=DIRECTION('',(2.10668289662587E-14,1.,3.33066907387592E-16));
#4190=DIRECTION('',(-2.10668289662588E-14,-1.,-2.46716227694929E-17));
#4191=DIRECTION('',(1.,-2.12779504761718E-14,-2.77555756161467E-16));
#4192=DIRECTION('',(2.77555756161464E-16,-3.33066907387598E-16,1.));
#4193=DIRECTION('',(2.10668289662587E-14,1.,3.33066907387592E-16));
#4194=DIRECTION('',(1.,-2.12779504761718E-14,-2.77555756161467E-16));
#4195=DIRECTION('',(1.88287671471218E-14,0.899519611719295,-0.436880381949532));
#4196=DIRECTION('',(-2.10668289662588E-14,-1.,-2.46716227694929E-17));
#4197=DIRECTION('',(-1.,2.12779504761718E-14,2.77555756161467E-16));
#4198=DIRECTION('',(-2.10668289662588E-14,-1.,2.22044604924987E-16));
#4199=DIRECTION('',(2.77555756161464E-16,-3.33066907387598E-16,1.));
#4200=DIRECTION('',(1.,-2.12779504761718E-14,-2.77555756161467E-16));
#4201=DIRECTION('',(2.10668289662588E-14,1.,8.8817841970017E-16));
#4202=DIRECTION('',(-2.10668289662587E-14,-1.,-3.33066907387592E-16));
#4203=DIRECTION('',(1.,-2.12779504761718E-14,-2.77555756161467E-16));
#4204=DIRECTION('',(2.77555756161363E-16,-1.44328993201275E-15,1.));
#4205=DIRECTION('',(-2.77555756161464E-16,3.33066907387598E-16,-1.));
#4206=DIRECTION('',(-1.,2.12779504761718E-14,2.77555756161467E-16));
#4207=DIRECTION('',(-2.77555756161464E-16,3.33066907387598E-16,-1.));
#4208=DIRECTION('',(-2.77555756161464E-16,3.33066907387598E-16,-1.));
#4209=DIRECTION('',(1.,-6.78306852494476E-14,-2.77555756161472E-16));
#4210=DIRECTION('',(-2.77555756161464E-16,3.33066907387598E-16,-1.));
#4211=DIRECTION('',(-1.,6.78306852494476E-14,2.77555756161472E-16));
#4212=DIRECTION('',(-2.77555756161464E-16,3.33066907387598E-16,-1.));
#4213=DIRECTION('',(1.,-6.78306852494476E-14,-2.77555756161472E-16));
#4214=DIRECTION('',(-2.77555756161464E-16,3.33066907387598E-16,-1.));
#4215=DIRECTION('',(-2.10668289662587E-14,-1.,-3.33066907387592E-16));
#4216=DIRECTION('',(-2.10668289662587E-14,-1.,-3.33066907387592E-16));
#4217=DIRECTION('',(2.77555756161464E-16,-3.33066907387598E-16,1.));
#4218=DIRECTION('',(1.,-6.78306852494476E-14,-2.77555756161472E-16));
#4219=DIRECTION('',(2.77555756161464E-16,-3.33066907387598E-16,1.));
#4220=DIRECTION('',(1.,-6.78306852494476E-14,-2.77555756161472E-16));
#4221=DIRECTION('',(2.77555756161464E-16,-3.33066907387598E-16,1.));
#4222=DIRECTION('',(2.10668289662587E-14,1.,3.33066907387592E-16));
#4223=DIRECTION('',(1.,-2.12779504761718E-14,-2.77555756161467E-16));
#4224=DIRECTION('',(2.10668289662587E-14,1.,3.33066907387592E-16));
#4225=DIRECTION('',(1.,-2.12779504761718E-14,-2.77555756161467E-16));
#4226=DIRECTION('',(-2.77555756161464E-16,3.33066907387598E-16,-1.));
#4227=DIRECTION('',(-2.10668289662587E-14,-1.,-3.33066907387592E-16));
#4228=DIRECTION('',(-1.,2.12779504761718E-14,2.77555756161467E-16));
#4229=DIRECTION('',(2.77555756161464E-16,-3.33066907387598E-16,1.));
#4230=DIRECTION('',(1.,-2.12779504761718E-14,-2.77555756161467E-16));
#4231=DIRECTION('',(-1.,2.12779504761718E-14,2.77555756161467E-16));
#4232=DIRECTION('',(2.77555756161464E-16,-3.33066907387598E-16,1.));
#4233=DIRECTION('',(-1.,2.12779504761718E-14,2.77555756161467E-16));
#4234=DIRECTION('',(1.88287671471218E-14,0.899519611719295,-0.436880381949532));
#4235=DIRECTION('',(-1.,2.12779504761718E-14,2.77555756161467E-16));
#4236=DIRECTION('',(1.88287671471218E-14,0.899519611719295,-0.436880381949532));
#4237=DIRECTION('',(1.,-2.12779504761718E-14,-2.77555756161467E-16));
#4238=DIRECTION('',(2.77555756161464E-16,-2.4671622769499E-17,1.));
#4239=DIRECTION('',(2.10668289662588E-14,1.,2.46716227694929E-17));
#4240=DIRECTION('',(2.10668289662588E-14,1.,2.46716227694929E-17));
#4241=DIRECTION('',(1.,-2.12779504761718E-14,-2.77555756161467E-16));
#4242=DIRECTION('',(-1.,2.12779504761718E-14,2.77555756161467E-16));
#4243=DIRECTION('',(-2.10668289662588E-14,-1.,2.22044604924987E-16));
#4244=DIRECTION('',(1.,-2.12779504761718E-14,-2.77555756161467E-16));
#4245=DIRECTION('',(-2.10668289662588E-14,-1.,2.22044604924987E-16));
#4246=DIRECTION('',(1.,-2.12779504761718E-14,-2.77555756161467E-16));
#4247=DIRECTION('',(2.10668289662587E-14,1.,3.33066907387592E-16));
#4248=DIRECTION('',(-2.77555756161464E-16,3.33066907387598E-16,-1.));
#4249=DIRECTION('',(-2.77555756161464E-16,3.33066907387598E-16,-1.));
#4250=DIRECTION('',(1.,-2.12779504761718E-14,-2.77555756161467E-16));
#4251=DIRECTION('',(-1.,2.12779504761718E-14,2.77555756161467E-16));
#4252=DIRECTION('',(2.10668289662588E-14,1.,8.8817841970017E-16));
#4253=DIRECTION('',(-1.,2.12779504761718E-14,2.77555756161467E-16));
#4254=DIRECTION('',(2.10668289662588E-14,1.,8.8817841970017E-16));
#4255=DIRECTION('',(-1.,2.12779504761718E-14,2.77555756161467E-16));
#4256=DIRECTION('',(2.77555756161363E-16,-1.44328993201275E-15,1.));
#4257=DIRECTION('',(-1.,2.12779504761718E-14,2.77555756161467E-16));
#4258=DIRECTION('',(2.77555756161363E-16,-1.44328993201275E-15,1.));
#4259=DIRECTION('',(1.,-2.12779504761718E-14,-2.77555756161467E-16));
#4260=DIRECTION('',(-2.10668289662587E-14,-1.,-3.33066907387592E-16));
#4261=DIRECTION('',(2.77555756161464E-16,-3.33066907387598E-16,1.));
#4262=DIRECTION('',(2.77555756161464E-16,-3.33066907387598E-16,1.));
#4263=DIRECTION('',(1.,-2.12779504761718E-14,-2.77555756161467E-16));
#4264=DIRECTION('',(-1.,2.12779504761718E-14,2.77555756161467E-16));
#4265=DIRECTION('',(-2.77555756161464E-16,3.33066907387598E-16,-1.));
#4266=DIRECTION('',(1.,-2.12779504761718E-14,-2.77555756161467E-16));
#4267=DIRECTION('',(-2.77555756161464E-16,3.33066907387598E-16,-1.));
#4268=DIRECTION('',(-1.,2.12779504761718E-14,2.77555756161467E-16));
#4269=DIRECTION('',(2.77555756161464E-16,-2.4671622769499E-17,1.));
#4270=DIRECTION('',(2.10668289662588E-14,1.,2.46716227694929E-17));
#4271=DIRECTION('',(2.10668289662588E-14,1.,2.46716227694929E-17));
#4272=DIRECTION('',(1.,-2.12779504761718E-14,-2.77555756161467E-16));
#4273=DIRECTION('',(2.10668289662587E-14,1.,3.33066907387592E-16));
#4274=DIRECTION('',(2.00810199998934E-6,3.39911025260172E-9,0.999999999997984));
#4275=DIRECTION('',(0.999999999997984,-5.55111496944605E-17,-2.00810199998934E-6));
#4276=CARTESIAN_POINT('',(0.,0.,0.));
#4277=CARTESIAN_POINT('',(-0.1076,0.197516973553833,-0.0100523464062821));
#4278=CARTESIAN_POINT('',(-0.116868456268937,0.193528175386198,-0.0042999999999993));
#4279=CARTESIAN_POINT('',(-0.116477370294191,0.193352208548847,-0.00442201911164816));
#4280=CARTESIAN_POINT('',(-0.115601793456846,0.193159391483616,-0.00457549073448508));
#4281=CARTESIAN_POINT('',(-0.114722865058339,0.193352102653358,-0.00442209254181087));
#4282=CARTESIAN_POINT('',(-0.114331543731063,0.193528175386198,-0.00429999999999952));
#4283=CARTESIAN_POINT('',(-0.116868456268937,0.193528175386198,-0.0042999999999993));
#4284=CARTESIAN_POINT('',(-0.114331543731063,0.193528175386198,-0.00429999999999952));
#4285=CARTESIAN_POINT('',(-0.1076,0.193528175386198,-0.00429999999999914));
#4286=CARTESIAN_POINT('',(-0.1196,0.193528175386197,-0.00429999999999905));
#4287=CARTESIAN_POINT('',(-0.1196,0.197516973553832,-0.010052346406282));
#4288=CARTESIAN_POINT('',(-0.1196,0.191220336271798,-0.00699418373263504));
#4289=CARTESIAN_POINT('',(-0.1076,0.191220336271798,-0.00699418373263513));
#4290=CARTESIAN_POINT('',(-0.1071,0.191220336271798,-0.00699418373263519));
#4291=CARTESIAN_POINT('',(-0.1071,0.197516973553833,-0.0100523464062822));
#4292=CARTESIAN_POINT('',(-0.1071,0.193528175386198,-0.0042999999999992));
#4293=CARTESIAN_POINT('',(-0.1076,0.193528175386198,-0.00429999999999914));
#4294=CARTESIAN_POINT('',(-0.1156,0.195,-0.00970421172358839));
#4295=CARTESIAN_POINT('',(-0.1156,0.195,-0.00819999999999942));
#4296=CARTESIAN_POINT('',(-0.114057,0.195,-0.00819999999999942));
#4297=CARTESIAN_POINT('',(-0.1156,0.195,-0.00469999999999942));
#4298=CARTESIAN_POINT('',(-0.114057,0.195,-0.00469999999999942));
#4299=CARTESIAN_POINT('',(-0.1076,0.192483026446167,-0.0100523464062821));
#4300=CARTESIAN_POINT('',(-0.114331543731063,0.196471824613802,-0.00429999999999952));
#4301=CARTESIAN_POINT('',(-0.114722629705809,0.196647791451154,-0.00442201911164837));
#4302=CARTESIAN_POINT('',(-0.115598206543154,0.196840608516384,-0.00457549073448498));
#4303=CARTESIAN_POINT('',(-0.116477134941661,0.196647897346642,-0.00442209254181063));
#4304=CARTESIAN_POINT('',(-0.116868456268937,0.196471824613802,-0.0042999999999993));
#4305=CARTESIAN_POINT('',(-0.114331543731063,0.196471824613802,-0.00429999999999952));
#4306=CARTESIAN_POINT('',(-0.116868456268937,0.196471824613802,-0.0042999999999993));
#4307=CARTESIAN_POINT('',(-0.1076,0.196471824613802,-0.00429999999999914));
#4308=CARTESIAN_POINT('',(-0.1071,0.196471824613802,-0.0042999999999992));
#4309=CARTESIAN_POINT('',(-0.1071,0.192483026446167,-0.0100523464062822));
#4310=CARTESIAN_POINT('',(-0.1071,0.198779663728204,-0.00699418373263419));
#4311=CARTESIAN_POINT('',(-0.1076,0.198779663728204,-0.00699418373263413));
#4312=CARTESIAN_POINT('',(-0.1196,0.198779663728203,-0.00699418373263504));
#4313=CARTESIAN_POINT('',(-0.1196,0.192483026446167,-0.010052346406282));
#4314=CARTESIAN_POINT('',(-0.1196,0.196471824613802,-0.00429999999999905));
#4315=CARTESIAN_POINT('',(-0.1076,0.196471824613802,-0.00429999999999914));
#4316=CARTESIAN_POINT('',(-0.1071,0.195,-0.00630000000000019));
#4317=CARTESIAN_POINT('',(-0.1071,0.1977,-0.0080000000000002));
#4318=CARTESIAN_POINT('',(-0.1071,0.1977,-0.0080000000000002));
#4319=CARTESIAN_POINT('',(-0.1071,0.19815,-0.0080000000000002));
#4320=CARTESIAN_POINT('',(-0.1071,0.19815,-0.00730000000000019));
#4321=CARTESIAN_POINT('',(-0.1071,0.1945,-0.0042999999999992));
#4322=CARTESIAN_POINT('',(-0.1071,0.19185,-0.00730000000000019));
#4323=CARTESIAN_POINT('',(-0.1071,0.19185,-0.0079999999999992));
#4324=CARTESIAN_POINT('',(-0.1071,0.195,-0.0080000000000002));
#4325=CARTESIAN_POINT('',(-0.1071,0.1923,-0.0080000000000002));
#4326=CARTESIAN_POINT('',(-0.1071,0.1923,-0.0082500000000002));
#4327=CARTESIAN_POINT('',(-0.1071,0.19255,-0.0082500000000002));
#4328=CARTESIAN_POINT('',(-0.1071,0.19255,-0.00834999999999919));
#4329=CARTESIAN_POINT('',(-0.1071,0.19255,-0.00834999999999919));
#4330=CARTESIAN_POINT('',(-0.1071,0.1928,-0.00834999999999919));
#4331=CARTESIAN_POINT('',(-0.1071,0.1928,-0.00859999999999919));
#4332=CARTESIAN_POINT('',(-0.1071,0.195,-0.00859999999999919));
#4333=CARTESIAN_POINT('',(-0.1071,0.1972,-0.00859999999999919));
#4334=CARTESIAN_POINT('',(-0.1071,0.1972,-0.00834999999999919));
#4335=CARTESIAN_POINT('',(-0.1071,0.19745,-0.00834999999999919));
#4336=CARTESIAN_POINT('',(-0.1071,0.19745,-0.00834999999999919));
#4337=CARTESIAN_POINT('',(-0.1071,0.19745,-0.0082500000000002));
#4338=CARTESIAN_POINT('',(-0.1071,0.1977,-0.0082500000000002));
#4339=CARTESIAN_POINT('',(-0.1156,0.195,-0.00449999999999942));
#4340=CARTESIAN_POINT('',(-0.1156,0.195,-0.00429999999999941));
#4341=CARTESIAN_POINT('',(-0.1156,0.195,-0.00429999999999941));
#4342=CARTESIAN_POINT('',(-0.1076,0.194,-0.00429999999999914));
#4343=CARTESIAN_POINT('',(-0.1196,0.1945,-0.00429999999999905));
#4344=CARTESIAN_POINT('',(-0.1156,0.195,-0.00839999999999943));
#4345=CARTESIAN_POINT('',(-0.1156,0.195,-0.00859999999999941));
#4346=CARTESIAN_POINT('',(-0.113657,0.195,-0.00859999999999941));
#4347=CARTESIAN_POINT('',(-0.1076,0.1972,-0.00859999999999913));
#4348=CARTESIAN_POINT('',(-0.1076,0.1928,-0.00859999999999913));
#4349=CARTESIAN_POINT('',(-0.1196,0.1928,-0.00859999999999904));
#4350=CARTESIAN_POINT('',(-0.1196,0.195,-0.00859999999999904));
#4351=CARTESIAN_POINT('',(-0.1196,0.1972,-0.00859999999999904));
#4352=CARTESIAN_POINT('',(-0.1076,0.1972,-0.00859999999999913));
#4353=CARTESIAN_POINT('',(-0.1076,0.194,-0.00429999999999914));
#4354=CARTESIAN_POINT('',(-0.1076,0.19815,-0.00730000000000014));
#4355=CARTESIAN_POINT('',(-0.1076,0.19815,-0.00800000000000014));
#4356=CARTESIAN_POINT('',(-0.1196,0.19815,-0.008));
#4357=CARTESIAN_POINT('',(-0.1196,0.19815,-0.0073));
#4358=CARTESIAN_POINT('',(-0.1076,0.19185,-0.00730000000000014));
#4359=CARTESIAN_POINT('',(-0.1196,0.19185,-0.0073));
#4360=CARTESIAN_POINT('',(-0.1196,0.19185,-0.00799999999999906));
#4361=CARTESIAN_POINT('',(-0.1076,0.19185,-0.00799999999999915));
#4362=CARTESIAN_POINT('',(-0.1076,0.19815,-0.00800000000000014));
#4363=CARTESIAN_POINT('',(-0.1196,0.195,-0.008));
#4364=CARTESIAN_POINT('',(-0.1196,0.1923,-0.008));
#4365=CARTESIAN_POINT('',(-0.1076,0.1923,-0.00800000000000014));
#4366=CARTESIAN_POINT('',(-0.1076,0.1923,-0.00825000000000014));
#4367=CARTESIAN_POINT('',(-0.1196,0.1923,-0.00825));
#4368=CARTESIAN_POINT('',(-0.1196,0.19255,-0.00825));
#4369=CARTESIAN_POINT('',(-0.1076,0.19255,-0.00825000000000014));
#4370=CARTESIAN_POINT('',(-0.1076,0.19255,-0.00834999999999913));
#4371=CARTESIAN_POINT('',(-0.1196,0.19255,-0.00834999999999904));
#4372=CARTESIAN_POINT('',(-0.1196,0.19255,-0.00834999999999904));
#4373=CARTESIAN_POINT('',(-0.1076,0.19255,-0.00834999999999913));
#4374=CARTESIAN_POINT('',(-0.1076,0.1928,-0.00834999999999913));
#4375=CARTESIAN_POINT('',(-0.1196,0.1928,-0.00834999999999904));
#4376=CARTESIAN_POINT('',(-0.1076,0.1972,-0.00834999999999913));
#4377=CARTESIAN_POINT('',(-0.1196,0.1972,-0.00834999999999904));
#4378=CARTESIAN_POINT('',(-0.1196,0.19745,-0.00834999999999904));
#4379=CARTESIAN_POINT('',(-0.1076,0.19745,-0.00834999999999913));
#4380=CARTESIAN_POINT('',(-0.1076,0.19745,-0.00825000000000014));
#4381=CARTESIAN_POINT('',(-0.1196,0.19745,-0.00834999999999904));
#4382=CARTESIAN_POINT('',(-0.1196,0.19745,-0.00825));
#4383=CARTESIAN_POINT('',(-0.1076,0.19745,-0.00825000000000014));
#4384=CARTESIAN_POINT('',(-0.1076,0.1977,-0.00825000000000014));
#4385=CARTESIAN_POINT('',(-0.1196,0.1977,-0.00825));
#4386=CARTESIAN_POINT('',(-0.1196,0.1977,-0.008));
#4387=CARTESIAN_POINT('',(-0.1076,0.1977,-0.00800000000000014));
#4388=CARTESIAN_POINT('',(-0.1076,0.19815,-0.00800000000000014));
#4389=CARTESIAN_POINT('',(-0.1196,0.1977,-0.008));
#4390=CARTESIAN_POINT('',(-0.1196,0.195,-0.0063));
#4391=CARTESIAN_POINT('',(-0.0294999999910062,-0.562894487117614,0.339999691711586));
#4392=CARTESIAN_POINT('',(0.1676,0.192483026446167,-0.0100523464062822));
#4393=CARTESIAN_POINT('',(0.176868456268937,0.196471824613802,-0.00429999999999938));
#4394=CARTESIAN_POINT('',(0.176477370294191,0.196647791451153,-0.00442201911164822));
#4395=CARTESIAN_POINT('',(0.175601793456846,0.196840608516384,-0.00457549073448479));
#4396=CARTESIAN_POINT('',(0.17472286505834,0.196647897346642,-0.00442209254181092));
#4397=CARTESIAN_POINT('',(0.174331543731063,0.196471824613802,-0.00429999999999963));
#4398=CARTESIAN_POINT('',(0.176868456268937,0.196471824613802,-0.00429999999999938));
#4399=CARTESIAN_POINT('',(0.174331543731063,0.196471824613802,-0.00429999999999963));
#4400=CARTESIAN_POINT('',(0.1676,0.196471824613802,-0.00430000000000024));
#4401=CARTESIAN_POINT('',(0.1796,0.196471824613802,-0.00429999999999913));
#4402=CARTESIAN_POINT('',(0.1796,0.192483026446168,-0.0100523464062821));
#4403=CARTESIAN_POINT('',(0.1796,0.198779663728203,-0.00699418373263513));
#4404=CARTESIAN_POINT('',(0.1676,0.198779663728202,-0.00699418373263523));
#4405=CARTESIAN_POINT('',(0.1671,0.198779663728202,-0.00699418373263529));
#4406=CARTESIAN_POINT('',(0.1671,0.192483026446167,-0.0100523464062823));
#4407=CARTESIAN_POINT('',(0.1671,0.196471824613802,-0.00430000000000029));
#4408=CARTESIAN_POINT('',(0.1676,0.196471824613802,-0.00430000000000024));
#4409=CARTESIAN_POINT('',(0.1756,0.195,-0.0097042117235885));
#4410=CARTESIAN_POINT('',(0.1756,0.195,-0.00819999999999953));
#4411=CARTESIAN_POINT('',(0.174057,0.195,-0.00819999999999953));
#4412=CARTESIAN_POINT('',(0.1756,0.195,-0.00469999999999953));
#4413=CARTESIAN_POINT('',(0.174057,0.195,-0.00469999999999953));
#4414=CARTESIAN_POINT('',(0.1676,0.197516973553833,-0.0100523464062822));
#4415=CARTESIAN_POINT('',(0.174331543731063,0.193528175386198,-0.00429999999999963));
#4416=CARTESIAN_POINT('',(0.174722629705809,0.193352208548847,-0.00442201911164845));
#4417=CARTESIAN_POINT('',(0.175598206543154,0.193159391483616,-0.0045754907344855));
#4418=CARTESIAN_POINT('',(0.176477134941661,0.193352102653359,-0.00442209254181072));
#4419=CARTESIAN_POINT('',(0.176868456268938,0.193528175386199,-0.00429999999999938));
#4420=CARTESIAN_POINT('',(0.174331543731063,0.193528175386198,-0.00429999999999963));
#4421=CARTESIAN_POINT('',(0.176868456268937,0.193528175386198,-0.00429999999999937));
#4422=CARTESIAN_POINT('',(0.1676,0.193528175386198,-0.00430000000000024));
#4423=CARTESIAN_POINT('',(0.1671,0.193528175386198,-0.00430000000000029));
#4424=CARTESIAN_POINT('',(0.1671,0.197516973553833,-0.0100523464062823));
#4425=CARTESIAN_POINT('',(0.1671,0.191220336271797,-0.00699418373263429));
#4426=CARTESIAN_POINT('',(0.1676,0.191220336271797,-0.00699418373263423));
#4427=CARTESIAN_POINT('',(0.1796,0.191220336271797,-0.00699418373263513));
#4428=CARTESIAN_POINT('',(0.1796,0.197516973553833,-0.0100523464062821));
#4429=CARTESIAN_POINT('',(0.1796,0.193528175386198,-0.00429999999999913));
#4430=CARTESIAN_POINT('',(0.1676,0.193528175386198,-0.00430000000000024));
#4431=CARTESIAN_POINT('',(0.1671,0.195,-0.00630000000000029));
#4432=CARTESIAN_POINT('',(0.1671,0.1923,-0.0080000000000003));
#4433=CARTESIAN_POINT('',(0.1671,0.1923,-0.0080000000000003));
#4434=CARTESIAN_POINT('',(0.1671,0.19185,-0.0080000000000003));
#4435=CARTESIAN_POINT('',(0.1671,0.19185,-0.00730000000000029));
#4436=CARTESIAN_POINT('',(0.1671,0.1955,-0.00430000000000029));
#4437=CARTESIAN_POINT('',(0.1671,0.19815,-0.00730000000000029));
#4438=CARTESIAN_POINT('',(0.1671,0.19815,-0.0079999999999993));
#4439=CARTESIAN_POINT('',(0.1671,0.195,-0.0080000000000003));
#4440=CARTESIAN_POINT('',(0.1671,0.1977,-0.0080000000000003));
#4441=CARTESIAN_POINT('',(0.1671,0.1977,-0.0082500000000003));
#4442=CARTESIAN_POINT('',(0.1671,0.19745,-0.0082500000000003));
#4443=CARTESIAN_POINT('',(0.1671,0.19745,-0.00834999999999929));
#4444=CARTESIAN_POINT('',(0.1671,0.19745,-0.00834999999999929));
#4445=CARTESIAN_POINT('',(0.1671,0.1972,-0.00834999999999929));
#4446=CARTESIAN_POINT('',(0.1671,0.1972,-0.00859999999999929));
#4447=CARTESIAN_POINT('',(0.1671,0.195,-0.00859999999999929));
#4448=CARTESIAN_POINT('',(0.1671,0.1928,-0.00859999999999929));
#4449=CARTESIAN_POINT('',(0.1671,0.1928,-0.00834999999999929));
#4450=CARTESIAN_POINT('',(0.1671,0.19255,-0.00834999999999929));
#4451=CARTESIAN_POINT('',(0.1671,0.19255,-0.00834999999999929));
#4452=CARTESIAN_POINT('',(0.1671,0.19255,-0.0082500000000003));
#4453=CARTESIAN_POINT('',(0.1671,0.1923,-0.0082500000000003));
#4454=CARTESIAN_POINT('',(0.1756,0.195,-0.00449999999999952));
#4455=CARTESIAN_POINT('',(0.1756,0.195,-0.00429999999999952));
#4456=CARTESIAN_POINT('',(0.1756,0.195,-0.00429999999999952));
#4457=CARTESIAN_POINT('',(0.1676,0.196,-0.00430000000000024));
#4458=CARTESIAN_POINT('',(0.1796,0.1955,-0.00429999999999913));
#4459=CARTESIAN_POINT('',(0.1756,0.195,-0.00839999999999954));
#4460=CARTESIAN_POINT('',(0.1756,0.195,-0.00859999999999951));
#4461=CARTESIAN_POINT('',(0.173657,0.195,-0.00859999999999951));
#4462=CARTESIAN_POINT('',(0.1676,0.1928,-0.00859999999999923));
#4463=CARTESIAN_POINT('',(0.1676,0.1972,-0.00859999999999923));
#4464=CARTESIAN_POINT('',(0.1796,0.1972,-0.00859999999999913));
#4465=CARTESIAN_POINT('',(0.1796,0.195,-0.00859999999999913));
#4466=CARTESIAN_POINT('',(0.1796,0.1928,-0.00859999999999913));
#4467=CARTESIAN_POINT('',(0.1676,0.1928,-0.00859999999999923));
#4468=CARTESIAN_POINT('',(0.1676,0.196,-0.00430000000000024));
#4469=CARTESIAN_POINT('',(0.1676,0.19185,-0.00730000000000024));
#4470=CARTESIAN_POINT('',(0.1676,0.19185,-0.00800000000000024));
#4471=CARTESIAN_POINT('',(0.1796,0.19185,-0.00800000000000014));
#4472=CARTESIAN_POINT('',(0.1796,0.19185,-0.00730000000000013));
#4473=CARTESIAN_POINT('',(0.1676,0.19815,-0.00730000000000024));
#4474=CARTESIAN_POINT('',(0.1796,0.19815,-0.00730000000000013));
#4475=CARTESIAN_POINT('',(0.1796,0.19815,-0.00799999999999914));
#4476=CARTESIAN_POINT('',(0.1676,0.19815,-0.00799999999999924));
#4477=CARTESIAN_POINT('',(0.1676,0.19185,-0.00800000000000024));
#4478=CARTESIAN_POINT('',(0.1796,0.195,-0.00800000000000014));
#4479=CARTESIAN_POINT('',(0.1796,0.1977,-0.00800000000000014));
#4480=CARTESIAN_POINT('',(0.1676,0.1977,-0.00800000000000024));
#4481=CARTESIAN_POINT('',(0.1676,0.1977,-0.00825000000000024));
#4482=CARTESIAN_POINT('',(0.1796,0.1977,-0.00825000000000014));
#4483=CARTESIAN_POINT('',(0.1796,0.19745,-0.00825000000000014));
#4484=CARTESIAN_POINT('',(0.1676,0.19745,-0.00825000000000024));
#4485=CARTESIAN_POINT('',(0.1676,0.19745,-0.00834999999999923));
#4486=CARTESIAN_POINT('',(0.1796,0.19745,-0.00834999999999913));
#4487=CARTESIAN_POINT('',(0.1796,0.19745,-0.00834999999999913));
#4488=CARTESIAN_POINT('',(0.1676,0.19745,-0.00834999999999923));
#4489=CARTESIAN_POINT('',(0.1676,0.1972,-0.00834999999999923));
#4490=CARTESIAN_POINT('',(0.1796,0.1972,-0.00834999999999913));
#4491=CARTESIAN_POINT('',(0.1676,0.1928,-0.00834999999999923));
#4492=CARTESIAN_POINT('',(0.1796,0.1928,-0.00834999999999913));
#4493=CARTESIAN_POINT('',(0.1796,0.19255,-0.00834999999999913));
#4494=CARTESIAN_POINT('',(0.1676,0.19255,-0.00834999999999923));
#4495=CARTESIAN_POINT('',(0.1676,0.19255,-0.00825000000000024));
#4496=CARTESIAN_POINT('',(0.1796,0.19255,-0.00834999999999913));
#4497=CARTESIAN_POINT('',(0.1796,0.19255,-0.00825000000000014));
#4498=CARTESIAN_POINT('',(0.1676,0.19255,-0.00825000000000024));
#4499=CARTESIAN_POINT('',(0.1676,0.1923,-0.00825000000000024));
#4500=CARTESIAN_POINT('',(0.1796,0.1923,-0.00825000000000014));
#4501=CARTESIAN_POINT('',(0.1796,0.1923,-0.00800000000000014));
#4502=CARTESIAN_POINT('',(0.1676,0.1923,-0.00800000000000024));
#4503=CARTESIAN_POINT('',(0.1676,0.19185,-0.00800000000000024));
#4504=CARTESIAN_POINT('',(0.1796,0.1923,-0.00800000000000014));
#4505=CARTESIAN_POINT('',(0.1796,0.195,-0.00630000000000013));
#4506=CARTESIAN_POINT('',(-0.0294999999910062,-0.562894487117614,0.339999691711586));
#4507=CARTESIAN_POINT('',(0.1676,0.197516973553833,0.0100523464062832));
#4508=CARTESIAN_POINT('',(0.176868456268937,0.193528175386198,0.00430000000000036));
#4509=CARTESIAN_POINT('',(0.176477370294191,0.193352208548847,0.00442201911164922));
#4510=CARTESIAN_POINT('',(0.175601793456846,0.193159391483616,0.00457549073448619));
#4511=CARTESIAN_POINT('',(0.17472286505834,0.193352102653358,0.00442209254181192));
#4512=CARTESIAN_POINT('',(0.174331543731063,0.193528175386197,0.00430000000000061));
#4513=CARTESIAN_POINT('',(0.176868456268937,0.193528175386198,0.00430000000000036));
#4514=CARTESIAN_POINT('',(0.174331543731063,0.193528175386197,0.00430000000000061));
#4515=CARTESIAN_POINT('',(0.1676,0.193528175386198,0.00430000000000122));
#4516=CARTESIAN_POINT('',(0.1796,0.193528175386197,0.00430000000000011));
#4517=CARTESIAN_POINT('',(0.1796,0.197516973553832,0.0100523464062831));
#4518=CARTESIAN_POINT('',(0.1796,0.191220336271798,0.00699418373263611));
#4519=CARTESIAN_POINT('',(0.1676,0.191220336271798,0.00699418373263622));
#4520=CARTESIAN_POINT('',(0.1671,0.191220336271798,0.00699418373263627));
#4521=CARTESIAN_POINT('',(0.1671,0.197516973553833,0.0100523464062833));
#4522=CARTESIAN_POINT('',(0.1671,0.193528175386198,0.00430000000000128));
#4523=CARTESIAN_POINT('',(0.1676,0.193528175386198,0.00430000000000122));
#4524=CARTESIAN_POINT('',(0.1756,0.195,0.00970421172358948));
#4525=CARTESIAN_POINT('',(0.1756,0.195,0.00820000000000051));
#4526=CARTESIAN_POINT('',(0.174057,0.195,0.00820000000000051));
#4527=CARTESIAN_POINT('',(0.1756,0.195,0.00470000000000051));
#4528=CARTESIAN_POINT('',(0.174057,0.195,0.00470000000000051));
#4529=CARTESIAN_POINT('',(0.1676,0.192483026446167,0.0100523464062832));
#4530=CARTESIAN_POINT('',(0.174331543731063,0.196471824613803,0.00430000000000061));
#4531=CARTESIAN_POINT('',(0.174722629705809,0.196647791451154,0.00442201911164941));
#4532=CARTESIAN_POINT('',(0.175598206543154,0.196840608516384,0.0045754907344861));
#4533=CARTESIAN_POINT('',(0.176477134941661,0.196647897346642,0.00442209254181168));
#4534=CARTESIAN_POINT('',(0.176868456268938,0.196471824613802,0.00430000000000036));
#4535=CARTESIAN_POINT('',(0.174331543731063,0.196471824613802,0.00430000000000061));
#4536=CARTESIAN_POINT('',(0.176868456268937,0.196471824613802,0.00430000000000036));
#4537=CARTESIAN_POINT('',(0.1676,0.196471824613802,0.00430000000000122));
#4538=CARTESIAN_POINT('',(0.1671,0.196471824613802,0.00430000000000128));
#4539=CARTESIAN_POINT('',(0.1671,0.192483026446167,0.0100523464062833));
#4540=CARTESIAN_POINT('',(0.1671,0.198779663728203,0.00699418373263527));
#4541=CARTESIAN_POINT('',(0.1676,0.198779663728203,0.00699418373263522));
#4542=CARTESIAN_POINT('',(0.1796,0.198779663728203,0.00699418373263611));
#4543=CARTESIAN_POINT('',(0.1796,0.192483026446167,0.0100523464062831));
#4544=CARTESIAN_POINT('',(0.1796,0.196471824613802,0.00430000000000011));
#4545=CARTESIAN_POINT('',(0.1676,0.196471824613802,0.00430000000000122));
#4546=CARTESIAN_POINT('',(0.1671,0.195,0.00630000000000128));
#4547=CARTESIAN_POINT('',(0.1671,0.1977,0.00800000000000128));
#4548=CARTESIAN_POINT('',(0.1671,0.1977,0.00800000000000128));
#4549=CARTESIAN_POINT('',(0.1671,0.19815,0.00800000000000128));
#4550=CARTESIAN_POINT('',(0.1671,0.19815,0.00730000000000128));
#4551=CARTESIAN_POINT('',(0.1671,0.1945,0.00430000000000128));
#4552=CARTESIAN_POINT('',(0.1671,0.19185,0.00730000000000128));
#4553=CARTESIAN_POINT('',(0.1671,0.19185,0.00800000000000029));
#4554=CARTESIAN_POINT('',(0.1671,0.195,0.00800000000000128));
#4555=CARTESIAN_POINT('',(0.1671,0.1923,0.00800000000000128));
#4556=CARTESIAN_POINT('',(0.1671,0.1923,0.00825000000000128));
#4557=CARTESIAN_POINT('',(0.1671,0.19255,0.00825000000000128));
#4558=CARTESIAN_POINT('',(0.1671,0.19255,0.00835000000000027));
#4559=CARTESIAN_POINT('',(0.1671,0.19255,0.00835000000000027));
#4560=CARTESIAN_POINT('',(0.1671,0.1928,0.00835000000000027));
#4561=CARTESIAN_POINT('',(0.1671,0.1928,0.00860000000000027));
#4562=CARTESIAN_POINT('',(0.1671,0.195,0.00860000000000027));
#4563=CARTESIAN_POINT('',(0.1671,0.1972,0.00860000000000027));
#4564=CARTESIAN_POINT('',(0.1671,0.1972,0.00835000000000027));
#4565=CARTESIAN_POINT('',(0.1671,0.19745,0.00835000000000027));
#4566=CARTESIAN_POINT('',(0.1671,0.19745,0.00835000000000027));
#4567=CARTESIAN_POINT('',(0.1671,0.19745,0.00825000000000128));
#4568=CARTESIAN_POINT('',(0.1671,0.1977,0.00825000000000128));
#4569=CARTESIAN_POINT('',(0.1756,0.195,0.0045000000000005));
#4570=CARTESIAN_POINT('',(0.1756,0.195,0.0043000000000005));
#4571=CARTESIAN_POINT('',(0.1756,0.195,0.0043000000000005));
#4572=CARTESIAN_POINT('',(0.1676,0.194,0.00430000000000122));
#4573=CARTESIAN_POINT('',(0.1796,0.1945,0.00430000000000011));
#4574=CARTESIAN_POINT('',(0.1756,0.195,0.00840000000000052));
#4575=CARTESIAN_POINT('',(0.1756,0.195,0.0086000000000005));
#4576=CARTESIAN_POINT('',(0.173657,0.195,0.0086000000000005));
#4577=CARTESIAN_POINT('',(0.1676,0.1972,0.00860000000000022));
#4578=CARTESIAN_POINT('',(0.1676,0.1928,0.00860000000000022));
#4579=CARTESIAN_POINT('',(0.1796,0.1928,0.00860000000000011));
#4580=CARTESIAN_POINT('',(0.1796,0.195,0.00860000000000011));
#4581=CARTESIAN_POINT('',(0.1796,0.1972,0.00860000000000011));
#4582=CARTESIAN_POINT('',(0.1676,0.1972,0.00860000000000022));
#4583=CARTESIAN_POINT('',(0.1676,0.194,0.00430000000000122));
#4584=CARTESIAN_POINT('',(0.1676,0.19815,0.00730000000000122));
#4585=CARTESIAN_POINT('',(0.1676,0.19815,0.00800000000000123));
#4586=CARTESIAN_POINT('',(0.1796,0.19815,0.00800000000000112));
#4587=CARTESIAN_POINT('',(0.1796,0.19815,0.00730000000000111));
#4588=CARTESIAN_POINT('',(0.1676,0.19185,0.00730000000000122));
#4589=CARTESIAN_POINT('',(0.1796,0.19185,0.00730000000000111));
#4590=CARTESIAN_POINT('',(0.1796,0.19185,0.00800000000000012));
#4591=CARTESIAN_POINT('',(0.1676,0.19185,0.00800000000000023));
#4592=CARTESIAN_POINT('',(0.1676,0.19815,0.00800000000000123));
#4593=CARTESIAN_POINT('',(0.1796,0.195,0.00800000000000112));
#4594=CARTESIAN_POINT('',(0.1796,0.1923,0.00800000000000112));
#4595=CARTESIAN_POINT('',(0.1676,0.1923,0.00800000000000123));
#4596=CARTESIAN_POINT('',(0.1676,0.1923,0.00825000000000123));
#4597=CARTESIAN_POINT('',(0.1796,0.1923,0.00825000000000112));
#4598=CARTESIAN_POINT('',(0.1796,0.19255,0.00825000000000112));
#4599=CARTESIAN_POINT('',(0.1676,0.19255,0.00825000000000123));
#4600=CARTESIAN_POINT('',(0.1676,0.19255,0.00835000000000022));
#4601=CARTESIAN_POINT('',(0.1796,0.19255,0.00835000000000011));
#4602=CARTESIAN_POINT('',(0.1796,0.19255,0.00835000000000011));
#4603=CARTESIAN_POINT('',(0.1676,0.19255,0.00835000000000022));
#4604=CARTESIAN_POINT('',(0.1676,0.1928,0.00835000000000022));
#4605=CARTESIAN_POINT('',(0.1796,0.1928,0.00835000000000011));
#4606=CARTESIAN_POINT('',(0.1676,0.1972,0.00835000000000022));
#4607=CARTESIAN_POINT('',(0.1796,0.1972,0.00835000000000011));
#4608=CARTESIAN_POINT('',(0.1796,0.19745,0.00835000000000011));
#4609=CARTESIAN_POINT('',(0.1676,0.19745,0.00835000000000022));
#4610=CARTESIAN_POINT('',(0.1676,0.19745,0.00825000000000123));
#4611=CARTESIAN_POINT('',(0.1796,0.19745,0.00835000000000011));
#4612=CARTESIAN_POINT('',(0.1796,0.19745,0.00825000000000112));
#4613=CARTESIAN_POINT('',(0.1676,0.19745,0.00825000000000123));
#4614=CARTESIAN_POINT('',(0.1676,0.1977,0.00825000000000123));
#4615=CARTESIAN_POINT('',(0.1796,0.1977,0.00825000000000112));
#4616=CARTESIAN_POINT('',(0.1796,0.1977,0.00800000000000112));
#4617=CARTESIAN_POINT('',(0.1676,0.1977,0.00800000000000123));
#4618=CARTESIAN_POINT('',(0.1676,0.19815,0.00800000000000123));
#4619=CARTESIAN_POINT('',(0.1796,0.1977,0.00800000000000112));
#4620=CARTESIAN_POINT('',(0.1796,0.195,0.00630000000000111));
#4621=CARTESIAN_POINT('',(-0.0294999999910062,-0.562894487117614,0.339999691711586));
#4622=CARTESIAN_POINT('',(0.,0.,-0.00104));
#4623=CARTESIAN_POINT('',(4.81482486096809E-35,0.,-0.00104));
#4624=CARTESIAN_POINT('',(0.001,0.,-0.00104));
#4625=CARTESIAN_POINT('',(0.0005,0.000866025403784439,-0.00104));
#4626=CARTESIAN_POINT('',(0.001,0.,-0.00104));
#4627=CARTESIAN_POINT('',(0.001,0.000577350269189626,-0.00104));
#4628=CARTESIAN_POINT('',(0.0005,0.000866025403784439,-0.00104));
#4629=CARTESIAN_POINT('',(0.,0.,-0.00104));
#4630=CARTESIAN_POINT('',(4.81482486096809E-35,0.,-0.00104));
#4631=CARTESIAN_POINT('',(-0.0005,0.000866025403784439,-0.00104));
#4632=CARTESIAN_POINT('',(0.0005,0.000866025403784439,-0.00104));
#4633=CARTESIAN_POINT('',(-1.3010426069826E-18,0.00115470053837925,-0.00104));
#4634=CARTESIAN_POINT('',(-0.0005,0.000866025403784438,-0.00104));
#4635=CARTESIAN_POINT('',(0.,0.,-0.00104));
#4636=CARTESIAN_POINT('',(4.81482486096809E-35,0.,-0.00104));
#4637=CARTESIAN_POINT('',(-0.001,-6.10330130122145E-19,-0.00104));
#4638=CARTESIAN_POINT('',(-0.0005,0.000866025403784438,-0.00104));
#4639=CARTESIAN_POINT('',(-0.001,0.000577350269189625,-0.00104));
#4640=CARTESIAN_POINT('',(-0.001,-5.28561397380839E-19,-0.00104));
#4641=CARTESIAN_POINT('',(0.,0.,-0.00104));
#4642=CARTESIAN_POINT('',(4.81482486096809E-35,0.,-0.00104));
#4643=CARTESIAN_POINT('',(-0.0005,-0.000866025403784439,-0.00104));
#4644=CARTESIAN_POINT('',(-0.001,-5.28561397380839E-19,-0.00104));
#4645=CARTESIAN_POINT('',(-0.001,-0.000577350269189626,-0.00104));
#4646=CARTESIAN_POINT('',(-0.0005,-0.000866025403784439,-0.00104));
#4647=CARTESIAN_POINT('',(0.,0.,-0.00104));
#4648=CARTESIAN_POINT('',(4.81482486096809E-35,0.,-0.00104));
#4649=CARTESIAN_POINT('',(0.0005,-0.000866025403784438,-0.00104));
#4650=CARTESIAN_POINT('',(-0.0005,-0.000866025403784439,-0.00104));
#4651=CARTESIAN_POINT('',(1.0842021724855E-19,-0.00115470053837925,-0.00104));
#4652=CARTESIAN_POINT('',(0.0005,-0.000866025403784439,-0.00104));
#4653=CARTESIAN_POINT('',(-0.00065,0.,0.));
#4654=CARTESIAN_POINT('',(0.,0.,0.));
#4655=CARTESIAN_POINT('',(-0.0013,0.,0.));
#4656=CARTESIAN_POINT('',(0.0005,0.000866025403784439,0.));
#4657=CARTESIAN_POINT('',(-1.3010426069826E-18,0.00115470053837925,0.));
#4658=CARTESIAN_POINT('',(0.001,0.000577350269189626,0.));
#4659=CARTESIAN_POINT('',(0.001,0.,0.));
#4660=CARTESIAN_POINT('',(0.001,-0.000577350269189626,0.));
#4661=CARTESIAN_POINT('',(0.0005,-0.000866025403784439,0.));
#4662=CARTESIAN_POINT('',(1.0842021724855E-19,-0.00115470053837925,0.));
#4663=CARTESIAN_POINT('',(-0.0005,-0.000866025403784439,0.));
#4664=CARTESIAN_POINT('',(-0.001,-0.000577350269189626,0.));
#4665=CARTESIAN_POINT('',(-0.001,-5.28561397380839E-19,0.));
#4666=CARTESIAN_POINT('',(-0.001,0.000577350269189625,0.));
#4667=CARTESIAN_POINT('',(-0.0005,0.000866025403784438,0.));
#4668=CARTESIAN_POINT('',(0.,0.,-0.00175));
#4669=CARTESIAN_POINT('',(0.,0.,-0.00165));
#4670=CARTESIAN_POINT('',(-0.0016,0.,-0.00165));
#4671=CARTESIAN_POINT('',(0.,0.,-0.00175));
#4672=CARTESIAN_POINT('',(-0.0015,0.,-0.00175));
#4673=CARTESIAN_POINT('',(0.,0.,0.00127209592840993));
#4674=CARTESIAN_POINT('',(0.,0.,-0.0093793670625));
#4675=CARTESIAN_POINT('',(0.0015,0.,-0.0093793670625));
#4676=CARTESIAN_POINT('',(-0.00087081455068829,0.,-0.00965));
#4677=CARTESIAN_POINT('',(0.,0.,-0.00965));
#4678=CARTESIAN_POINT('',(0.0012293670625,0.,-0.00965));
#4679=CARTESIAN_POINT('',(0.,0.,-0.00277424242424243));
#4680=CARTESIAN_POINT('',(0.,0.,-0.00165));
#4681=CARTESIAN_POINT('',(-0.00285,0.,-0.00165));
#4682=CARTESIAN_POINT('',(-0.00197727344006639,0.,-0.00165));
#4683=CARTESIAN_POINT('',(0.0005,0.000866025403784439,-0.00104));
#4684=CARTESIAN_POINT('',(-1.3010426069826E-18,0.00115470053837925,-0.00104));
#4685=CARTESIAN_POINT('',(0.001,0.000577350269189626,-0.00104));
#4686=CARTESIAN_POINT('',(-0.0005,0.000866025403784438,-0.00104));
#4687=CARTESIAN_POINT('',(-0.001,0.000577350269189625,-0.00104));
#4688=CARTESIAN_POINT('',(-0.001,-5.28561397380839E-19,-0.00104));
#4689=CARTESIAN_POINT('',(-0.001,-0.000577350269189626,-0.00104));
#4690=CARTESIAN_POINT('',(-0.0005,-0.000866025403784439,-0.00104));
#4691=CARTESIAN_POINT('',(1.0842021724855E-19,-0.00115470053837925,-0.00104));
#4692=CARTESIAN_POINT('',(0.0005,-0.000866025403784439,-0.00104));
#4693=CARTESIAN_POINT('',(0.001,-0.000577350269189626,-0.00104));
#4694=CARTESIAN_POINT('',(0.001,-0.000577350269189626,-0.00104));
#4695=CARTESIAN_POINT('',(0.0005,-0.000866025403784439,-0.00104));
#4696=CARTESIAN_POINT('',(0.001,0.,-0.00104));
#4697=CARTESIAN_POINT('',(0.001,0.,-0.00104));
#4698=CARTESIAN_POINT('',(0.,0.,-0.00104));
#4699=CARTESIAN_POINT('',(4.81482486096809E-35,0.,-0.00104));
#4700=CARTESIAN_POINT('',(4.81482486096809E-35,0.,-0.00104));
#4701=CARTESIAN_POINT('',(-1.62630325872826E-19,0.,-0.0014039702342662));
#4702=CARTESIAN_POINT('',(0.,0.,-0.00965));
#4703=CARTESIAN_POINT('',(0.14509996842978,-0.36789448716809,0.325149340049027));
#4704=CARTESIAN_POINT('',(-0.145100029811089,-0.36789448716809,0.325149923185381));
#4705=CARTESIAN_POINT('',(0.1,0.185,-0.00899999999999949));
#4706=CARTESIAN_POINT('',(-0.12,0.185,-0.00899999999999943));
#4707=CARTESIAN_POINT('',(-0.12,0.185,-0.00899999999999943));
#4708=CARTESIAN_POINT('',(-0.12,0.185,-0.00299999999999943));
#4709=CARTESIAN_POINT('',(0.1,0.185,-0.00899999999999949));
#4710=CARTESIAN_POINT('',(0.18,0.185,-0.00899999999999951));
#4711=CARTESIAN_POINT('',(0.18,0.185,-0.00899999999999952));
#4712=CARTESIAN_POINT('',(0.18,0.185,-0.00299999999999951));
#4713=CARTESIAN_POINT('',(0.1,0.185,-0.00299999999999949));
#4714=CARTESIAN_POINT('',(0.1,0.185,-0.00299999999999949));
#4715=CARTESIAN_POINT('',(-0.12,0.1855,-0.00299999999999943));
#4716=CARTESIAN_POINT('',(-0.12,0.187,-0.00299999999999943));
#4717=CARTESIAN_POINT('',(0.18,0.186,-0.00299999999999951));
#4718=CARTESIAN_POINT('',(0.18,0.187,-0.00299999999999951));
#4719=CARTESIAN_POINT('',(0.1,0.187,-0.00299999999999949));
#4720=CARTESIAN_POINT('',(0.1,0.186,-0.00899999999999949));
#4721=CARTESIAN_POINT('',(-0.12,0.186,-0.00899999999999943));
#4722=CARTESIAN_POINT('',(-0.12,0.186,-0.00999999999999943));
#4723=CARTESIAN_POINT('',(0.1,0.186,-0.00999999999999949));
#4724=CARTESIAN_POINT('',(0.18,0.186,-0.00999999999999951));
#4725=CARTESIAN_POINT('',(0.18,0.186,-0.00899999999999951));
#4726=CARTESIAN_POINT('',(0.1,0.192,-0.00799999999999949));
#4727=CARTESIAN_POINT('',(-0.12,0.192,-0.00849999999999943));
#4728=CARTESIAN_POINT('',(-0.12,0.192,-0.00799999999999943));
#4729=CARTESIAN_POINT('',(-0.12,0.192,-0.00999999999999943));
#4730=CARTESIAN_POINT('',(0.1,0.192,-0.00799999999999949));
#4731=CARTESIAN_POINT('',(0.18,0.192,-0.00799999999999951));
#4732=CARTESIAN_POINT('',(0.18,0.192,-0.00899999999999952));
#4733=CARTESIAN_POINT('',(0.18,0.192,-0.00999999999999951));
#4734=CARTESIAN_POINT('',(0.1,0.192,-0.00999999999999949));
#4735=CARTESIAN_POINT('',(0.1,0.192,-0.00999999999999949));
#4736=CARTESIAN_POINT('',(-0.12,0.189,-0.00999999999999943));
#4737=CARTESIAN_POINT('',(0.18,0.186,-0.00999999999999951));
#4738=CARTESIAN_POINT('',(0.1,0.187,-0.00299999999999949));
#4739=CARTESIAN_POINT('',(-0.12,0.187,-0.00599999999999943));
#4740=CARTESIAN_POINT('',(-0.12,0.187,-0.00599999999999943));
#4741=CARTESIAN_POINT('',(0.18,0.187,-0.00899999999999952));
#4742=CARTESIAN_POINT('',(0.18,0.187,-0.00599999999999951));
#4743=CARTESIAN_POINT('',(0.1,0.187,-0.00599999999999949));
#4744=CARTESIAN_POINT('',(0.1,0.187,-0.00599999999999949));
#4745=CARTESIAN_POINT('',(-0.12,0.1865,-0.00599999999999943));
#4746=CARTESIAN_POINT('',(-0.12,0.18793933982822,-0.00599999999999943));
#4747=CARTESIAN_POINT('',(0.18,0.186,-0.00599999999999951));
#4748=CARTESIAN_POINT('',(0.18,0.187939339828221,-0.00599999999999951));
#4749=CARTESIAN_POINT('',(0.1,0.187939339828221,-0.00599999999999949));
#4750=CARTESIAN_POINT('',(0.1,0.187939339828221,-0.00599999999999949));
#4751=CARTESIAN_POINT('',(-0.12,0.186704504871165,-0.00723483495705448));
#4752=CARTESIAN_POINT('',(-0.12,0.191,-0.00293933982821961));
#4753=CARTESIAN_POINT('',(0.18,0.18546966991411,-0.00846966991411002));
#4754=CARTESIAN_POINT('',(0.18,0.191,-0.0029393398282197));
#4755=CARTESIAN_POINT('',(0.1,0.191,-0.00293933982821967));
#4756=CARTESIAN_POINT('',(0.1,0.191,-0.00293933982821967));
#4757=CARTESIAN_POINT('',(-0.12,0.191,-0.00596966991410952));
#4758=CARTESIAN_POINT('',(-0.12,0.191,-0.000519615242270094));
#4759=CARTESIAN_POINT('',(0.18,0.191,-0.00899999999999952));
#4760=CARTESIAN_POINT('',(0.18,0.191,-0.000519615242270176));
#4761=CARTESIAN_POINT('',(0.1,0.191,-0.000519615242270154));
#4762=CARTESIAN_POINT('',(0.1,0.191,-0.000519615242270154));
#4763=CARTESIAN_POINT('',(-0.12,0.188538942841485,-0.00478229128114915));
#4764=CARTESIAN_POINT('',(-0.12,0.1913,5.70065435828711E-16));
#4765=CARTESIAN_POINT('',(0.18,0.18607788568297,-0.00904496732002828));
#4766=CARTESIAN_POINT('',(0.18,0.1913,4.86553679290813E-16));
#4767=CARTESIAN_POINT('',(0.1,0.1913,5.08758139783324E-16));
#4768=CARTESIAN_POINT('',(0.1,0.1913,5.08804109955437E-16));
#4769=CARTESIAN_POINT('',(-0.12,0.192586057158515,-0.00222751633998505));
#4770=CARTESIAN_POINT('',(-0.12,0.191,0.000519615242271235));
#4771=CARTESIAN_POINT('',(0.18,0.19387211431703,-0.00445503267997076));
#4772=CARTESIAN_POINT('',(0.18,0.191,0.00051961524227115));
#4773=CARTESIAN_POINT('',(0.1,0.191,0.000519615242271172));
#4774=CARTESIAN_POINT('',(0.1,0.191,-0.00293933982821967));
#4775=CARTESIAN_POINT('',(-0.12,0.191,-0.00899999999999943));
#4776=CARTESIAN_POINT('',(-0.12,0.191,0.00293933982822074));
#4777=CARTESIAN_POINT('',(0.18,0.191,-0.00899999999999952));
#4778=CARTESIAN_POINT('',(0.18,0.191,0.00293933982822066));
#4779=CARTESIAN_POINT('',(0.1,0.191,0.00293933982822068));
#4780=CARTESIAN_POINT('',(0.1,0.191,0.00293933982822068));
#4781=CARTESIAN_POINT('',(-0.12,0.192734834957055,0.0012045048711657));
#4782=CARTESIAN_POINT('',(-0.12,0.18793933982822,0.00600000000000057));
#4783=CARTESIAN_POINT('',(0.18,0.19446966991411,-0.00053033008588942));
#4784=CARTESIAN_POINT('',(0.18,0.187939339828221,0.00600000000000049));
#4785=CARTESIAN_POINT('',(0.1,0.187939339828221,0.00600000000000051));
#4786=CARTESIAN_POINT('',(0.1,0.187939339828221,0.00600000000000051));
#4787=CARTESIAN_POINT('',(-0.12,0.18696966991411,0.00600000000000057));
#4788=CARTESIAN_POINT('',(-0.12,0.187,0.00600000000000057));
#4789=CARTESIAN_POINT('',(0.18,0.186,0.00600000000000048));
#4790=CARTESIAN_POINT('',(0.18,0.187,0.00600000000000049));
#4791=CARTESIAN_POINT('',(0.1,0.187,0.00600000000000051));
#4792=CARTESIAN_POINT('',(0.1,0.187,-0.00299999999999949));
#4793=CARTESIAN_POINT('',(-0.12,0.187,-0.00899999999999943));
#4794=CARTESIAN_POINT('',(-0.12,0.187,0.00300000000000057));
#4795=CARTESIAN_POINT('',(0.18,0.187,-0.00899999999999952));
#4796=CARTESIAN_POINT('',(0.18,0.187,0.00300000000000049));
#4797=CARTESIAN_POINT('',(0.1,0.187,0.00300000000000051));
#4798=CARTESIAN_POINT('',(0.1,0.187,0.00300000000000051));
#4799=CARTESIAN_POINT('',(-0.12,0.1865,0.00300000000000057));
#4800=CARTESIAN_POINT('',(-0.12,0.185,0.00300000000000057));
#4801=CARTESIAN_POINT('',(0.18,0.186,0.00300000000000049));
#4802=CARTESIAN_POINT('',(0.18,0.185,0.00300000000000049));
#4803=CARTESIAN_POINT('',(0.1,0.185,0.00300000000000051));
#4804=CARTESIAN_POINT('',(0.1,0.185,-0.00899999999999949));
#4805=CARTESIAN_POINT('',(-0.12,0.185,-0.00899999999999943));
#4806=CARTESIAN_POINT('',(-0.12,0.185,0.00900000000000057));
#4807=CARTESIAN_POINT('',(0.18,0.185,-0.00899999999999952));
#4808=CARTESIAN_POINT('',(0.18,0.185,0.00900000000000049));
#4809=CARTESIAN_POINT('',(0.1,0.185,0.00900000000000051));
#4810=CARTESIAN_POINT('',(0.1,0.186,0.00900000000000051));
#4811=CARTESIAN_POINT('',(-0.12,0.186,0.00900000000000057));
#4812=CARTESIAN_POINT('',(-0.12,0.186,0.0100000000000006));
#4813=CARTESIAN_POINT('',(0.18,0.186,0.00900000000000049));
#4814=CARTESIAN_POINT('',(0.18,0.186,0.0100000000000005));
#4815=CARTESIAN_POINT('',(0.1,0.186,0.0100000000000005));
#4816=CARTESIAN_POINT('',(0.1,0.186,0.0100000000000005));
#4817=CARTESIAN_POINT('',(-0.12,0.186,0.0100000000000006));
#4818=CARTESIAN_POINT('',(-0.12,0.192,0.0100000000000006));
#4819=CARTESIAN_POINT('',(0.18,0.186,0.0100000000000005));
#4820=CARTESIAN_POINT('',(0.18,0.192,0.0100000000000005));
#4821=CARTESIAN_POINT('',(0.1,0.192,0.0100000000000005));
#4822=CARTESIAN_POINT('',(0.1,0.192,-0.00799999999999949));
#4823=CARTESIAN_POINT('',(-0.12,0.192,-0.00899999999999943));
#4824=CARTESIAN_POINT('',(-0.12,0.192,0.00800000000000057));
#4825=CARTESIAN_POINT('',(0.18,0.192,-0.00899999999999952));
#4826=CARTESIAN_POINT('',(0.18,0.192,0.00800000000000049));
#4827=CARTESIAN_POINT('',(0.1,0.192,0.00800000000000051));
#4828=CARTESIAN_POINT('',(0.1,0.192,0.00800000000000051));
#4829=CARTESIAN_POINT('',(-0.12,0.189,0.00800000000000057));
#4830=CARTESIAN_POINT('',(-0.12,0.189,0.00800000000000057));
#4831=CARTESIAN_POINT('',(0.18,0.186,0.00800000000000049));
#4832=CARTESIAN_POINT('',(0.18,0.189,0.00800000000000049));
#4833=CARTESIAN_POINT('',(0.1,0.189,0.00800000000000051));
#4834=CARTESIAN_POINT('',(0.1,0.189,-0.00706066017177932));
#4835=CARTESIAN_POINT('',(-0.12,0.189,-0.00899999999999943));
#4836=CARTESIAN_POINT('',(-0.12,0.189,0.00706066017178039));
#4837=CARTESIAN_POINT('',(0.18,0.189,-0.00899999999999951));
#4838=CARTESIAN_POINT('',(0.18,0.189,0.00706066017178032));
#4839=CARTESIAN_POINT('',(0.1,0.189,0.00706066017178034));
#4840=CARTESIAN_POINT('',(0.1,0.189,0.00706066017178033));
#4841=CARTESIAN_POINT('',(-0.12,0.192265165042945,0.00379549512883543));
#4842=CARTESIAN_POINT('',(-0.12,0.19206066017178,0.00400000000000057));
#4843=CARTESIAN_POINT('',(0.18,0.19553033008589,0.000530330085890386));
#4844=CARTESIAN_POINT('',(0.18,0.19206066017178,0.00400000000000049));
#4845=CARTESIAN_POINT('',(0.1,0.19206066017178,0.00400000000000051));
#4846=CARTESIAN_POINT('',(0.1,0.19206066017178,0.00400000000000051));
#4847=CARTESIAN_POINT('',(-0.12,0.18903033008589,0.00400000000000057));
#4848=CARTESIAN_POINT('',(-0.12,0.194480384757729,0.00400000000000058));
#4849=CARTESIAN_POINT('',(0.18,0.186,0.00400000000000048));
#4850=CARTESIAN_POINT('',(0.18,0.194480384757729,0.00400000000000049));
#4851=CARTESIAN_POINT('',(0.1,0.194480384757729,0.00400000000000051));
#4852=CARTESIAN_POINT('',(0.1,0.194480384757729,0.00400000000000051));
#4853=CARTESIAN_POINT('',(-0.12,0.19411482303588,0.00421105715851557));
#4854=CARTESIAN_POINT('',(-0.12,0.195,0.00370000000000058));
#4855=CARTESIAN_POINT('',(0.18,0.193749261314031,0.00442211431703031));
#4856=CARTESIAN_POINT('',(0.18,0.195,0.00370000000000049));
#4857=CARTESIAN_POINT('',(0.1,0.195,0.00370000000000051));
#4858=CARTESIAN_POINT('',(0.1,0.195,0.00370000000000051));
#4859=CARTESIAN_POINT('',(-0.12,0.188875369342985,0.000163942841485586));
#4860=CARTESIAN_POINT('',(-0.12,0.19551961524227,0.00400000000000058));
#4861=CARTESIAN_POINT('',(0.18,0.182750738685969,-0.00337211431702949));
#4862=CARTESIAN_POINT('',(0.18,0.195519615242271,0.00400000000000049));
#4863=CARTESIAN_POINT('',(0.1,0.195519615242271,0.00400000000000051));
#4864=CARTESIAN_POINT('',(0.1,0.19206066017178,0.00400000000000051));
#4865=CARTESIAN_POINT('',(-0.12,0.186,0.00400000000000057));
#4866=CARTESIAN_POINT('',(-0.12,0.19793933982822,0.00400000000000058));
#4867=CARTESIAN_POINT('',(0.18,0.186,0.00400000000000048));
#4868=CARTESIAN_POINT('',(0.18,0.197939339828221,0.0040000000000005));
#4869=CARTESIAN_POINT('',(0.1,0.197939339828221,0.00400000000000052));
#4870=CARTESIAN_POINT('',(0.1,0.187939339828221,-0.00599999999999949));
#4871=CARTESIAN_POINT('',(-0.12,0.18546966991411,-0.00846966991410953));
#4872=CARTESIAN_POINT('',(-0.12,0.201,0.0070606601717804));
#4873=CARTESIAN_POINT('',(0.18,0.18546966991411,-0.00846966991411002));
#4874=CARTESIAN_POINT('',(0.18,0.201,0.00706066017178031));
#4875=CARTESIAN_POINT('',(0.1,0.201,0.00706066017178033));
#4876=CARTESIAN_POINT('',(0.1,0.201,-0.00799999999999949));
#4877=CARTESIAN_POINT('',(-0.12,0.201,-0.00899999999999943));
#4878=CARTESIAN_POINT('',(-0.12,0.201,0.00800000000000057));
#4879=CARTESIAN_POINT('',(0.18,0.201,-0.00899999999999951));
#4880=CARTESIAN_POINT('',(0.18,0.201,0.00800000000000049));
#4881=CARTESIAN_POINT('',(0.1,0.201,0.00800000000000051));
#4882=CARTESIAN_POINT('',(0.1,0.192,0.00800000000000051));
#4883=CARTESIAN_POINT('',(-0.12,0.186,0.00800000000000057));
#4884=CARTESIAN_POINT('',(-0.12,0.198,0.00800000000000057));
#4885=CARTESIAN_POINT('',(0.18,0.186,0.00800000000000049));
#4886=CARTESIAN_POINT('',(0.18,0.198,0.00800000000000049));
#4887=CARTESIAN_POINT('',(0.1,0.198,0.00800000000000051));
#4888=CARTESIAN_POINT('',(0.1,0.198,-0.00999999999999949));
#4889=CARTESIAN_POINT('',(-0.12,0.198,-0.00899999999999943));
#4890=CARTESIAN_POINT('',(-0.12,0.198,0.0100000000000006));
#4891=CARTESIAN_POINT('',(0.18,0.198,-0.00899999999999951));
#4892=CARTESIAN_POINT('',(0.18,0.198,0.0100000000000005));
#4893=CARTESIAN_POINT('',(0.1,0.198,0.0100000000000005));
#4894=CARTESIAN_POINT('',(0.1,0.186,0.0100000000000005));
#4895=CARTESIAN_POINT('',(-0.12,0.186,0.0100000000000006));
#4896=CARTESIAN_POINT('',(-0.12,0.204,0.0100000000000006));
#4897=CARTESIAN_POINT('',(0.18,0.186,0.0100000000000005));
#4898=CARTESIAN_POINT('',(0.18,0.204,0.0100000000000005));
#4899=CARTESIAN_POINT('',(0.1,0.204,0.0100000000000005));
#4900=CARTESIAN_POINT('',(0.1,0.204,0.00900000000000052));
#4901=CARTESIAN_POINT('',(-0.12,0.204,0.00900000000000058));
#4902=CARTESIAN_POINT('',(-0.12,0.205,0.00900000000000058));
#4903=CARTESIAN_POINT('',(0.18,0.204,0.0090000000000005));
#4904=CARTESIAN_POINT('',(0.18,0.205,0.0090000000000005));
#4905=CARTESIAN_POINT('',(0.1,0.205,0.00900000000000052));
#4906=CARTESIAN_POINT('',(0.1,0.205,-0.00299999999999949));
#4907=CARTESIAN_POINT('',(-0.12,0.205,-0.00899999999999942));
#4908=CARTESIAN_POINT('',(-0.12,0.205,0.00300000000000058));
#4909=CARTESIAN_POINT('',(0.18,0.205,-0.00899999999999951));
#4910=CARTESIAN_POINT('',(0.18,0.205,0.0030000000000005));
#4911=CARTESIAN_POINT('',(0.1,0.205,0.00300000000000052));
#4912=CARTESIAN_POINT('',(0.1,0.187,0.00300000000000051));
#4913=CARTESIAN_POINT('',(-0.12,0.186,0.00300000000000057));
#4914=CARTESIAN_POINT('',(-0.12,0.203,0.00300000000000058));
#4915=CARTESIAN_POINT('',(0.18,0.186,0.00300000000000049));
#4916=CARTESIAN_POINT('',(0.18,0.203,0.0030000000000005));
#4917=CARTESIAN_POINT('',(0.1,0.203,0.00300000000000052));
#4918=CARTESIAN_POINT('',(0.1,0.203,-0.00599999999999949));
#4919=CARTESIAN_POINT('',(-0.12,0.203,-0.00899999999999942));
#4920=CARTESIAN_POINT('',(-0.12,0.203,0.00600000000000058));
#4921=CARTESIAN_POINT('',(0.18,0.203,-0.00899999999999955));
#4922=CARTESIAN_POINT('',(0.18,0.203,0.00600000000000049));
#4923=CARTESIAN_POINT('',(0.1,0.203,0.00600000000000051));
#4924=CARTESIAN_POINT('',(0.1,0.187939339828221,0.00600000000000051));
#4925=CARTESIAN_POINT('',(-0.12,0.186,0.00600000000000057));
#4926=CARTESIAN_POINT('',(-0.12,0.20206066017178,0.00600000000000058));
#4927=CARTESIAN_POINT('',(0.18,0.186,0.00600000000000048));
#4928=CARTESIAN_POINT('',(0.18,0.20206066017178,0.00600000000000049));
#4929=CARTESIAN_POINT('',(0.1,0.20206066017178,0.00600000000000051));
#4930=CARTESIAN_POINT('',(0.1,0.19206066017178,-0.00399999999999949));
#4931=CARTESIAN_POINT('',(-0.12,0.18653033008589,-0.00953033008588936));
#4932=CARTESIAN_POINT('',(-0.12,0.199,0.00293933982822076));
#4933=CARTESIAN_POINT('',(0.18,0.18653033008589,-0.00953033008588952));
#4934=CARTESIAN_POINT('',(0.18,0.199,0.00293933982822068));
#4935=CARTESIAN_POINT('',(0.1,0.199,0.0029393398282207));
#4936=CARTESIAN_POINT('',(0.1,0.199,-0.000519615242270146));
#4937=CARTESIAN_POINT('',(-0.12,0.199,-0.00899999999999943));
#4938=CARTESIAN_POINT('',(-0.12,0.199,0.00051961524227124));
#4939=CARTESIAN_POINT('',(0.18,0.199,-0.00899999999999951));
#4940=CARTESIAN_POINT('',(0.18,0.199,0.000519615242271158));
#4941=CARTESIAN_POINT('',(0.1,0.199,0.00051961524227118));
#4942=CARTESIAN_POINT('',(0.1,0.199,0.00051961524227118));
#4943=CARTESIAN_POINT('',(-0.12,0.195313942841485,-0.00586482303587969));
#4944=CARTESIAN_POINT('',(-0.12,0.1987,5.77677922858341E-16));
#4945=CARTESIAN_POINT('',(0.18,0.19162788568297,-0.0122492613140307));
#4946=CARTESIAN_POINT('',(0.18,0.1987,4.94873066136903E-16));
#4947=CARTESIAN_POINT('',(0.1,0.1987,5.17077526629414E-16));
#4948=CARTESIAN_POINT('',(0.1,0.1987,5.17041964798156E-16));
#4949=CARTESIAN_POINT('',(-0.12,0.199061057158515,-0.000625369342983833));
#4950=CARTESIAN_POINT('',(-0.12,0.199,-0.000519615242270086));
#4951=CARTESIAN_POINT('',(0.18,0.19942211431703,-0.00125073868596834));
#4952=CARTESIAN_POINT('',(0.18,0.199,-0.000519615242270168));
#4953=CARTESIAN_POINT('',(0.1,0.199,-0.000519615242270146));
#4954=CARTESIAN_POINT('',(0.1,0.199,-0.000519615242270146));
#4955=CARTESIAN_POINT('',(-0.12,0.199,-0.00475980762113476));
#4956=CARTESIAN_POINT('',(-0.12,0.199,-0.0029393398282196));
#4957=CARTESIAN_POINT('',(0.18,0.199,-0.00899999999999951));
#4958=CARTESIAN_POINT('',(0.18,0.199,-0.00293933982821971));
#4959=CARTESIAN_POINT('',(0.1,0.199,-0.00293933982821968));
#4960=CARTESIAN_POINT('',(0.1,0.189,0.00706066017178033));
#4961=CARTESIAN_POINT('',(-0.12,0.19553033008589,0.000530330085890484));
#4962=CARTESIAN_POINT('',(-0.12,0.20206066017178,-0.00599999999999943));
#4963=CARTESIAN_POINT('',(0.18,0.19553033008589,0.000530330085890386));
#4964=CARTESIAN_POINT('',(0.18,0.20206066017178,-0.00599999999999951));
#4965=CARTESIAN_POINT('',(0.1,0.20206066017178,-0.00599999999999949));
#4966=CARTESIAN_POINT('',(0.1,0.187,-0.00599999999999949));
#4967=CARTESIAN_POINT('',(-0.12,0.186,-0.00599999999999943));
#4968=CARTESIAN_POINT('',(-0.12,0.203,-0.00599999999999943));
#4969=CARTESIAN_POINT('',(0.18,0.186,-0.00599999999999951));
#4970=CARTESIAN_POINT('',(0.18,0.203,-0.00599999999999951));
#4971=CARTESIAN_POINT('',(0.1,0.203,-0.00599999999999949));
#4972=CARTESIAN_POINT('',(0.1,0.203,-0.00599999999999949));
#4973=CARTESIAN_POINT('',(-0.12,0.203,-0.00749999999999943));
#4974=CARTESIAN_POINT('',(-0.12,0.203,-0.00299999999999943));
#4975=CARTESIAN_POINT('',(0.18,0.203,-0.00899999999999955));
#4976=CARTESIAN_POINT('',(0.18,0.203,-0.00299999999999951));
#4977=CARTESIAN_POINT('',(0.1,0.203,-0.00299999999999949));
#4978=CARTESIAN_POINT('',(0.1,0.185,-0.00299999999999949));
#4979=CARTESIAN_POINT('',(-0.12,0.186,-0.00299999999999943));
#4980=CARTESIAN_POINT('',(-0.12,0.205,-0.00299999999999943));
#4981=CARTESIAN_POINT('',(0.18,0.186,-0.00299999999999951));
#4982=CARTESIAN_POINT('',(0.18,0.205,-0.00299999999999951));
#4983=CARTESIAN_POINT('',(0.1,0.205,-0.00299999999999949));
#4984=CARTESIAN_POINT('',(0.1,0.205,-0.00299999999999949));
#4985=CARTESIAN_POINT('',(-0.12,0.205,-0.00599999999999942));
#4986=CARTESIAN_POINT('',(-0.12,0.205,-0.00899999999999942));
#4987=CARTESIAN_POINT('',(0.18,0.205,-0.00899999999999951));
#4988=CARTESIAN_POINT('',(0.18,0.205,-0.0089999999999995));
#4989=CARTESIAN_POINT('',(0.1,0.205,-0.00899999999999948));
#4990=CARTESIAN_POINT('',(0.1,0.204,-0.00899999999999948));
#4991=CARTESIAN_POINT('',(-0.12,0.204,-0.00899999999999942));
#4992=CARTESIAN_POINT('',(-0.12,0.204,-0.00999999999999942));
#4993=CARTESIAN_POINT('',(0.18,0.204,-0.0089999999999995));
#4994=CARTESIAN_POINT('',(0.18,0.204,-0.0099999999999995));
#4995=CARTESIAN_POINT('',(0.1,0.204,-0.00999999999999948));
#4996=CARTESIAN_POINT('',(0.1,0.192,-0.00999999999999949));
#4997=CARTESIAN_POINT('',(-0.12,0.186,-0.00999999999999943));
#4998=CARTESIAN_POINT('',(-0.12,0.198,-0.00999999999999943));
#4999=CARTESIAN_POINT('',(0.18,0.186,-0.00999999999999951));
#5000=CARTESIAN_POINT('',(0.18,0.198,-0.00999999999999951));
#5001=CARTESIAN_POINT('',(0.1,0.198,-0.00999999999999949));
#5002=CARTESIAN_POINT('',(0.1,0.198,-0.00999999999999949));
#5003=CARTESIAN_POINT('',(-0.12,0.198,-0.00949999999999943));
#5004=CARTESIAN_POINT('',(-0.12,0.198,-0.00799999999999943));
#5005=CARTESIAN_POINT('',(0.18,0.198,-0.00899999999999951));
#5006=CARTESIAN_POINT('',(0.18,0.198,-0.00799999999999951));
#5007=CARTESIAN_POINT('',(0.1,0.198,-0.00799999999999949));
#5008=CARTESIAN_POINT('',(0.1,0.189,-0.00799999999999949));
#5009=CARTESIAN_POINT('',(-0.12,0.186,-0.00799999999999943));
#5010=CARTESIAN_POINT('',(-0.12,0.201,-0.00799999999999943));
#5011=CARTESIAN_POINT('',(0.18,0.186,-0.00799999999999951));
#5012=CARTESIAN_POINT('',(0.18,0.201,-0.00799999999999951));
#5013=CARTESIAN_POINT('',(0.1,0.201,-0.00799999999999949));
#5014=CARTESIAN_POINT('',(0.1,0.201,-0.00799999999999949));
#5015=CARTESIAN_POINT('',(-0.12,0.201,-0.00849999999999943));
#5016=CARTESIAN_POINT('',(-0.12,0.201,-0.00706066017177925));
#5017=CARTESIAN_POINT('',(0.18,0.201,-0.00899999999999951));
#5018=CARTESIAN_POINT('',(0.18,0.201,-0.00706066017177933));
#5019=CARTESIAN_POINT('',(0.1,0.201,-0.00706066017177931));
#5020=CARTESIAN_POINT('',(0.1,0.191,0.00293933982822068));
#5021=CARTESIAN_POINT('',(-0.12,0.19446966991411,-0.000530330085889324));
#5022=CARTESIAN_POINT('',(-0.12,0.19793933982822,-0.00399999999999943));
#5023=CARTESIAN_POINT('',(0.18,0.19446966991411,-0.00053033008588942));
#5024=CARTESIAN_POINT('',(0.18,0.197939339828221,-0.00399999999999952));
#5025=CARTESIAN_POINT('',(0.1,0.197939339828221,-0.00399999999999949));
#5026=CARTESIAN_POINT('',(0.1,0.194480384757729,-0.00399999999999949));
#5027=CARTESIAN_POINT('',(-0.12,0.186,-0.00399999999999943));
#5028=CARTESIAN_POINT('',(-0.12,0.19551961524227,-0.00399999999999943));
#5029=CARTESIAN_POINT('',(0.18,0.186,-0.00399999999999952));
#5030=CARTESIAN_POINT('',(0.18,0.195519615242271,-0.00399999999999952));
#5031=CARTESIAN_POINT('',(0.1,0.195519615242271,-0.00399999999999949));
#5032=CARTESIAN_POINT('',(0.1,0.195519615242271,-0.00399999999999949));
#5033=CARTESIAN_POINT('',(-0.12,0.19303229128115,-0.00256394284148444));
#5034=CARTESIAN_POINT('',(-0.12,0.195,-0.00369999999999943));
#5035=CARTESIAN_POINT('',(0.18,0.190544967320029,-0.0011278856829694));
#5036=CARTESIAN_POINT('',(0.18,0.195,-0.00369999999999952));
#5037=CARTESIAN_POINT('',(0.1,0.195,-0.00369999999999949));
#5038=CARTESIAN_POINT('',(0.1,0.195,-0.00369999999999949));
#5039=CARTESIAN_POINT('',(-0.12,0.190477516339985,-0.00631105715851442));
#5040=CARTESIAN_POINT('',(-0.12,0.194480384757729,-0.00399999999999943));
#5041=CARTESIAN_POINT('',(0.18,0.185955032679971,-0.00892211431702949));
#5042=CARTESIAN_POINT('',(0.18,0.194480384757729,-0.00399999999999952));
#5043=CARTESIAN_POINT('',(0.1,0.194480384757729,-0.00399999999999949));
#5044=CARTESIAN_POINT('',(0.1,0.194480384757729,-0.00399999999999949));
#5045=CARTESIAN_POINT('',(-0.12,0.190240192378864,-0.00399999999999943));
#5046=CARTESIAN_POINT('',(-0.12,0.19206066017178,-0.00399999999999943));
#5047=CARTESIAN_POINT('',(0.18,0.186,-0.00399999999999952));
#5048=CARTESIAN_POINT('',(0.18,0.19206066017178,-0.00399999999999952));
#5049=CARTESIAN_POINT('',(0.1,0.19206066017178,-0.00399999999999949));
#5050=CARTESIAN_POINT('',(0.1,0.19206066017178,-0.00399999999999949));
#5051=CARTESIAN_POINT('',(-0.12,0.189295495128835,-0.00676516504294439));
#5052=CARTESIAN_POINT('',(-0.12,0.189,-0.00706066017177926));
#5053=CARTESIAN_POINT('',(0.18,0.18653033008589,-0.00953033008588952));
#5054=CARTESIAN_POINT('',(0.18,0.189,-0.00706066017177934));
#5055=CARTESIAN_POINT('',(0.1,0.189,-0.00706066017177932));
#5056=CARTESIAN_POINT('',(0.1,0.189,-0.00706066017177932));
#5057=CARTESIAN_POINT('',(-0.12,0.189,-0.00803033008588934));
#5058=CARTESIAN_POINT('',(-0.12,0.189,-0.00799999999999943));
#5059=CARTESIAN_POINT('',(0.18,0.189,-0.00899999999999951));
#5060=CARTESIAN_POINT('',(0.18,0.189,-0.00799999999999951));
#5061=CARTESIAN_POINT('',(0.1,0.189,-0.00799999999999949));
#5062=CARTESIAN_POINT('',(0.1,0.189,-0.00799999999999949));
#5063=CARTESIAN_POINT('',(-0.12,0.1875,-0.00799999999999943));
#5064=CARTESIAN_POINT('',(0.18,0.186,-0.00799999999999951));
#5065=CARTESIAN_POINT('',(-0.12,0.186,-0.00899999999999943));
#5066=CARTESIAN_POINT('',(-0.12,0.195,5.73208147613965E-16));
#5067=CARTESIAN_POINT('',(-0.12,0.195,-0.00209999999999943));
#5068=CARTESIAN_POINT('',(0.18,0.186,-0.00899999999999952));
#5069=CARTESIAN_POINT('',(0.18,0.195,4.90496532279361E-16));
#5070=CARTESIAN_POINT('',(0.18,0.1929,4.90496532279361E-16));
#5071=CARTESIAN_POINT('',(0.1,0.195,5.12700992771872E-16));
#5072=CARTESIAN_POINT('',(-0.0294999999910062,-0.562894487117614,0.339999691711586));
#5073=CARTESIAN_POINT('',(0.145100028070409,-0.367894487067137,0.354849340048967));
#5074=CARTESIAN_POINT('',(-0.14509997017046,-0.367894487067137,0.354849923185321));
#5075=CARTESIAN_POINT('',(-0.1076,0.192483026446167,0.0100523464062833));
#5076=CARTESIAN_POINT('',(-0.116868456268937,0.196471824613802,0.00430000000000044));
#5077=CARTESIAN_POINT('',(-0.116477370294191,0.196647791451153,0.0044220191116493));
#5078=CARTESIAN_POINT('',(-0.115601793456846,0.196840608516384,0.00457549073448625));
#5079=CARTESIAN_POINT('',(-0.114722865058339,0.196647897346642,0.00442209254181202));
#5080=CARTESIAN_POINT('',(-0.114331543731063,0.196471824613802,0.00430000000000067));
#5081=CARTESIAN_POINT('',(-0.116868456268937,0.196471824613802,0.00430000000000044));
#5082=CARTESIAN_POINT('',(-0.114331543731063,0.196471824613802,0.00430000000000067));
#5083=CARTESIAN_POINT('',(-0.1076,0.196471824613802,0.00430000000000027));
#5084=CARTESIAN_POINT('',(-0.1196,0.196471824613802,0.0043000000000002));
#5085=CARTESIAN_POINT('',(-0.1196,0.192483026446167,0.0100523464062832));
#5086=CARTESIAN_POINT('',(-0.1196,0.198779663728202,0.00699418373263619));
#5087=CARTESIAN_POINT('',(-0.1076,0.198779663728202,0.00699418373263627));
#5088=CARTESIAN_POINT('',(-0.1071,0.198779663728202,0.00699418373263633));
#5089=CARTESIAN_POINT('',(-0.1071,0.192483026446167,0.0100523464062833));
#5090=CARTESIAN_POINT('',(-0.1071,0.196471824613802,0.00430000000000033));
#5091=CARTESIAN_POINT('',(-0.1076,0.196471824613802,0.00430000000000027));
#5092=CARTESIAN_POINT('',(-0.1156,0.195,0.00970421172358954));
#5093=CARTESIAN_POINT('',(-0.1156,0.195,0.00820000000000057));
#5094=CARTESIAN_POINT('',(-0.114057,0.195,0.00820000000000057));
#5095=CARTESIAN_POINT('',(-0.1156,0.195,0.00470000000000057));
#5096=CARTESIAN_POINT('',(-0.114057,0.195,0.00470000000000057));
#5097=CARTESIAN_POINT('',(-0.1076,0.197516973553832,0.0100523464062833));
#5098=CARTESIAN_POINT('',(-0.114331543731063,0.193528175386197,0.00430000000000067));
#5099=CARTESIAN_POINT('',(-0.114722629705809,0.193352208548846,0.00442201911164952));
#5100=CARTESIAN_POINT('',(-0.115598206543154,0.193159391483616,0.0045754907344861));
#5101=CARTESIAN_POINT('',(-0.116477134941661,0.193352102653358,0.00442209254181177));
#5102=CARTESIAN_POINT('',(-0.116868456268937,0.193528175386198,0.00430000000000044));
#5103=CARTESIAN_POINT('',(-0.114331543731063,0.193528175386197,0.00430000000000067));
#5104=CARTESIAN_POINT('',(-0.116868456268937,0.193528175386198,0.00430000000000044));
#5105=CARTESIAN_POINT('',(-0.1076,0.193528175386197,0.00430000000000027));
#5106=CARTESIAN_POINT('',(-0.1071,0.193528175386197,0.00430000000000033));
#5107=CARTESIAN_POINT('',(-0.1071,0.197516973553832,0.0100523464062833));
#5108=CARTESIAN_POINT('',(-0.1071,0.191220336271797,0.00699418373263533));
#5109=CARTESIAN_POINT('',(-0.1076,0.191220336271797,0.00699418373263527));
#5110=CARTESIAN_POINT('',(-0.1196,0.191220336271797,0.00699418373263619));
#5111=CARTESIAN_POINT('',(-0.1196,0.197516973553832,0.0100523464062832));
#5112=CARTESIAN_POINT('',(-0.1196,0.193528175386197,0.0043000000000002));
#5113=CARTESIAN_POINT('',(-0.1076,0.193528175386197,0.00430000000000027));
#5114=CARTESIAN_POINT('',(-0.1071,0.195,0.00630000000000133));
#5115=CARTESIAN_POINT('',(-0.1071,0.1923,0.00800000000000134));
#5116=CARTESIAN_POINT('',(-0.1071,0.1923,0.00800000000000134));
#5117=CARTESIAN_POINT('',(-0.1071,0.19185,0.00800000000000134));
#5118=CARTESIAN_POINT('',(-0.1071,0.19185,0.00730000000000133));
#5119=CARTESIAN_POINT('',(-0.1071,0.1955,0.00430000000000033));
#5120=CARTESIAN_POINT('',(-0.1071,0.19815,0.00730000000000133));
#5121=CARTESIAN_POINT('',(-0.1071,0.19815,0.00800000000000034));
#5122=CARTESIAN_POINT('',(-0.1071,0.195,0.00800000000000134));
#5123=CARTESIAN_POINT('',(-0.1071,0.1977,0.00800000000000134));
#5124=CARTESIAN_POINT('',(-0.1071,0.1977,0.00825000000000134));
#5125=CARTESIAN_POINT('',(-0.1071,0.19745,0.00825000000000134));
#5126=CARTESIAN_POINT('',(-0.1071,0.19745,0.00835000000000033));
#5127=CARTESIAN_POINT('',(-0.1071,0.19745,0.00835000000000033));
#5128=CARTESIAN_POINT('',(-0.1071,0.1972,0.00835000000000033));
#5129=CARTESIAN_POINT('',(-0.1071,0.1972,0.00860000000000033));
#5130=CARTESIAN_POINT('',(-0.1071,0.195,0.00860000000000033));
#5131=CARTESIAN_POINT('',(-0.1071,0.1928,0.00860000000000033));
#5132=CARTESIAN_POINT('',(-0.1071,0.1928,0.00835000000000033));
#5133=CARTESIAN_POINT('',(-0.1071,0.19255,0.00835000000000033));
#5134=CARTESIAN_POINT('',(-0.1071,0.19255,0.00835000000000033));
#5135=CARTESIAN_POINT('',(-0.1071,0.19255,0.00825000000000134));
#5136=CARTESIAN_POINT('',(-0.1071,0.1923,0.00825000000000134));
#5137=CARTESIAN_POINT('',(-0.1156,0.195,0.00450000000000056));
#5138=CARTESIAN_POINT('',(-0.1156,0.195,0.00430000000000056));
#5139=CARTESIAN_POINT('',(-0.1156,0.195,0.00430000000000056));
#5140=CARTESIAN_POINT('',(-0.1076,0.196,0.00430000000000027));
#5141=CARTESIAN_POINT('',(-0.1196,0.1955,0.0043000000000002));
#5142=CARTESIAN_POINT('',(-0.1156,0.195,0.00840000000000057));
#5143=CARTESIAN_POINT('',(-0.1156,0.195,0.00860000000000055));
#5144=CARTESIAN_POINT('',(-0.113657,0.195,0.00860000000000055));
#5145=CARTESIAN_POINT('',(-0.1076,0.1928,0.00860000000000027));
#5146=CARTESIAN_POINT('',(-0.1076,0.1972,0.00860000000000027));
#5147=CARTESIAN_POINT('',(-0.1196,0.1972,0.00860000000000019));
#5148=CARTESIAN_POINT('',(-0.1196,0.195,0.00860000000000019));
#5149=CARTESIAN_POINT('',(-0.1196,0.1928,0.00860000000000019));
#5150=CARTESIAN_POINT('',(-0.1076,0.1928,0.00860000000000027));
#5151=CARTESIAN_POINT('',(-0.1076,0.196,0.00430000000000027));
#5152=CARTESIAN_POINT('',(-0.1076,0.19185,0.00730000000000128));
#5153=CARTESIAN_POINT('',(-0.1076,0.19185,0.00800000000000128));
#5154=CARTESIAN_POINT('',(-0.1196,0.19185,0.0080000000000012));
#5155=CARTESIAN_POINT('',(-0.1196,0.19185,0.00730000000000119));
#5156=CARTESIAN_POINT('',(-0.1076,0.19815,0.00730000000000128));
#5157=CARTESIAN_POINT('',(-0.1196,0.19815,0.00730000000000119));
#5158=CARTESIAN_POINT('',(-0.1196,0.19815,0.0080000000000002));
#5159=CARTESIAN_POINT('',(-0.1076,0.19815,0.00800000000000029));
#5160=CARTESIAN_POINT('',(-0.1076,0.19185,0.00800000000000128));
#5161=CARTESIAN_POINT('',(-0.1196,0.195,0.0080000000000012));
#5162=CARTESIAN_POINT('',(-0.1196,0.1977,0.0080000000000012));
#5163=CARTESIAN_POINT('',(-0.1076,0.1977,0.00800000000000128));
#5164=CARTESIAN_POINT('',(-0.1076,0.1977,0.00825000000000128));
#5165=CARTESIAN_POINT('',(-0.1196,0.1977,0.0082500000000012));
#5166=CARTESIAN_POINT('',(-0.1196,0.19745,0.0082500000000012));
#5167=CARTESIAN_POINT('',(-0.1076,0.19745,0.00825000000000128));
#5168=CARTESIAN_POINT('',(-0.1076,0.19745,0.00835000000000027));
#5169=CARTESIAN_POINT('',(-0.1196,0.19745,0.00835000000000019));
#5170=CARTESIAN_POINT('',(-0.1196,0.19745,0.00835000000000019));
#5171=CARTESIAN_POINT('',(-0.1076,0.19745,0.00835000000000027));
#5172=CARTESIAN_POINT('',(-0.1076,0.1972,0.00835000000000027));
#5173=CARTESIAN_POINT('',(-0.1196,0.1972,0.00835000000000019));
#5174=CARTESIAN_POINT('',(-0.1076,0.1928,0.00835000000000027));
#5175=CARTESIAN_POINT('',(-0.1196,0.1928,0.00835000000000019));
#5176=CARTESIAN_POINT('',(-0.1196,0.19255,0.00835000000000019));
#5177=CARTESIAN_POINT('',(-0.1076,0.19255,0.00835000000000027));
#5178=CARTESIAN_POINT('',(-0.1076,0.19255,0.00825000000000128));
#5179=CARTESIAN_POINT('',(-0.1196,0.19255,0.00835000000000019));
#5180=CARTESIAN_POINT('',(-0.1196,0.19255,0.0082500000000012));
#5181=CARTESIAN_POINT('',(-0.1076,0.19255,0.00825000000000128));
#5182=CARTESIAN_POINT('',(-0.1076,0.1923,0.00825000000000128));
#5183=CARTESIAN_POINT('',(-0.1196,0.1923,0.0082500000000012));
#5184=CARTESIAN_POINT('',(-0.1196,0.1923,0.0080000000000012));
#5185=CARTESIAN_POINT('',(-0.1076,0.1923,0.00800000000000128));
#5186=CARTESIAN_POINT('',(-0.1076,0.19185,0.00800000000000128));
#5187=CARTESIAN_POINT('',(-0.1196,0.1923,0.0080000000000012));
#5188=CARTESIAN_POINT('',(-0.1196,0.195,0.00630000000000119));
#5189=CARTESIAN_POINT('',(-0.0294999999910062,-0.562894487117614,0.339999691711586));
#5190=MECHANICAL_DESIGN_GEOMETRIC_PRESENTATION_REPRESENTATION('',(#3053,
#3054,#3055,#3056,#3057,#10,#11,#3058),#5191);
#5191=(
GEOMETRIC_REPRESENTATION_CONTEXT(3)
GLOBAL_UNCERTAINTY_ASSIGNED_CONTEXT((#5198))
GLOBAL_UNIT_ASSIGNED_CONTEXT((#5207,#5206,#5205))
REPRESENTATION_CONTEXT('Assembly 1','TOP_LEVEL_ASSEMBLY_PART')
);
#5192=(
GEOMETRIC_REPRESENTATION_CONTEXT(3)
GLOBAL_UNCERTAINTY_ASSIGNED_CONTEXT((#5199))
GLOBAL_UNIT_ASSIGNED_CONTEXT((#5207,#5206,#5205))
REPRESENTATION_CONTEXT('M3 2020 drop-in T-nut_3','COMPONENT_PART')
);
#5193=(
GEOMETRIC_REPRESENTATION_CONTEXT(3)
GLOBAL_UNCERTAINTY_ASSIGNED_CONTEXT((#5200))
GLOBAL_UNIT_ASSIGNED_CONTEXT((#5207,#5206,#5205))
REPRESENTATION_CONTEXT('M3 2020 drop-in T-nut_2','COMPONENT_PART')
);
#5194=(
GEOMETRIC_REPRESENTATION_CONTEXT(3)
GLOBAL_UNCERTAINTY_ASSIGNED_CONTEXT((#5201))
GLOBAL_UNIT_ASSIGNED_CONTEXT((#5207,#5206,#5205))
REPRESENTATION_CONTEXT('M3 2020 drop-in T-nut_2','COMPONENT_PART')
);
#5195=(
GEOMETRIC_REPRESENTATION_CONTEXT(3)
GLOBAL_UNCERTAINTY_ASSIGNED_CONTEXT((#5202))
GLOBAL_UNIT_ASSIGNED_CONTEXT((#5207,#5206,#5205))
REPRESENTATION_CONTEXT('Socket button head screw M3x0.5 x 8',
'COMPONENT_PART')
);
#5196=(
GEOMETRIC_REPRESENTATION_CONTEXT(3)
GLOBAL_UNCERTAINTY_ASSIGNED_CONTEXT((#5203))
GLOBAL_UNIT_ASSIGNED_CONTEXT((#5207,#5206,#5205))
REPRESENTATION_CONTEXT('_HFSB5-2020-300','COMPONENT_PART')
);
#5197=(
GEOMETRIC_REPRESENTATION_CONTEXT(3)
GLOBAL_UNCERTAINTY_ASSIGNED_CONTEXT((#5204))
GLOBAL_UNIT_ASSIGNED_CONTEXT((#5207,#5206,#5205))
REPRESENTATION_CONTEXT('M3 2020 drop-in T-nut_3','COMPONENT_PART')
);
#5198=UNCERTAINTY_MEASURE_WITH_UNIT(LENGTH_MEASURE(1.E-8),#5207,
'DISTANCE_ACCURACY_VALUE','Maximum Tolerance applied to model');
#5199=UNCERTAINTY_MEASURE_WITH_UNIT(LENGTH_MEASURE(2.E-5),#5207,
'DISTANCE_ACCURACY_VALUE','Maximum Tolerance applied to model');
#5200=UNCERTAINTY_MEASURE_WITH_UNIT(LENGTH_MEASURE(2.E-5),#5207,
'DISTANCE_ACCURACY_VALUE','Maximum Tolerance applied to model');
#5201=UNCERTAINTY_MEASURE_WITH_UNIT(LENGTH_MEASURE(2.E-5),#5207,
'DISTANCE_ACCURACY_VALUE','Maximum Tolerance applied to model');
#5202=UNCERTAINTY_MEASURE_WITH_UNIT(LENGTH_MEASURE(1.E-8),#5207,
'DISTANCE_ACCURACY_VALUE','Maximum Tolerance applied to model');
#5203=UNCERTAINTY_MEASURE_WITH_UNIT(LENGTH_MEASURE(1.E-6),#5207,
'DISTANCE_ACCURACY_VALUE','Maximum Tolerance applied to model');
#5204=UNCERTAINTY_MEASURE_WITH_UNIT(LENGTH_MEASURE(2.E-5),#5207,
'DISTANCE_ACCURACY_VALUE','Maximum Tolerance applied to model');
#5205=(
NAMED_UNIT(*)
SI_UNIT($,.STERADIAN.)
SOLID_ANGLE_UNIT()
);
#5206=(
NAMED_UNIT(*)
PLANE_ANGLE_UNIT()
SI_UNIT($,.RADIAN.)
);
#5207=(
LENGTH_UNIT()
NAMED_UNIT(*)
SI_UNIT($,.METRE.)
);
#5208=PRODUCT_DEFINITION_SHAPE('','',#5224);
#5209=PRODUCT_DEFINITION_SHAPE('','',#5225);
#5210=PRODUCT_DEFINITION_SHAPE(' ','NAUO PRDDFN',#24);
#5211=PRODUCT_DEFINITION_SHAPE('','',#5226);
#5212=PRODUCT_DEFINITION_SHAPE(' ','NAUO PRDDFN',#25);
#5213=PRODUCT_DEFINITION_SHAPE('','',#5227);
#5214=PRODUCT_DEFINITION_SHAPE(' ','NAUO PRDDFN',#26);
#5215=PRODUCT_DEFINITION_SHAPE('','',#5228);
#5216=PRODUCT_DEFINITION_SHAPE(' ','NAUO PRDDFN',#27);
#5217=PRODUCT_DEFINITION_SHAPE(' ','NAUO PRDDFN',#28);
#5218=PRODUCT_DEFINITION_SHAPE('','',#5229);
#5219=PRODUCT_DEFINITION_SHAPE(' ','NAUO PRDDFN',#29);
#5220=PRODUCT_DEFINITION_SHAPE(' ','NAUO PRDDFN',#30);
#5221=PRODUCT_DEFINITION_SHAPE(' ','NAUO PRDDFN',#31);
#5222=PRODUCT_DEFINITION_SHAPE('','',#5230);
#5223=PRODUCT_DEFINITION_SHAPE(' ','NAUO PRDDFN',#32);
#5224=PRODUCT_DEFINITION('','',#5238,#5231);
#5225=PRODUCT_DEFINITION('','',#5239,#5232);
#5226=PRODUCT_DEFINITION('','',#5240,#5233);
#5227=PRODUCT_DEFINITION('','',#5241,#5234);
#5228=PRODUCT_DEFINITION('','',#5242,#5235);
#5229=PRODUCT_DEFINITION('','',#5243,#5236);
#5230=PRODUCT_DEFINITION('','',#5244,#5237);
#5231=PRODUCT_DEFINITION_CONTEXT('',#5274,'design');
#5232=PRODUCT_DEFINITION_CONTEXT('',#5274,'design');
#5233=PRODUCT_DEFINITION_CONTEXT('',#5274,'design');
#5234=PRODUCT_DEFINITION_CONTEXT('',#5274,'design');
#5235=PRODUCT_DEFINITION_CONTEXT('',#5274,'design');
#5236=PRODUCT_DEFINITION_CONTEXT('',#5274,'design');
#5237=PRODUCT_DEFINITION_CONTEXT('',#5274,'design');
#5238=PRODUCT_DEFINITION_FORMATION_WITH_SPECIFIED_SOURCE('','',#5252,
 .NOT_KNOWN.);
#5239=PRODUCT_DEFINITION_FORMATION_WITH_SPECIFIED_SOURCE('','',#5253,
 .NOT_KNOWN.);
#5240=PRODUCT_DEFINITION_FORMATION_WITH_SPECIFIED_SOURCE('','',#5254,
 .NOT_KNOWN.);
#5241=PRODUCT_DEFINITION_FORMATION_WITH_SPECIFIED_SOURCE('','',#5255,
 .NOT_KNOWN.);
#5242=PRODUCT_DEFINITION_FORMATION_WITH_SPECIFIED_SOURCE('','',#5256,
 .NOT_KNOWN.);
#5243=PRODUCT_DEFINITION_FORMATION_WITH_SPECIFIED_SOURCE('','',#5257,
 .NOT_KNOWN.);
#5244=PRODUCT_DEFINITION_FORMATION_WITH_SPECIFIED_SOURCE('','',#5258,
 .NOT_KNOWN.);
#5245=PRODUCT_RELATED_PRODUCT_CATEGORY('','',(#5252));
#5246=PRODUCT_RELATED_PRODUCT_CATEGORY('','',(#5253));
#5247=PRODUCT_RELATED_PRODUCT_CATEGORY('','',(#5254));
#5248=PRODUCT_RELATED_PRODUCT_CATEGORY('','',(#5255));
#5249=PRODUCT_RELATED_PRODUCT_CATEGORY('','',(#5256));
#5250=PRODUCT_RELATED_PRODUCT_CATEGORY('','',(#5257));
#5251=PRODUCT_RELATED_PRODUCT_CATEGORY('','',(#5258));
#5252=PRODUCT('Assembly 1','Assembly 1','Assembly 1',(#5266));
#5253=PRODUCT('M3 2020 drop-in T-nut_3','M3 2020 drop-in T-nut_3',
'M3 2020 drop-in T-nut_3',(#5267));
#5254=PRODUCT('M3 2020 drop-in T-nut_2','M3 2020 drop-in T-nut_2',
'M3 2020 drop-in T-nut_2',(#5268));
#5255=PRODUCT('M3 2020 drop-in T-nut_2','M3 2020 drop-in T-nut_2',
'M3 2020 drop-in T-nut_2',(#5269));
#5256=PRODUCT('Socket button head screw M3x0.5 x 8',
'Socket button head screw M3x0.5 x 8',
'Socket button head screw M3x0.5 x 8',(#5270));
#5257=PRODUCT('_HFSB5-2020-300','_HFSB5-2020-300','_HFSB5-2020-300',(#5271));
#5258=PRODUCT('M3 2020 drop-in T-nut_3','M3 2020 drop-in T-nut_3',
'M3 2020 drop-in T-nut_3',(#5272));
#5259=PRODUCT_CATEGORY('','');
#5260=PRODUCT_CATEGORY('','');
#5261=PRODUCT_CATEGORY('','');
#5262=PRODUCT_CATEGORY('','');
#5263=PRODUCT_CATEGORY('','');
#5264=PRODUCT_CATEGORY('','');
#5265=PRODUCT_CATEGORY('','');
#5266=PRODUCT_CONTEXT('',#5274,'mechanical');
#5267=PRODUCT_CONTEXT('',#5274,'mechanical');
#5268=PRODUCT_CONTEXT('',#5274,'mechanical');
#5269=PRODUCT_CONTEXT('',#5274,'mechanical');
#5270=PRODUCT_CONTEXT('',#5274,'mechanical');
#5271=PRODUCT_CONTEXT('',#5274,'mechanical');
#5272=PRODUCT_CONTEXT('',#5274,'mechanical');
#5273=APPLICATION_PROTOCOL_DEFINITION('international standard',
'ap242_managed_model_based_3d_engineering',2011,#5274);
#5274=APPLICATION_CONTEXT('managed model based 3d engineering');
ENDSEC;
END-ISO-10303-21;
